-- MySQL dump 10.13  Distrib 8.0.28, for Linux (x86_64)
--
-- Host: localhost    Database: mailshub_db
-- ------------------------------------------------------
-- Server version	8.0.28

/*!40101 SET @OLD_CHARACTER_SET_CLIENT=@@CHARACTER_SET_CLIENT */;
/*!40101 SET @OLD_CHARACTER_SET_RESULTS=@@CHARACTER_SET_RESULTS */;
/*!40101 SET @OLD_COLLATION_CONNECTION=@@COLLATION_CONNECTION */;
/*!50503 SET NAMES utf8 */;
/*!40103 SET @OLD_TIME_ZONE=@@TIME_ZONE */;
/*!40103 SET TIME_ZONE='+00:00' */;
/*!40014 SET @OLD_UNIQUE_CHECKS=@@UNIQUE_CHECKS, UNIQUE_CHECKS=0 */;
/*!40014 SET @OLD_FOREIGN_KEY_CHECKS=@@FOREIGN_KEY_CHECKS, FOREIGN_KEY_CHECKS=0 */;
/*!40101 SET @OLD_SQL_MODE=@@SQL_MODE, SQL_MODE='NO_AUTO_VALUE_ON_ZERO' */;
/*!40111 SET @OLD_SQL_NOTES=@@SQL_NOTES, SQL_NOTES=0 */;

--
-- Table structure for table `Campaign_flow`
--

DROP TABLE IF EXISTS `Campaign_flow`;
/*!40101 SET @saved_cs_client     = @@character_set_client */;
/*!50503 SET character_set_client = utf8 */;
CREATE TABLE `Campaign_flow` (
  `flow_ID` int NOT NULL AUTO_INCREMENT,
  `CampID` int NOT NULL,
  `Camp_Status` varchar(200) NOT NULL,
  `Flow_activity_date` timestamp(6) NOT NULL DEFAULT CURRENT_TIMESTAMP(6),
  PRIMARY KEY (`flow_ID`),
  KEY `fk_campid` (`CampID`)
) ENGINE=InnoDB AUTO_INCREMENT=94 DEFAULT CHARSET=utf8mb3;
/*!40101 SET character_set_client = @saved_cs_client */;

--
-- Dumping data for table `Campaign_flow`
--

LOCK TABLES `Campaign_flow` WRITE;
/*!40000 ALTER TABLE `Campaign_flow` DISABLE KEYS */;
INSERT INTO `Campaign_flow` VALUES (1,30,'Holded','2021-11-15 07:22:52.137220'),(2,30,'Holded','2021-11-16 10:34:38.130904'),(3,30,'Holded','2021-11-16 10:55:08.444537'),(4,30,'Holded','2021-11-16 10:55:34.212307'),(5,30,'Holded','2021-11-16 10:56:19.388607'),(6,30,'Holded','2021-11-16 10:57:21.041904'),(7,30,'Holded','2021-11-16 11:31:16.077866'),(8,30,'Holded','2021-11-16 11:32:23.349493'),(9,30,'Holded','2021-11-16 11:36:12.009202'),(10,30,'Holded','2021-11-16 11:37:42.763723'),(11,30,'Holded','2021-11-16 11:41:40.058419'),(12,30,'Holded','2021-11-16 11:42:38.878935'),(13,30,'Holded','2021-11-16 11:42:45.707718'),(14,30,'Holded','2021-11-16 11:45:30.409520'),(15,30,'Holded','2021-11-16 11:47:58.304070'),(16,30,'Holded','2021-11-17 04:01:08.792501'),(17,30,'Holded','2021-11-17 04:46:37.990444'),(18,30,'Holded','2021-11-17 04:46:54.904594'),(19,30,'Holded','2021-11-17 05:10:43.058736'),(20,30,'Holded','2021-11-18 04:42:57.931402'),(21,30,'Holded','2021-11-18 04:45:20.612314'),(22,30,'Holded','2021-11-18 04:45:28.985920'),(23,30,'Holded','2021-11-18 04:47:28.442218'),(24,30,'Holded','2021-11-18 04:47:31.384337'),(25,30,'Holded','2021-11-18 04:47:39.052222'),(26,30,'Holded','2021-11-18 04:47:49.658942'),(27,30,'Holded','2021-11-18 04:50:09.472314'),(28,30,'Holded','2021-11-18 06:34:53.020566'),(29,30,'Holded','2021-11-19 04:49:36.479675'),(30,30,'Holded','2021-11-19 05:10:38.267337'),(31,30,'Holded','2021-11-19 05:10:47.045686'),(32,30,'Holded','2021-11-19 05:11:23.389767'),(33,30,'Holded','2021-11-22 05:08:28.786154'),(34,30,'Holded','2021-11-22 05:08:41.799338'),(35,30,'Holded','2021-11-22 05:12:06.821898'),(36,30,'Holded','2021-11-22 05:26:24.822782'),(37,30,'Holded','2021-11-22 05:26:30.121305'),(38,30,'Holded','2021-11-22 05:27:51.544628'),(39,30,'Holded','2021-11-30 06:58:06.313201'),(40,30,'Holded','2021-11-30 10:03:02.338552'),(41,30,'Holded','2021-11-30 10:09:07.452650'),(42,30,'Holded','2021-11-30 11:39:09.844551'),(43,30,'Holded','2021-11-30 11:41:00.153219'),(44,30,'Holded','2021-12-01 06:04:52.688266'),(45,30,'Holded','2021-12-01 06:05:20.880286'),(46,30,'Holded','2021-12-01 06:16:25.997177'),(47,30,'Holded','2021-12-01 06:44:07.106860'),(48,30,'Holded','2021-12-02 04:38:42.667393'),(49,30,'Holded','2021-12-02 04:38:49.222707'),(50,30,'Holded','2021-12-02 04:54:48.084564'),(51,30,'Holded','2021-12-07 04:04:02.121906'),(52,30,'Holded','2021-12-07 04:05:44.956152'),(53,30,'Holded','2021-12-07 04:08:59.110417'),(61,30,'Holded','2021-12-07 06:59:37.064068'),(62,30,'Holded','2021-12-13 10:04:28.516262'),(63,30,'Holded','2021-12-13 10:47:39.609673'),(64,30,'Holded','2021-12-13 10:48:36.004652'),(65,30,'Holded','2021-12-13 10:50:52.147062'),(66,30,'Holded','2021-12-14 03:51:39.359291'),(67,30,'Holded','2021-12-14 04:11:04.897036'),(68,30,'Holded','2021-12-20 06:26:24.455073'),(69,30,'Holded','2021-12-20 06:29:33.639302'),(70,30,'Holded','2021-12-20 06:33:04.315823'),(71,30,'Holded','2021-12-20 06:36:25.103963'),(72,30,'Holded','2022-01-05 11:02:08.931280'),(73,30,'Holded','2022-01-05 11:12:09.528072'),(74,30,'Holded','2022-01-06 05:10:55.136241'),(75,30,'Holded','2022-01-06 09:31:22.147469'),(76,30,'Holded','2022-01-06 09:31:36.541556'),(77,30,'Holded','2022-01-06 09:32:38.398455'),(78,30,'Holded','2022-01-07 07:19:01.684901'),(79,30,'Holded','2022-01-12 04:40:54.688570'),(80,30,'Holded','2022-01-12 04:40:58.321331'),(81,30,'Holded','2022-01-12 05:45:09.405997'),(82,30,'Holded','2022-01-12 06:31:07.767826'),(83,30,'Holded','2022-01-12 06:53:44.514876'),(84,30,'Holded','2022-01-12 07:39:54.500313'),(85,30,'Holded','2022-01-12 09:59:11.588480'),(86,30,'Holded','2022-01-12 09:59:58.022600'),(87,30,'Holded','2022-01-12 11:00:18.136219'),(88,30,'Holded','2022-01-20 05:52:09.569233'),(89,30,'Holded','2022-01-20 05:53:51.485911'),(90,30,'Holded','2022-01-20 06:00:43.552273'),(91,30,'Holded','2022-01-20 06:07:44.607322'),(92,30,'Holded','2022-01-20 09:59:38.412864'),(93,58,'Edit Campaign','2022-01-31 06:49:40.948744');
/*!40000 ALTER TABLE `Campaign_flow` ENABLE KEYS */;
UNLOCK TABLES;

--
-- Table structure for table `Campaign_type`
--

DROP TABLE IF EXISTS `Campaign_type`;
/*!40101 SET @saved_cs_client     = @@character_set_client */;
/*!50503 SET character_set_client = utf8 */;
CREATE TABLE `Campaign_type` (
  `ctype_id` int NOT NULL AUTO_INCREMENT,
  `ctype_name` varchar(200) NOT NULL,
  `ctype_status` varchar(200) NOT NULL DEFAULT 'Active',
  `ctype_product` varchar(100) NOT NULL DEFAULT 'No',
  `ctype_questionare` varchar(100) NOT NULL DEFAULT 'No',
  `ctype_article_list` varchar(100) NOT NULL DEFAULT 'None',
  `ctype_TOC` varchar(100) NOT NULL DEFAULT 'No',
  PRIMARY KEY (`ctype_id`)
) ENGINE=InnoDB AUTO_INCREMENT=16 DEFAULT CHARSET=utf8mb3;
/*!40101 SET character_set_client = @saved_cs_client */;

--
-- Dumping data for table `Campaign_type`
--

LOCK TABLES `Campaign_type` WRITE;
/*!40000 ALTER TABLE `Campaign_type` DISABLE KEYS */;
INSERT INTO `Campaign_type` VALUES (1,'Other','Active','No','No','None','No'),(2,'Subscriber','Active','No','No','None','No'),(3,'Trial','Active','No','No','None','No'),(4,'Journal General Articles','Active','No','No','None','No'),(5,'Journal Promotion','Active','No','No','None','No'),(6,'Journal Thematic Issues','Active','No','No','None','No'),(7,'Book Authors','Active','No','No','No','No'),(8,'Book editors','Active','No','No','None','No'),(9,'Reviewer','Active','No','No','None','No'),(10,'Journal Board Members','Active','No','No','None','No'),(11,'Journal Executive Guest Editors','Active','No','No','None','No'),(12,'Journal Section Editors','Active','No','No','None','No'),(13,'Journal Editors','Active','No','No','None','No'),(14,'Journal Associate Editors','Active','No','No','None','No'),(15,'Test','In Active','No','Yes','No','Yes');
/*!40000 ALTER TABLE `Campaign_type` ENABLE KEYS */;
UNLOCK TABLES;

--
-- Table structure for table `activity`
--

DROP TABLE IF EXISTS `activity`;
/*!40101 SET @saved_cs_client     = @@character_set_client */;
/*!50503 SET character_set_client = utf8 */;
CREATE TABLE `activity` (
  `activity_id` int NOT NULL AUTO_INCREMENT,
  `author_activity` int DEFAULT NULL,
  `add_authordata` int DEFAULT NULL,
  `add_draft_activity` int DEFAULT NULL,
  `verification_activity` int DEFAULT NULL,
  `activity_succeed` int DEFAULT NULL,
  `CampID` int NOT NULL,
  `AdminId` int DEFAULT NULL,
  PRIMARY KEY (`activity_id`),
  KEY `fk_tbl_activity_tbl_admin` (`AdminId`),
  KEY `fk_tbl_activity_tbl_camp` (`CampID`),
  CONSTRAINT `fk_tbl_activity_tbl_admin` FOREIGN KEY (`AdminId`) REFERENCES `admin` (`AdminId`),
  CONSTRAINT `fk_tbl_activity_tbl_camp` FOREIGN KEY (`CampID`) REFERENCES `campaign` (`CampID`)
) ENGINE=InnoDB AUTO_INCREMENT=45 DEFAULT CHARSET=utf8mb3;
/*!40101 SET character_set_client = @saved_cs_client */;

--
-- Dumping data for table `activity`
--

LOCK TABLES `activity` WRITE;
/*!40000 ALTER TABLE `activity` DISABLE KEYS */;
INSERT INTO `activity` VALUES (2,1,1,1,1,1,16,2),(3,1,1,1,1,1,17,2),(4,1,1,1,1,1,18,2),(5,1,1,1,NULL,NULL,19,2),(6,1,1,1,1,NULL,20,15),(7,1,1,1,NULL,NULL,21,2),(8,1,2,1,1,NULL,22,2),(9,1,2,1,1,NULL,23,2),(15,1,1,1,1,NULL,29,2),(16,1,1,1,1,NULL,30,15),(17,1,1,1,1,NULL,31,15),(18,1,NULL,NULL,NULL,NULL,32,15),(19,1,NULL,NULL,NULL,NULL,33,15),(20,1,1,1,1,NULL,34,15),(21,1,2,1,1,NULL,35,15),(23,1,1,1,1,NULL,37,1),(25,1,NULL,1,1,NULL,39,15),(26,1,NULL,1,1,NULL,40,15),(28,1,1,1,1,NULL,42,2),(41,1,1,1,1,NULL,55,15),(42,1,1,1,1,NULL,56,31),(43,1,NULL,1,NULL,NULL,57,12),(44,1,NULL,1,NULL,NULL,58,15);
/*!40000 ALTER TABLE `activity` ENABLE KEYS */;
UNLOCK TABLES;

--
-- Table structure for table `admin`
--

DROP TABLE IF EXISTS `admin`;
/*!40101 SET @saved_cs_client     = @@character_set_client */;
/*!50503 SET character_set_client = utf8 */;
CREATE TABLE `admin` (
  `AdminId` int NOT NULL AUTO_INCREMENT,
  `fname` varchar(255) DEFAULT NULL,
  `username` varchar(255) DEFAULT NULL,
  `email` varchar(255) DEFAULT NULL,
  `email_status` varchar(20) NOT NULL DEFAULT 'Not Verified',
  `password` varchar(255) DEFAULT NULL,
  `status` varchar(45) CHARACTER SET utf8 COLLATE utf8_general_ci DEFAULT 'In Active',
  `temp_status` varchar(45) DEFAULT NULL,
  `login_time` datetime(6) DEFAULT NULL,
  `logout_time` datetime(6) DEFAULT NULL,
  `added_by` varchar(100) DEFAULT NULL,
  `image` varchar(100) DEFAULT 'add image',
  `Journal_title` varchar(100) DEFAULT NULL,
  `article_title` varchar(100) DEFAULT NULL,
  `Role` varchar(100) DEFAULT NULL,
  `Lastname` varchar(100) DEFAULT NULL,
  `affliation` varchar(100) DEFAULT NULL,
  `Add1` varchar(100) DEFAULT NULL,
  `Add2` varchar(100) DEFAULT NULL,
  `Add3` varchar(100) DEFAULT NULL,
  `Add4` varchar(100) DEFAULT NULL,
  `Country` varchar(100) DEFAULT NULL,
  `add_date` timestamp(6) NOT NULL DEFAULT CURRENT_TIMESTAMP(6),
  PRIMARY KEY (`AdminId`),
  UNIQUE KEY `username` (`username`)
) ENGINE=InnoDB AUTO_INCREMENT=35 DEFAULT CHARSET=utf8mb3;
/*!40101 SET character_set_client = @saved_cs_client */;

--
-- Dumping data for table `admin`
--

LOCK TABLES `admin` WRITE;
/*!40000 ALTER TABLE `admin` DISABLE KEYS */;
INSERT INTO `admin` VALUES (1,'qasit','Qasit','qasit@benthamscience.net','Not Verified','$2y$12$p6jqkxNfQtyVxWgEUgsO7ezkskjVoY7SRr50JAtR4u/YL2/6p9PAC','Active',NULL,'2022-01-06 23:27:44.000000','2022-01-06 23:28:16.000000','Alishba','add image',NULL,'',NULL,NULL,NULL,NULL,NULL,NULL,NULL,NULL,'2021-12-01 05:44:25.807412'),(2,'alishbaa','Alishba','alishbaali@benthamscience.net','Verified','$2y$12$nekEsL3Sdz6zdkMkMnpW1OUuWfxQMcm78ZNREyZu9cxgkovTHikJ6','Active',NULL,'2022-02-01 23:09:59.000000','2022-01-25 02:41:21.000000','Alishba','UP2-20211015.jpg','test_journal',NULL,'test_role','ali',NULL,NULL,NULL,NULL,NULL,NULL,'2021-12-29 05:44:25.807412'),(6,NULL,'beenish','beenish@hotmail.com','Not Verified','$2y$12$zhX2LYlFip3mP6ot6lCwC.867BmH8O0ibkHMx3eklV/GuZ/2uZ/rS','Active',NULL,NULL,NULL,'Alishba','add image',NULL,'',NULL,NULL,NULL,NULL,NULL,NULL,NULL,NULL,'2021-12-29 05:44:25.807412'),(10,NULL,'saeeda','saeeday@benthamscience.net','Not Verified','$2y$12$sddc73MRA0wfd4qNytRfZee1.LGvvu/3HaIv3U8hGsX9LnQz4bRJi','Active','Active','2022-01-28 01:03:14.000000','2022-01-28 01:03:30.000000','qasit','add image',NULL,'',NULL,NULL,NULL,NULL,NULL,NULL,NULL,NULL,'2021-12-29 05:44:25.807412'),(12,NULL,'Alen','Alen@gmail.com','Not Verified','$2y$12$GF/L1idy0bKRRZ6Z7fAeQuKLwhYaZrtVBwCWR2ceLRLlRoYe5GxGS','Terminated','Active','2022-01-07 02:29:46.000000','2022-01-07 02:29:38.000000','Alishba','add image',NULL,'',NULL,NULL,NULL,NULL,NULL,NULL,NULL,NULL,'2021-12-29 05:44:25.807412'),(13,NULL,'ABC','abc@hotmail.com','Not Verified','$2y$12$qQhdo72KPX.0sQnf677S9O5B6kX/kkgK7T00T3JTwsLNpE1TX6bW6','Active',NULL,NULL,NULL,'Alishba','add image',NULL,'',NULL,NULL,NULL,NULL,NULL,NULL,NULL,NULL,'2021-12-29 05:44:25.807412'),(14,NULL,'Sara','Sara@gmail.com','Not Verified','$2y$12$f9yaxy4bFTdI0xRAU6hkFedNwBzzeHgNSFo9Bpo42QdUNSkyfu/my','Active',NULL,NULL,NULL,'Alishba','add image',NULL,NULL,NULL,NULL,NULL,NULL,NULL,NULL,NULL,NULL,'2021-12-29 05:44:25.807412'),(15,'Saeeda','Saeeda Yasmeen','saeedayasmeen@benthamscience.net','Verified','$2y$12$pjvh65C0HIqwCbI5.vdmf.gJ4UdYUudTDHOvp9NRJFtxi1TcGXcNG','Active',NULL,'2022-02-01 22:49:59.000000','2022-01-31 04:45:50.000000','Alishba','UP15-20220125.jpeg','Test Journal',NULL,'Test Role','Yasmeen','Test','ITS company','University Road','Gulshan.e.Iqbal','Block 1A','Pakistan','2021-12-29 05:44:25.807412'),(16,'Urooj','Urooj','urooj@benthamscience.net','Pending','$2y$10$wgD4ujj166Y9kJkHbA9CVOZyN39z8OIkJMiGtPqniCK2K3oDJOZXS','Active',NULL,'2022-01-31 04:50:43.000000',NULL,'Alishba','add image',NULL,NULL,NULL,'Rashid',NULL,NULL,NULL,NULL,NULL,'Pakistan','2021-12-29 05:44:25.807412'),(17,'Org','org_admin 1','admin1test@gmail.com','Verified','$2y$12$KnMsmeE3wEN9fbbF/HFyE.f1Z3xxtqDjUivxyY/.5QBUPQtv2e6AG','Active','Active',NULL,NULL,'Saeeda Yasmeen','add image','test Journal',NULL,'test Role','Admin',NULL,NULL,NULL,NULL,NULL,'Pakistan','2021-12-29 05:44:25.807412'),(18,'org','org_admin2','123@outlook.com','Verified','$2y$12$KnMsmeE3wEN9fbbF/HFyE.f1Z3xxtqDjUivxyY/.5QBUPQtv2e6AG','Active',NULL,NULL,NULL,NULL,'add image',NULL,NULL,NULL,NULL,NULL,NULL,NULL,NULL,NULL,NULL,'2021-12-29 05:44:25.807412'),(19,'org3','org_admin3','1234@outlook.com','Verified','$2y$12$KnMsmeE3wEN9fbbF/HFyE.f1Z3xxtqDjUivxyY/.5QBUPQtv2e6AG','Active',NULL,NULL,NULL,NULL,'add image',NULL,NULL,NULL,NULL,NULL,NULL,NULL,NULL,NULL,NULL,'2021-12-29 05:44:25.807412'),(20,NULL,'Ahsan','ahsan@benthamscience.net','Verified','$2y$12$3/F.CPM7MGfIjYfXlJbE8eiahQUe.2DuQRyR4e0/hXEbH4lqijt9.','Active',NULL,'2021-12-17 00:11:24.000000','2021-12-16 05:40:13.000000','Alishba','add image',NULL,NULL,NULL,NULL,NULL,NULL,NULL,NULL,NULL,NULL,'2021-12-29 05:44:25.807412'),(21,NULL,'Rehman','rehman56@benthamscience.net','Not Verified','$2y$12$cxjjINR4IB1LYr5UB8YpUOQAUrGH2HFuIC207QE0jWJGpxVpY4DXG','Active',NULL,NULL,NULL,'Alishba','add image',NULL,NULL,NULL,NULL,NULL,NULL,NULL,NULL,NULL,NULL,'2021-12-29 05:44:25.807412'),(22,NULL,'Asad','syedasad@benthamscience.net','Verified','$2y$12$N7z0Doqz6qUImTWg/GUWk.i3nFwe8T2H2UhXxWTANakSVEC0Ib9LW','Active',NULL,'2022-02-01 23:59:22.000000','2021-12-27 05:23:14.000000','Alishba','add image',NULL,NULL,NULL,NULL,NULL,NULL,NULL,NULL,NULL,NULL,'2021-12-29 05:44:25.807412'),(25,NULL,'Faisal','Faisal@benthamscience.net','Verified','$2y$12$oH14PSAP4EhE0T6aq70K9uXCKK.0rSZ1z6i2XrBESyVY0ipkj7f3u','Active',NULL,'2021-12-20 02:40:59.000000',NULL,'Alishba','add image',NULL,NULL,NULL,NULL,NULL,NULL,NULL,NULL,NULL,NULL,'2021-12-29 05:44:25.807412'),(31,NULL,'Ayesha_test','ayeshasiddiqui@benthamscience.net','Verified','$2y$12$0uRZrZFkpH5bJHVBWEQ/8.ivSGInodIilXF4bzPw6gfPeZDUuV00u','org_terminated',NULL,'2022-01-06 04:29:16.000000','2022-01-06 04:39:01.000000','Alishba','add image',NULL,NULL,NULL,NULL,NULL,NULL,NULL,NULL,NULL,NULL,'2022-01-06 09:19:09.556483'),(32,NULL,'abeha','abehashahab@benthamscience.net','Verified','$2y$12$Nnpqry..ONieU2SXqu5p1uvVEjRke65Ctfm/Lskxx5ziwX5JsmdnC','Active',NULL,'2022-01-28 00:17:29.000000','2022-01-17 05:55:58.000000','Saeeda Yasmeen','add image',NULL,NULL,'Test Role',NULL,NULL,NULL,NULL,NULL,NULL,NULL,'2022-01-17 10:41:48.398584'),(34,NULL,'TOA-Proxy Admin','NA','Not Verified',NULL,'Active',NULL,NULL,NULL,NULL,'add image',NULL,NULL,NULL,NULL,NULL,NULL,NULL,NULL,NULL,NULL,'2022-01-24 04:21:33.602682');
/*!40000 ALTER TABLE `admin` ENABLE KEYS */;
UNLOCK TABLES;

--
-- Table structure for table `admin_email`
--

DROP TABLE IF EXISTS `admin_email`;
/*!40101 SET @saved_cs_client     = @@character_set_client */;
/*!50503 SET character_set_client = utf8 */;
CREATE TABLE `admin_email` (
  `admin_email_id` int NOT NULL AUTO_INCREMENT,
  `AdminId` int NOT NULL,
  `emails` varchar(50) CHARACTER SET utf8 COLLATE utf8_general_ci NOT NULL,
  `email_type` varchar(20) CHARACTER SET utf8 COLLATE utf8_general_ci NOT NULL,
  `emails_status` varchar(20) CHARACTER SET utf8 COLLATE utf8_general_ci NOT NULL,
  PRIMARY KEY (`admin_email_id`)
) ENGINE=InnoDB AUTO_INCREMENT=5 DEFAULT CHARSET=utf8 COLLATE=utf8_general_ci;
/*!40101 SET character_set_client = @saved_cs_client */;

--
-- Dumping data for table `admin_email`
--

LOCK TABLES `admin_email` WRITE;
/*!40000 ALTER TABLE `admin_email` DISABLE KEYS */;
INSERT INTO `admin_email` VALUES (1,2,'alishbaali@benthamscience.net','Primary','Verified'),(3,2,'alishba94@hotmail.com','Alternate','Verified'),(4,2,'alishba5ahmedali@gmail.com','Alternate','Verified');
/*!40000 ALTER TABLE `admin_email` ENABLE KEYS */;
UNLOCK TABLES;

--
-- Table structure for table `apps_countries`
--

DROP TABLE IF EXISTS `apps_countries`;
/*!40101 SET @saved_cs_client     = @@character_set_client */;
/*!50503 SET character_set_client = utf8 */;
CREATE TABLE `apps_countries` (
  `id` int NOT NULL AUTO_INCREMENT,
  `country_code` varchar(5) NOT NULL DEFAULT '',
  `country_name` varchar(100) NOT NULL DEFAULT '',
  `email_suffix` varchar(5) DEFAULT NULL,
  PRIMARY KEY (`id`)
) ENGINE=InnoDB AUTO_INCREMENT=282 DEFAULT CHARSET=utf8mb3;
/*!40101 SET character_set_client = @saved_cs_client */;

--
-- Dumping data for table `apps_countries`
--

LOCK TABLES `apps_countries` WRITE;
/*!40000 ALTER TABLE `apps_countries` DISABLE KEYS */;
INSERT INTO `apps_countries` VALUES (1,'AF','AFGHANISTAN','.af'),(2,'AL','ALBANIA','.al'),(3,'DZ','ALGERIA','.dz'),(4,'DS','AMERICAN SAMOA','.as'),(5,'AD','ANDORRA','.ad'),(6,'AO','ANGOLA','.ao'),(7,'AI','ANGUILLA','.ai'),(8,'AQ','ANTARCTICA','.aq'),(9,'AG','ANTIGUA AND BARBUDA','.ag'),(10,'AR','ARGENTINA','.ar'),(11,'AM','ARMENIA','.am'),(12,'AW','ARUBA','.aw'),(13,'AU','AUSTRALIA','.au'),(14,'AT','AUSTRIA','.at'),(15,'AZ','AZERBAIJAN','.az'),(16,'BS','BAHAMAS','.bs'),(17,'BH','BAHRAIN','.bh'),(18,'BD','BANGLADESH','.bd'),(19,'BB','BARBADOS','.bb'),(20,'BY','BELARUS','.by'),(21,'BE','BELGIUM','.be'),(22,'BZ','BELIZE','.bz'),(23,'BJ','BENIN','.bj'),(24,'BM','BERMUDA','.bm'),(25,'BT','BHUTAN','.bt'),(26,'BO','BOLIVIA','.bo'),(27,'BA','BOSNIA AND HERZEGOVINA','.ba'),(28,'BW','BOTSWANA','.bw'),(29,'BV','BOUVET ISLAND','.bv'),(30,'BR','BRAZIL','.br'),(31,'IO','BRITISH INDIAN OCEAN TERRITORY','.io'),(32,'BN','BRUNEI','.bn'),(33,'BG','BULGARIA','.bg'),(34,'BF','BURKINA FASO','.bf'),(35,'BI','BURUNDI','.bi'),(36,'KH','CAMBODIA','.kh'),(37,'CM','CAMEROON','.cm'),(38,'CA','CANADA','.ca'),(39,'CV','CAPE VERDE','.cv'),(40,'KY','CAYMAN ISLANDS','.ky'),(41,'CF','CENTRAL AFRICAN REPUBLIC','.cf'),(42,'TD','CHAD','.td'),(43,'CL','CHILE','.cl'),(44,'CN','CHINA','.cn'),(45,'CX','CHRISTMAS ISLAND','.cx'),(46,'CC','COCOS (KEELING) ISLANDS','.cc'),(47,'CO','COLOMBIA','.co'),(48,'KM','COMOROS','.km'),(49,'CG','CONGO-BRAZZAVILLE','.cg'),(50,'CK','COOK ISLANDS','.ck'),(51,'CR','COSTA RICA','.cr'),(52,'HR','CROATIA','.hr'),(53,'CU','CUBA','.cu'),(54,'CY','CYPRUS','.cy'),(55,'CZ','CZECH REPUBLIC','.cz'),(56,'DK','DENMARK','.dk'),(57,'DJ','DJIBOUTI','.dj'),(58,'DM','DOMINICA','.dm'),(59,'DO','DOMINICAN REPUBLIC','.do'),(60,'TP','EAST TIMOR','.tp'),(61,'EC','ECUADOR','.ec'),(62,'EG','EGYPT','.eg'),(63,'SV','EL SALVADOR','.sv'),(64,'GQ','EQUATORIAL GUINEA','.gq'),(65,'ER','ERITREA','.er'),(66,'EE','ESTONIA','.ee'),(67,'ET','ETHIOPIA','.et'),(68,'FK','FALKLAND ISLANDS','.fk'),(69,'FO','FAROE ISLANDS','.fo'),(70,'FJ','FIJI','.fj'),(71,'FI','FINLAND','.fi'),(72,'FR','FRANCE','.fr'),(74,'GF','FRENCH GUIANA','.gf'),(75,'PF','FRENCH POLYNESIA','.pf'),(76,'TF','FRENCH SOUTHERN TERRITORIES','.tf'),(77,'GA','GABON','.ga'),(78,'GM','GAMBIA','.gm'),(79,'GE','GEORGIA','.ge'),(80,'DE','GERMANY','.de'),(81,'GH','GHANA','.gh'),(82,'GI','GIBRALTAR','.gi'),(83,'GK','GUERNSEY','.gk'),(84,'GR','GREECE','.gr'),(85,'GL','GREENLAND','.gl'),(86,'GD','GRENADA','.gd'),(87,'GP','GUADELOUPE','.gp'),(88,'GU','GUAM','.gu'),(89,'GT','GUATEMALA','.gt'),(90,'GN','GUINEA','.gn'),(91,'GW','GUINEA-BISSAU','.gw'),(92,'GY','GUYANA','.gy'),(93,'HT','HAITI','.ht'),(94,'HM','HEARD AND MC DONALD ISLANDS','.hm'),(95,'HN','HONDURAS','.hn'),(96,'HK','HONG KONG','.hk'),(97,'HU','HUNGARY','.hu'),(98,'IS','ICELAND','.is'),(99,'IN','INDIA','.in'),(100,'IM','ISLE OF MAN','.im'),(101,'ID','INDONESIA','.id'),(102,'IR','IRAN','.ir'),(103,'IQ','IRAQ','.iq'),(104,'IE','IRELAND','.ie'),(105,'IL','ISRAEL','.il'),(106,'IT','ITALY','.it'),(107,'CI','IVORY COAST','.ci'),(108,'JE','JERSEY','.je'),(109,'JM','JAMAICA','.jm'),(110,'JP','JAPAN','.jp'),(111,'JO','JORDAN','.jo'),(112,'KZ','KAZAKHSTAN','.kz'),(113,'KE','KENYA','.ke'),(114,'KI','KIRIBATI','.ki'),(115,'KP','KOREA','.kp'),(116,'KR','SOUTH KOREA','.kr'),(117,'XK','KOSOVO','.xk'),(118,'KW','KUWAIT','.kw'),(119,'KG','KYRGYZSTAN','.kg'),(120,'LA','LAOS','.la'),(121,'LV','LATVIA','.lv'),(122,'LB','LEBANON','.lb'),(123,'LS','LESOTHO','.ls'),(124,'LR','LIBERIA','.lr'),(125,'LY','LIBYA','.ly'),(126,'LI','LIECHTENSTEIN','.li'),(127,'LT','LITHUANIA','.lt'),(128,'LU','LUXEMBOURG','.lu'),(129,'MO','MACAU','.mo'),(130,'MK','MACEDONIA','.mk'),(131,'MG','MADAGASCAR','.mg'),(132,'MW','MALAWI','.mw'),(133,'MY','MALAYSIA','.my'),(134,'MV','MALDIVES','.mv'),(135,'ML','MALI','.ml'),(136,'MT','MALTA','.mt'),(137,'MH','MARSHALL ISLANDS','.mh'),(138,'MQ','MARTINIQUE','.mq'),(139,'MR','MAURITANIA','.mr'),(140,'MU','MAURITIUS','.mu'),(141,'YT','MAYOTTE','.yt'),(142,'MX','MEXICO','.mx'),(143,'FM','MICRONESIA','.fm'),(144,'MD','MOLDOVA','.md'),(145,'MC','MONACO','.mc'),(146,'MN','MONGOLIA','.mn'),(147,'ME','MONTENEGRO','.me'),(148,'MS','MONTSERRAT','.ms'),(149,'MA','MOROCCO','.ma'),(150,'MZ','MOZAMBIQUE','.mz'),(151,'MM','MYANMAR','.mm'),(152,'NA','NAMIBIA','.na'),(153,'NR','NAURU','.nr'),(154,'NP','NEPAL','.np'),(155,'NL','NETHERLANDS','.nl'),(156,'AN','NETHERLANDS ANTILLES','.an'),(157,'NC','NEW CALEDONIA','.nc'),(158,'NZ','NEW ZEALAND','.nz'),(159,'NI','NICARAGUA','.ni'),(160,'NE','NIGER','.ne'),(161,'NG','NIGERIA','.ng'),(162,'NU','NIUE','.nu'),(163,'NF','NORFOLK ISLAND','.nf'),(164,'MP','NORTHERN MARIANA ISLANDS','.mp'),(165,'NO','NORWAY','.no'),(166,'OM','OMAN','.om'),(167,'PK','PAKISTAN','.pk'),(168,'PW','PALAU','.pw'),(169,'PS','PALESTINE','.ps'),(170,'PA','PANAMA','.pa'),(171,'PG','PAPUA NEW GUINEA','.pg'),(172,'PY','PARAGUAY','.py'),(173,'PE','PERU','.pe'),(174,'PH','PHILIPPINES','.ph'),(175,'PN','PITCAIRN','.pn'),(176,'PL','POLAND','.pl'),(177,'PT','PORTUGAL','.pt'),(178,'PR','PUERTO RICO','.pr'),(179,'QA','QATAR','.qa'),(180,'RE','REUNION','.re'),(181,'RO','ROMANIA','.ro'),(182,'RU','RUSSIAN FEDERATION','.ru'),(183,'RW','RWANDA','.rw'),(184,'KN','SAINT KITTS AND NEVIS','.kn'),(185,'LC','SAINT LUCIA','.lc'),(186,'VC','SAINT VINCENT AND THE GRENADINES','.vc'),(187,'WS','SAMOA','.ws'),(188,'SM','SAN MARINO','.sm'),(189,'ST','SAO TOME AND PRINCIPE','.st'),(190,'SA','SAUDI ARABIA','.sa'),(191,'SN','SENEGAL','.sn'),(192,'RS','SERBIA','.rs'),(193,'SC','SEYCHELLES','.sc'),(194,'SL','SIERRA LEONE','.sl'),(195,'SG','SINGAPORE','.sg'),(196,'SK','SLOVAKIA','.sk'),(197,'SI','SLOVENIA','.si'),(198,'SB','SOLOMON ISLANDS','.sb'),(199,'SO','SOMALIA','.so'),(200,'ZA','SOUTH AFRICA','.za'),(201,'GS','SOUTH GEORGIA SOUTH SANDWICH ISLANDS','.gs'),(202,'SS','SOUTH SUDAN','.ss'),(203,'ES','SPAIN','.es'),(204,'LK','SRI LANKA','.lk'),(207,'SD','SUDAN','.sd'),(208,'SR','SURINAME','.sr'),(209,'SJ','SVALBARD AND JAN MAYEN ISLANDS','.sj'),(210,'SZ','SWAZILAND','.sz'),(211,'SE','SWEDEN','.se'),(212,'CH','SWITZERLAND','.ch'),(213,'SY','SYRIA','.sy'),(214,'TW','TAIWAN','.tw'),(215,'TJ','TAJIKISTAN','.tj'),(216,'TZ','TANZANIA','.tz'),(217,'TH','THAILAND','.th'),(218,'TG','TOGO','.tg'),(219,'TK','TOKELAU','.tk'),(220,'TO','TONGA','.to'),(221,'TT','TRINIDAD AND TOBAGO','.tt'),(222,'TN','TUNISIA','.tn'),(223,'TR','TURKEY','.tr'),(224,'TM','TURKMENISTAN','.tm'),(225,'TC','TURKS AND CAICOS ISLANDS','.tc'),(226,'TV','TUVALU','.tv'),(227,'UG','UGANDA','.ug'),(228,'UA','UKRAINE','.ua'),(229,'AE','UNITED ARAB EMIRATES','.ae'),(230,'GB','UNITED KINGDOM','.uk'),(231,'US','UNITED STATES','.us'),(232,'UM','UNITED STATES MINOR OUTLYING ISLANDS','.um'),(233,'UY','URUGUAY','.uy'),(234,'UZ','UZBEKISTAN','.uz'),(235,'VU','VANUATU','.vu'),(236,'VA','VATICAN CITY','.va'),(237,'VE','VENEZUELA','.ve'),(238,'VN','VIETNAM','.vn'),(239,'VG','BRITISH VIRGIN ISLANDS','.vg'),(240,'VI','UNITED STATES VIRGIN ISLANDS','.vi'),(241,'WF','WALLIS AND FUTUNA','.wf'),(242,'EH','WESTERN SAHARA','.eh'),(243,'YE','YEMEN','.ye'),(244,'ZR','ZAIRE','.zr'),(245,'ZM','ZAMBIA','.zm'),(246,'ZW','ZIMBABWE','.zw'),(248,'KP','NORTH KOREA','.kp'),(250,'VN','VIET NAM','.vn'),(251,'PF','TAHITI','.pf'),(254,'AX','ÅLAND','.ax'),(255,'AC','ASCENSION ISLAND','.ac'),(256,'EUS','BASQUE COUNTRY','.eus'),(257,'BQ','BONAIRE','.bq'),(258,'CAT','CATALONIA','.cat'),(259,'CD','CONGO-KINSHASA','.cd'),(260,'CI','CÔTE D’IVOIRE','.ci'),(261,'CW','CURAÇAO','.cw'),(262,'EU','EUROPEAN UNION','.eu'),(263,'GAL','GALICIA','.gal'),(264,'GG','GUERNSEY','.gg'),(265,'NL','HOLLAND','.nl'),(266,'MK','NORTH MACEDONIA','.mk'),(267,'UK','NORTHERN IRELAND','.uk'),(268,'UK','ENGLAND','.uk'),(269,'UK','SCOTLAND','.uk'),(270,'UK','GREAT BRITAIN','.uk'),(271,'UK','BRITAIN','.uk'),(272,'UK','WALES','.uk'),(273,'RU','RUSSIA','.ru'),(274,'BQ','SABA','.bq'),(275,'BL','SAINT BARTHÉLEMY','.bl'),(276,'SH','SAINT HELENA','.sh'),(277,'MF','SAINT MARTIN','.mf'),(278,'PM','SAINT-PIERRE AND MIQUELON','.pm'),(280,'CZ','CZECHIA','.cz'),(281,'NL','THE NETHERLANDS','.nl');
/*!40000 ALTER TABLE `apps_countries` ENABLE KEYS */;
UNLOCK TABLES;

--
-- Table structure for table `apps_countries_filter`
--

DROP TABLE IF EXISTS `apps_countries_filter`;
/*!40101 SET @saved_cs_client     = @@character_set_client */;
/*!50503 SET character_set_client = utf8 */;
CREATE TABLE `apps_countries_filter` (
  `acf_id` int NOT NULL AUTO_INCREMENT,
  `id` int NOT NULL,
  `cf_id` int NOT NULL,
  `acf_select_status` varchar(10) NOT NULL DEFAULT 'checked',
  `acf_country_code` varchar(5) NOT NULL,
  `acf_status` varchar(10) NOT NULL DEFAULT 'active',
  PRIMARY KEY (`acf_id`),
  KEY `id` (`id`),
  KEY `cf_id` (`cf_id`)
) ENGINE=InnoDB AUTO_INCREMENT=588 DEFAULT CHARSET=utf8mb3;
/*!40101 SET character_set_client = @saved_cs_client */;

--
-- Dumping data for table `apps_countries_filter`
--

LOCK TABLES `apps_countries_filter` WRITE;
/*!40000 ALTER TABLE `apps_countries_filter` DISABLE KEYS */;
INSERT INTO `apps_countries_filter` VALUES (1,14,1,'checked','AT','active'),(2,18,1,'checked','BD','active'),(3,21,1,'checked','BE','active'),(4,33,1,'checked','BG','active'),(5,52,1,'checked','HR','active'),(6,54,1,'checked','CY','active'),(7,55,1,'checked','CZ','active'),(8,56,1,'checked','DK','active'),(9,62,1,'checked','EG','active'),(10,66,1,'checked','EE','active'),(11,67,1,'checked','ET','active'),(12,71,1,'checked','FI','active'),(13,72,1,'checked','FR','active'),(14,80,1,'checked','DE','active'),(15,84,1,'checked','GR','active'),(16,97,1,'checked','HU','active'),(17,99,1,'checked','IN','active'),(18,102,1,'checked','IR','active'),(19,103,1,'checked','IQ','active'),(20,104,1,'checked','IE','active'),(21,106,1,'checked','IT','active'),(22,113,1,'checked','KE','active'),(23,121,1,'checked','LV','active'),(24,127,1,'checked','LT','active'),(25,128,1,'checked','LU','active'),(26,136,1,'checked','MT','active'),(27,154,1,'checked','NP','active'),(28,155,1,'checked','NL','active'),(29,161,1,'checked','NG','active'),(30,167,1,'checked','PK','active'),(31,176,1,'checked','PL','active'),(32,177,1,'checked','PT','active'),(33,181,1,'checked','RO','active'),(34,196,1,'checked','SK','active'),(35,197,1,'checked','SI','active'),(36,203,1,'checked','ES','active'),(37,207,1,'checked','SD','active'),(38,211,1,'checked','SE','active'),(39,213,1,'checked','SY','active'),(40,230,1,'checked','GB','active'),(41,265,1,'checked','NL','active'),(42,268,1,'checked','UK','active'),(43,269,1,'checked','UK','active'),(44,271,1,'checked','UK','active'),(45,272,1,'checked','UK','active'),(46,281,1,'checked','NL','active'),(64,102,2,'checked','IR','active'),(159,10,3,'checked','AR','active'),(160,13,3,'checked','AU','active'),(161,30,3,'checked','BR','active'),(162,38,3,'checked','CA','active'),(163,44,3,'checked','CN','active'),(164,47,3,'checked','CO','active'),(165,96,3,'checked','HK','active'),(166,98,3,'checked','IS','active'),(167,105,3,'checked','IL','active'),(168,110,3,'checked','JP','active'),(169,116,3,'checked','KR','active'),(170,142,3,'checked','MX','active'),(171,158,3,'checked','NZ','active'),(172,182,3,'checked','RU','active'),(173,195,3,'checked','SG','active'),(174,200,3,'checked','ZA','active'),(175,212,3,'checked','CH','active'),(176,214,3,'checked','TW','active'),(177,217,3,'checked','TH','active'),(178,223,3,'checked','TR','active'),(179,231,3,'checked','US','active'),(180,273,3,'checked','RU','active'),(190,10,4,'checked','AR','active'),(191,13,4,'checked','AU','active'),(192,30,4,'checked','BR','active'),(193,38,4,'checked','CA','active'),(194,44,4,'checked','CN','active'),(195,47,4,'checked','CO','active'),(196,84,4,'unchecked','GR','active'),(197,96,4,'checked','HK','active'),(198,98,4,'checked','IS','active'),(199,105,4,'checked','IL','active'),(200,106,4,'unchecked','IT','active'),(201,110,4,'checked','JP','active'),(202,116,4,'checked','KR','active'),(203,142,4,'checked','MX','active'),(204,158,4,'checked','NZ','active'),(205,165,4,'unchecked','NO','active'),(206,176,4,'unchecked','PL','active'),(207,182,4,'checked','RU','active'),(208,195,4,'checked','SG','active'),(209,200,4,'checked','ZA','active'),(210,203,4,'unchecked','ES','active'),(211,212,4,'checked','CH','active'),(212,214,4,'checked','TW','active'),(213,217,4,'checked','TH','active'),(214,223,4,'checked','TR','active'),(215,230,4,'unchecked','GB','active'),(216,231,4,'checked','US','active'),(217,268,4,'unchecked','UK','active'),(218,269,4,'unchecked','UK','active'),(219,270,4,'unchecked','UK','active'),(220,271,4,'unchecked','UK','active'),(221,272,4,'unchecked','UK','active'),(222,273,4,'checked','RU','active'),(253,14,5,'checked','AT','active'),(254,21,5,'checked','BE','active'),(255,33,5,'checked','BG','active'),(256,52,5,'checked','HR','active'),(257,54,5,'checked','CY','active'),(258,55,5,'checked','CZ','active'),(259,56,5,'checked','DK','active'),(260,66,5,'checked','EE','active'),(261,71,5,'checked','FI','active'),(262,72,5,'checked','FR','active'),(263,80,5,'checked','DE','active'),(264,84,5,'checked','GR','active'),(265,97,5,'checked','HU','active'),(266,104,5,'checked','IE','active'),(267,106,5,'checked','IT','active'),(268,121,5,'checked','LV','active'),(269,127,5,'checked','LT','active'),(270,128,5,'checked','LU','active'),(271,136,5,'checked','MT','active'),(272,155,5,'checked','NL','active'),(273,176,5,'checked','PL','active'),(274,177,5,'checked','PT','active'),(275,181,5,'checked','RO','active'),(276,196,5,'checked','SK','active'),(277,197,5,'checked','SI','active'),(278,203,5,'checked','ES','active'),(279,211,5,'checked','SE','active'),(280,265,5,'checked','NL','active'),(281,280,5,'checked','CZ','active'),(282,281,5,'checked','NL','active'),(284,14,6,'checked','AT','active'),(285,21,6,'checked','BE','active'),(286,33,6,'checked','BG','active'),(287,52,6,'checked','HR','active'),(288,54,6,'checked','CY','active'),(289,55,6,'checked','CZ','active'),(290,56,6,'checked','DK','active'),(291,66,6,'checked','EE','active'),(292,71,6,'checked','FI','active'),(293,72,6,'checked','FR','active'),(294,80,6,'checked','DE','active'),(295,84,6,'checked','GR','active'),(296,97,6,'checked','HU','active'),(297,104,6,'checked','IE','active'),(298,106,6,'checked','IT','active'),(299,121,6,'checked','LV','active'),(300,127,6,'checked','LT','active'),(301,128,6,'checked','LU','active'),(302,136,6,'checked','MT','active'),(303,155,6,'checked','NL','active'),(304,176,6,'checked','PL','active'),(305,177,6,'checked','PT','active'),(306,181,6,'checked','RO','active'),(307,196,6,'checked','SK','active'),(308,197,6,'checked','SI','active'),(309,203,6,'checked','ES','active'),(310,211,6,'checked','SE','active'),(311,265,6,'checked','NL','active'),(312,280,6,'checked','CZ','active'),(313,281,6,'checked','NL','active'),(315,1,7,'checked','AF','active'),(316,2,7,'checked','AL','active'),(317,3,7,'checked','DZ','active'),(318,4,7,'checked','DS','active'),(319,5,7,'checked','AD','active'),(320,6,7,'checked','AO','active'),(321,7,7,'checked','AI','active'),(322,8,7,'checked','AQ','active'),(323,9,7,'checked','AG','active'),(324,10,7,'checked','AR','active'),(325,11,7,'checked','AM','active'),(326,12,7,'checked','AW','active'),(327,13,7,'checked','AU','active'),(328,14,7,'checked','AT','active'),(329,15,7,'checked','AZ','active'),(330,16,7,'checked','BS','active'),(331,17,7,'checked','BH','active'),(332,18,7,'checked','BD','active'),(333,19,7,'checked','BB','active'),(334,20,7,'checked','BY','active'),(335,21,7,'checked','BE','active'),(336,22,7,'checked','BZ','active'),(337,23,7,'checked','BJ','active'),(338,24,7,'checked','BM','active'),(339,25,7,'checked','BT','active'),(340,26,7,'checked','BO','active'),(341,27,7,'checked','BA','active'),(342,28,7,'checked','BW','active'),(343,29,7,'checked','BV','active'),(344,30,7,'checked','BR','active'),(345,31,7,'checked','IO','active'),(346,32,7,'checked','BN','active'),(347,33,7,'checked','BG','active'),(348,34,7,'checked','BF','active'),(349,35,7,'checked','BI','active'),(350,36,7,'checked','KH','active'),(351,37,7,'checked','CM','active'),(352,38,7,'checked','CA','active'),(353,39,7,'checked','CV','active'),(354,40,7,'checked','KY','active'),(355,41,7,'checked','CF','active'),(356,42,7,'checked','TD','active'),(357,43,7,'checked','CL','active'),(358,44,7,'checked','CN','active'),(359,45,7,'checked','CX','active'),(360,46,7,'checked','CC','active'),(361,47,7,'checked','CO','active'),(362,48,7,'checked','KM','active'),(363,49,7,'checked','CG','active'),(364,50,7,'checked','CK','active'),(365,51,7,'checked','CR','active'),(366,52,7,'checked','HR','active'),(367,53,7,'checked','CU','active'),(368,54,7,'checked','CY','active'),(369,55,7,'checked','CZ','active'),(370,56,7,'checked','DK','active'),(371,57,7,'checked','DJ','active'),(372,58,7,'checked','DM','active'),(373,59,7,'checked','DO','active'),(374,60,7,'checked','TP','active'),(375,61,7,'checked','EC','active'),(376,62,7,'checked','EG','active'),(377,63,7,'checked','SV','active'),(378,64,7,'checked','GQ','active'),(379,65,7,'checked','ER','active'),(380,66,7,'checked','EE','active'),(381,67,7,'checked','ET','active'),(382,68,7,'checked','FK','active'),(383,69,7,'checked','FO','active'),(384,70,7,'checked','FJ','active'),(385,71,7,'checked','FI','active'),(386,72,7,'checked','FR','active'),(387,74,7,'checked','GF','active'),(388,75,7,'checked','PF','active'),(389,76,7,'checked','TF','active'),(390,77,7,'checked','GA','active'),(391,78,7,'checked','GM','active'),(392,79,7,'checked','GE','active'),(393,80,7,'checked','DE','active'),(394,81,7,'checked','GH','active'),(395,82,7,'checked','GI','active'),(396,83,7,'checked','GK','active'),(397,84,7,'checked','GR','active'),(398,85,7,'checked','GL','active'),(399,86,7,'checked','GD','active'),(400,87,7,'checked','GP','active'),(401,88,7,'checked','GU','active'),(402,89,7,'checked','GT','active'),(403,90,7,'checked','GN','active'),(404,91,7,'checked','GW','active'),(405,92,7,'checked','GY','active'),(406,93,7,'checked','HT','active'),(407,94,7,'checked','HM','active'),(408,95,7,'checked','HN','active'),(409,96,7,'checked','HK','active'),(410,97,7,'checked','HU','active'),(411,98,7,'checked','IS','active'),(412,99,7,'checked','IN','active'),(413,100,7,'checked','IM','active'),(414,101,7,'checked','ID','active'),(415,102,7,'checked','IR','active'),(416,103,7,'checked','IQ','active'),(417,104,7,'checked','IE','active'),(418,105,7,'checked','IL','active'),(419,106,7,'checked','IT','active'),(420,107,7,'checked','CI','active'),(421,108,7,'checked','JE','active'),(422,109,7,'checked','JM','active'),(423,110,7,'checked','JP','active'),(424,111,7,'checked','JO','active'),(425,112,7,'checked','KZ','active'),(426,113,7,'checked','KE','active'),(427,114,7,'checked','KI','active'),(428,115,7,'checked','KP','active'),(429,116,7,'checked','KR','active'),(430,117,7,'checked','XK','active'),(431,118,7,'checked','KW','active'),(432,119,7,'checked','KG','active'),(433,120,7,'checked','LA','active'),(434,121,7,'checked','LV','active'),(435,122,7,'checked','LB','active'),(436,123,7,'checked','LS','active'),(437,124,7,'checked','LR','active'),(438,125,7,'checked','LY','active'),(439,126,7,'checked','LI','active'),(440,127,7,'checked','LT','active'),(441,128,7,'checked','LU','active'),(442,129,7,'checked','MO','active'),(443,130,7,'checked','MK','active'),(444,131,7,'checked','MG','active'),(445,132,7,'checked','MW','active'),(446,133,7,'checked','MY','active'),(447,134,7,'checked','MV','active'),(448,135,7,'checked','ML','active'),(449,136,7,'checked','MT','active'),(450,137,7,'checked','MH','active'),(451,138,7,'checked','MQ','active'),(452,139,7,'checked','MR','active'),(453,140,7,'checked','MU','active'),(454,141,7,'checked','YT','active'),(455,142,7,'checked','MX','active'),(456,143,7,'checked','FM','active'),(457,144,7,'checked','MD','active'),(458,145,7,'checked','MC','active'),(459,146,7,'checked','MN','active'),(460,147,7,'checked','ME','active'),(461,148,7,'checked','MS','active'),(462,149,7,'checked','MA','active'),(463,150,7,'checked','MZ','active'),(464,151,7,'checked','MM','active'),(465,152,7,'checked','NA','active'),(466,153,7,'checked','NR','active'),(467,154,7,'checked','NP','active'),(468,155,7,'checked','NL','active'),(469,156,7,'checked','AN','active'),(470,157,7,'checked','NC','active'),(471,158,7,'checked','NZ','active'),(472,159,7,'checked','NI','active'),(473,160,7,'checked','NE','active'),(474,161,7,'checked','NG','active'),(475,162,7,'checked','NU','active'),(476,163,7,'checked','NF','active'),(477,164,7,'checked','MP','active'),(478,165,7,'checked','NO','active'),(479,166,7,'checked','OM','active'),(480,167,7,'checked','PK','active'),(481,168,7,'checked','PW','active'),(482,169,7,'checked','PS','active'),(483,170,7,'checked','PA','active'),(484,171,7,'checked','PG','active'),(485,172,7,'checked','PY','active'),(486,173,7,'checked','PE','active'),(487,174,7,'checked','PH','active'),(488,175,7,'checked','PN','active'),(489,176,7,'checked','PL','active'),(490,177,7,'checked','PT','active'),(491,178,7,'checked','PR','active'),(492,179,7,'checked','QA','active'),(493,180,7,'checked','RE','active'),(494,181,7,'checked','RO','active'),(495,182,7,'checked','RU','active'),(496,183,7,'checked','RW','active'),(497,184,7,'checked','KN','active'),(498,185,7,'checked','LC','active'),(499,186,7,'checked','VC','active'),(500,187,7,'checked','WS','active'),(501,188,7,'checked','SM','active'),(502,189,7,'checked','ST','active'),(503,190,7,'checked','SA','active'),(504,191,7,'checked','SN','active'),(505,192,7,'checked','RS','active'),(506,193,7,'checked','SC','active'),(507,194,7,'checked','SL','active'),(508,195,7,'checked','SG','active'),(509,196,7,'checked','SK','active'),(510,197,7,'checked','SI','active'),(511,198,7,'checked','SB','active'),(512,199,7,'checked','SO','active'),(513,200,7,'checked','ZA','active'),(514,201,7,'checked','GS','active'),(515,202,7,'checked','SS','active'),(516,203,7,'checked','ES','active'),(517,204,7,'checked','LK','active'),(518,207,7,'checked','SD','active'),(519,208,7,'checked','SR','active'),(520,209,7,'checked','SJ','active'),(521,210,7,'checked','SZ','active'),(522,211,7,'checked','SE','active'),(523,212,7,'checked','CH','active'),(524,213,7,'checked','SY','active'),(525,214,7,'checked','TW','active'),(526,215,7,'checked','TJ','active'),(527,216,7,'checked','TZ','active'),(528,217,7,'checked','TH','active'),(529,218,7,'checked','TG','active'),(530,219,7,'checked','TK','active'),(531,220,7,'checked','TO','active'),(532,221,7,'checked','TT','active'),(533,222,7,'checked','TN','active'),(534,223,7,'checked','TR','active'),(535,224,7,'checked','TM','active'),(536,225,7,'checked','TC','active'),(537,226,7,'checked','TV','active'),(538,227,7,'checked','UG','active'),(539,228,7,'checked','UA','active'),(540,229,7,'checked','AE','active'),(541,230,7,'checked','GB','active'),(542,231,7,'checked','US','active'),(543,232,7,'checked','UM','active'),(544,233,7,'checked','UY','active'),(545,234,7,'checked','UZ','active'),(546,235,7,'checked','VU','active'),(547,236,7,'checked','VA','active'),(548,237,7,'checked','VE','active'),(549,238,7,'checked','VN','active'),(550,239,7,'checked','VG','active'),(551,240,7,'checked','VI','active'),(552,241,7,'checked','WF','active'),(553,242,7,'checked','EH','active'),(554,243,7,'checked','YE','active'),(555,244,7,'checked','ZR','active'),(556,245,7,'checked','ZM','active'),(557,246,7,'checked','ZW','active'),(558,248,7,'checked','KP','active'),(559,250,7,'checked','VN','active'),(560,251,7,'checked','PF','active'),(561,254,7,'checked','AX','active'),(562,255,7,'checked','AC','active'),(563,256,7,'checked','EUS','active'),(564,257,7,'checked','BQ','active'),(565,258,7,'checked','CAT','active'),(566,259,7,'checked','CD','active'),(567,260,7,'checked','CI','active'),(568,261,7,'checked','CW','active'),(569,262,7,'checked','EU','active'),(570,263,7,'checked','GAL','active'),(571,264,7,'checked','GG','active'),(572,265,7,'checked','NL','active'),(573,266,7,'checked','MK','active'),(574,267,7,'checked','UK','active'),(575,268,7,'checked','UK','active'),(576,269,7,'checked','UK','active'),(577,270,7,'checked','UK','active'),(578,271,7,'checked','UK','active'),(579,272,7,'checked','UK','active'),(580,273,7,'checked','RU','active'),(581,274,7,'checked','BQ','active'),(582,275,7,'checked','BL','active'),(583,276,7,'checked','SH','active'),(584,277,7,'checked','MF','active'),(585,278,7,'checked','PM','active'),(586,280,7,'checked','CZ','active'),(587,281,7,'checked','NL','active');
/*!40000 ALTER TABLE `apps_countries_filter` ENABLE KEYS */;
UNLOCK TABLES;

--
-- Table structure for table `blocked_domain_org`
--

DROP TABLE IF EXISTS `blocked_domain_org`;
/*!40101 SET @saved_cs_client     = @@character_set_client */;
/*!50503 SET character_set_client = utf8 */;
CREATE TABLE `blocked_domain_org` (
  `blocked_domain_orgid` int NOT NULL AUTO_INCREMENT,
  `blocked_domain_id` int NOT NULL,
  `orgunit_id` int DEFAULT NULL,
  `domain_name` varchar(255) NOT NULL,
  `domain_status` varchar(10) NOT NULL DEFAULT 'Active',
  `system_date` datetime NOT NULL DEFAULT CURRENT_TIMESTAMP,
  PRIMARY KEY (`blocked_domain_orgid`),
  KEY `blocked_domainfk` (`blocked_domain_id`),
  KEY `blocked_orgfk` (`orgunit_id`),
  CONSTRAINT `blocked_domainfk` FOREIGN KEY (`blocked_domain_id`) REFERENCES `blocked_domains` (`blocked_domain_id`),
  CONSTRAINT `blocked_orgfk` FOREIGN KEY (`orgunit_id`) REFERENCES `tbl_organizational_unit` (`orgunit_id`)
) ENGINE=InnoDB AUTO_INCREMENT=9 DEFAULT CHARSET=utf8mb3;
/*!40101 SET character_set_client = @saved_cs_client */;

--
-- Dumping data for table `blocked_domain_org`
--

LOCK TABLES `blocked_domain_org` WRITE;
/*!40000 ALTER TABLE `blocked_domain_org` DISABLE KEYS */;
INSERT INTO `blocked_domain_org` VALUES (1,108,2,'test.com','Active','2021-11-30 01:26:23'),(2,109,1,'aaasTest.org','Active','2021-11-30 01:26:23'),(4,109,2,'aaasTest.org','Active','2021-11-30 01:26:23'),(5,108,3,'test.com','In Active','2021-11-30 01:26:23'),(6,70,5,'astm.org','Active','2021-11-30 04:38:19'),(7,114,5,'NewDomain','Active','2021-12-01 02:18:46'),(8,42,3,'yaleup.co.uk','Active','2021-12-01 02:24:10');
/*!40000 ALTER TABLE `blocked_domain_org` ENABLE KEYS */;
UNLOCK TABLES;

--
-- Table structure for table `blocked_domains`
--

DROP TABLE IF EXISTS `blocked_domains`;
/*!40101 SET @saved_cs_client     = @@character_set_client */;
/*!50503 SET character_set_client = utf8 */;
CREATE TABLE `blocked_domains` (
  `blocked_domain_id` int NOT NULL AUTO_INCREMENT,
  `domain_name` varchar(255) NOT NULL,
  `domain_owner` varchar(100) DEFAULT NULL,
  `domain_type` varchar(30) NOT NULL DEFAULT 'Indexing Agency',
  `top_level_domain` varchar(10) NOT NULL,
  `AdminId` int NOT NULL,
  `domain_status` varchar(10) NOT NULL DEFAULT 'Active',
  `system_date` datetime NOT NULL DEFAULT CURRENT_TIMESTAMP,
  PRIMARY KEY (`blocked_domain_id`),
  UNIQUE KEY `domain_name` (`domain_name`)
) ENGINE=InnoDB AUTO_INCREMENT=116 DEFAULT CHARSET=utf8mb3;
/*!40101 SET character_set_client = @saved_cs_client */;

--
-- Dumping data for table `blocked_domains`
--

LOCK TABLES `blocked_domains` WRITE;
/*!40000 ALTER TABLE `blocked_domains` DISABLE KEYS */;
INSERT INTO `blocked_domains` VALUES (2,'cabells.com','Cabell\'s International','Indexing Agency','com',0,'Active','2021-11-30 01:26:08'),(3,'clarivate.com','Clarivate','Indexing Agency','com',0,'Active','2021-11-30 01:26:08'),(4,'elsevier.com','Elsevier','Publisher','com',0,'Active','2021-11-30 01:26:08'),(5,'publicationethics.org','COPE: Committee on Publication Ethics','Indexing Agency','org',0,'Active','2021-11-30 01:26:08'),(6,'mail.nlm.nih.gov','National Library of Medicine - National Institutes of Health','Indexing Agency','gov',0,'Active','2021-11-30 01:26:08'),(7,'doaj.org','DOAJ: Directory of Open Access Journals','Indexing Agency','org',0,'Active','2021-11-30 01:26:08'),(8,'kb.nl','Koninklijke Bibliotheek','Indexing Agency','nl',0,'Active','2021-11-30 01:26:08'),(9,'oaspa.org','Open Access Scholarly Publishers Association: OASPA','Indexing Agency','org',0,'Active','2021-11-30 01:26:08'),(10,'icmje.org','International Committee of Medical Journal Editors','Indexing Agency','org',0,'Active','2021-11-30 01:26:08'),(11,'pubmed.ncbi.nlm.nih.gov','PubMed','Indexing Agency','gov',0,'Active','2021-11-30 01:26:08'),(12,'pmc.ncbi.nlm.nih.gov','PubMed Central','Indexing Agency','gov',0,'Active','2021-11-30 01:26:08'),(13,'mdpi.com','MDPI - Publisher of Open Access Journals','Publisher','com',0,'Active','2021-11-30 01:26:08'),(14,'wiley.com','Wiley','Publisher','com',0,'Active','2021-11-30 01:26:08'),(15,'biomedcentral.com','BioMed Central','Publisher','com',0,'Active','2021-11-30 01:26:08'),(16,'springer.com','Springer','Publisher','com',0,'Active','2021-11-30 01:26:08'),(17,'scopus.com','Scopus','Indexing Agency','com',0,'Active','2021-11-30 01:26:08'),(18,'embase.com','Embase','Indexing Agency','com',0,'Active','2021-11-30 01:26:08'),(19,'dimensions.ai','Dimensions | The Next Evolution in Linked Scholarly Information','Indexing Agency','ai',0,'Active','2021-11-30 01:26:08'),(20,'lens.org','The Lens - Free & Open Patent and Scholarly Search','Indexing Agency','org',0,'Active','2021-11-30 01:26:08'),(21,'sciencedirect.com','ScienceDirect','E-Store','com',0,'Active','2021-11-30 01:26:08'),(22,'ingentaconnect.com','Ingenta Connect','E-Store','com',0,'Active','2021-11-30 01:26:08'),(23,'wame.org','World Association of Medical Editors','Indexing Agency','org',0,'Active','2021-11-30 01:26:08'),(24,'beallslist.net','Beall\'s List – of Potential Predatory Journals and Publishers','Predatory List','net',0,'Active','2021-11-30 01:26:08'),(25,'researchinformation.info','Research Information','Indexing Agency','info',0,'Active','2021-11-30 01:26:08'),(26,'researchgate.net','ResearchGate','Indexing Agency','net',0,'Active','2021-11-30 01:26:08'),(27,'nature.com','Nature','Publisher','com',0,'Active','2021-11-30 01:26:08'),(28,'springernature.com','Springer Nature','Publisher','com',0,'Active','2021-11-30 01:26:08'),(29,'wolterskluwer.com','Wolters Kluwer','Publisher','com',0,'Active','2021-11-30 01:26:08'),(30,'tandfonline.com','Taylor & Francis Online','Publisher','com',0,'Active','2021-11-30 01:26:08'),(31,'taylorandfrancis.com','Taylor & Francis','Publisher','com',0,'Active','2021-11-30 01:26:08'),(32,'hindawi.com','Hindawi','Publisher','com',0,'Active','2021-11-30 01:26:08'),(33,'cambridge.org','Cambridge University Press & Assessment','Publisher','org',0,'Active','2021-11-30 01:26:08'),(34,'press.uchicago.edu','The University of Chicago Press','Publisher','edu',0,'Active','2021-11-30 01:26:08'),(35,'columbiauniversitypress.com','Columbia University Press','Publisher','com',0,'Active','2021-11-30 01:26:08'),(36,'ingramcontent.com','Ingram Content Group','Distributor','com',0,'Active','2021-11-30 01:26:08'),(37,'apexknowledge.com.my','Apex Knowledge','Distributor','my',0,'Active','2021-11-30 01:26:08'),(38,'penguinrandomhouse.in','Penguin Random House','Publisher','in',0,'Active','2021-11-30 01:26:08'),(39,'everestpublishinghouse.com','Everest Publishing House','Publisher','com',0,'Active','2021-11-30 01:26:08'),(40,'jstor.org','JSTOR','Indexing Agency','org',0,'Active','2021-11-30 01:26:08'),(41,'oup.com','Oxford University Press','Publisher','com',0,'Active','2021-11-30 01:26:08'),(42,'yaleup.co.uk','Yale University Press','Publisher','uk',0,'Active','2021-11-30 01:26:08'),(43,'pearson.com','Pearson','E-Store','com',0,'Active','2021-11-30 01:26:08'),(44,'acm.org','Association for Computing Machinery','Society','org',0,'Active','2021-11-30 01:26:08'),(45,'services.acs.org','American Chemical Society','Society','org',0,'Active','2021-11-30 01:26:08'),(46,'aaas.org','American Association for the Advancement of Science','Society','org',0,'Active','2021-11-30 01:26:08'),(47,'aan.com','American Academy of Neurology','Society','com',0,'Active','2021-11-30 01:26:08'),(48,'hkusa.com','Human Kinetics','E-Store','com',0,'Active','2021-11-30 01:26:08'),(49,'healthaffairs.org','Health Affairs','Publisher','org',0,'Active','2021-11-30 01:26:08'),(50,'afb.org','American Foundation for the Blind','Society','org',0,'Active','2021-11-30 01:26:08'),(51,'dana.org','Dana Foundation','Society','org',0,'Active','2021-11-30 01:26:08'),(52,'ieee.org','Institute of Electrical and Electronics Engineers','Society','org',0,'Active','2021-11-30 01:26:08'),(53,'highwirepress.com','HighWire Press','Publisher','com',0,'Active','2021-11-30 01:26:08'),(54,'nejm.org','The New England Journal of Medicine','Journal','org',0,'Active','2021-11-30 01:26:08'),(55,'rsc.org','The Royal Society of Chemistry','Society','org',0,'Active','2021-11-30 01:26:08'),(56,'nap.edu','The National Academies Press','Publisher','edu',0,'Active','2021-11-30 01:26:08'),(57,'lancet.com','The Lancet','Journal','com',0,'Active','2021-11-30 01:26:08'),(58,'benjamins.nl','John Benjamins Publishing','Publisher','nl',0,'Active','2021-11-30 01:26:08'),(59,'tr.com','Thomson Reuters','Indexing Agency','com',0,'Active','2021-11-30 01:26:08'),(60,'sagepub.com','SAGE Publications Inc','Publisher','com',0,'Active','2021-11-30 01:26:08'),(61,'emerald.com','Emerald Insight','Publisher','com',0,'Active','2021-11-30 01:26:08'),(62,'ioppublishing.org','IOP Publishing','Publisher','org',0,'Active','2021-11-30 01:26:08'),(63,'theiet.org','IET - Institution of Engineering and Technology','Research Institute','org',0,'Active','2021-11-30 01:26:08'),(64,'aacr.org','American Association for Cancer Research','Society','org',0,'Active','2021-11-30 01:26:08'),(65,'uncpress.org','UNC Press','Publisher','org',0,'Active','2021-11-30 01:26:08'),(66,'acs.org','American Chemical Society','Society','org',0,'Active','2021-11-30 01:26:08'),(67,'wspc.com','World Scientific Publishing Co., Inc.','Publisher','com',0,'Active','2021-11-30 01:26:08'),(68,'tandfindia.com','Taylor & Francis India','Publisher','com',0,'Active','2021-11-30 01:26:08'),(69,'ibpa-online.org','Independent Book Publishers Association','Indexing Agency','org',0,'Active','2021-11-30 01:26:08'),(70,'astm.org','ASTM International','Indexing Agency','org',0,'Active','2021-11-30 01:26:08'),(71,'the-jci.org','The American Society for Clinical Investigation','Society','org',0,'Active','2021-11-30 01:26:08'),(72,'igi-global.com','IGI Global: International Academic Publisher','Publisher','com',0,'Active','2021-11-30 01:26:08'),(73,'brookings.edu','Brookings - Quality. Independence. Impact','Indexing Agency','edu',0,'Active','2021-11-30 01:26:08'),(74,'jmir.org','Journal of Medical Internet Research','Journal','org',0,'Active','2021-11-30 01:26:08'),(75,'blacksci.co.uk','BLACKSCI.co.uk Medicine medical treatment Medical Care burns and broken bones recovery','Hospital','uk',0,'Active','2021-11-30 01:26:08'),(76,'dailyhaiku.org','DailyHaiku - The Edited Journal of Contemporary Haiku','Journal','org',0,'Active','2021-11-30 01:26:08'),(77,'ucpress.edu','University of California Press','Publisher','edu',0,'Active','2021-11-30 01:26:08'),(78,'dukeupress.edu','Duke University Press','Publisher','edu',0,'Active','2021-11-30 01:26:08'),(79,'thieme.com','Thieme Medical Publishers','Publisher','com',0,'Active','2021-11-30 01:26:08'),(80,'emmausroad.org','Emmaus Road Publishing','Publisher','org',0,'Active','2021-11-30 01:26:08'),(81,'taxmann.com','Taxmann - Everything on Tax and Corporate Laws of India','Publisher','com',0,'Active','2021-11-30 01:26:08'),(83,'palgrave.com','Palgrave','Publisher','com',0,'Active','2021-11-30 01:26:08'),(84,'jblearning.com','JBLearning','E-Store','com',0,'Active','2021-11-30 01:26:08'),(85,'wiley.co.uk','Wiley','Publisher','uk',0,'Active','2021-11-30 01:26:08'),(86,'oxfordfajar.com.my','Oxford Fajar Companion','Academic','my',0,'Active','2021-11-30 01:26:08'),(87,'unitel.co.kr',NULL,'Indexing Agency','kr',0,'Active','2021-11-30 01:26:08'),(89,'oup.mx','Oxford University Press','Publisher','mx',0,'Active','2021-11-30 01:26:08'),(90,'oup.com.au','Oxford University Press','Publisher','au',0,'Active','2021-11-30 01:26:08'),(91,'hq.acm.org',NULL,'Indexing Agency','org',0,'Active','2021-11-30 01:26:08'),(92,'hkcanada.com','Human Kinetics','E-Store','com',0,'Active','2021-11-30 01:26:08'),(93,'hkaustralia.com','Human Kinetics','E-Store','com',0,'Active','2021-11-30 01:26:08'),(94,'nejmcareercenter.org',NULL,'Publisher','org',0,'Active','2021-11-30 01:26:08'),(95,'cmaj.ca',NULL,'Indexing Agency','ca',0,'Active','2021-11-30 01:26:08'),(96,'theiet.in',NULL,'Indexing Agency','in',0,'Active','2021-11-30 01:26:08'),(97,'ietvenues.co.uk',NULL,'Indexing Agency','uk',0,'Active','2021-11-30 01:26:08'),(98,'wspc.com.sg','World Scientific Publishing Co Pte Ltd','Publisher','sg',0,'Active','2021-11-30 01:26:08'),(99,'tandf.co.uk',NULL,'Indexing Agency','uk',0,'Active','2021-11-30 01:26:08'),(100,'informa.com',NULL,'Indexing Agency','com',0,'Active','2021-11-30 01:26:08'),(101,'thieme.de',NULL,'Indexing Agency','de',0,'Active','2021-11-30 01:26:08'),(102,'thieme.in',NULL,'Indexing Agency','in',0,'Active','2021-11-30 01:26:08'),(103,'thieme.com.br',NULL,'Indexing Agency','br',0,'Active','2021-11-30 01:26:08'),(104,'stpaulcenter.com',NULL,'Indexing Agency','com',0,'Active','2021-11-30 01:26:08'),(105,'palgrave-usa.com',NULL,'Indexing Agency','com',0,'Active','2021-11-30 01:26:08'),(106,'wspc.co.uk','World Scientific Publishing (UK) Ltd','Publisher','uk',0,'Active','2021-11-30 01:26:08'),(108,'test.com','test','Publisher','com',0,'In Active','2021-11-30 01:26:08'),(109,'aaasTest.org','aas_owner','test_domain','org',0,'Active','2021-11-30 01:26:08'),(110,'test','test','test','test',2,'In Active','2021-11-30 01:26:08'),(114,'NewDomain','test','test','com',2,'Active','2021-12-01 02:18:46');
/*!40000 ALTER TABLE `blocked_domains` ENABLE KEYS */;
UNLOCK TABLES;

--
-- Table structure for table `blocked_url`
--

DROP TABLE IF EXISTS `blocked_url`;
/*!40101 SET @saved_cs_client     = @@character_set_client */;
/*!50503 SET character_set_client = utf8 */;
CREATE TABLE `blocked_url` (
  `blocked_url_id` int NOT NULL AUTO_INCREMENT,
  `url` varchar(500) NOT NULL,
  `system_date` datetime NOT NULL DEFAULT CURRENT_TIMESTAMP,
  `status` varchar(20) NOT NULL DEFAULT 'Active',
  `AdminId` int NOT NULL,
  PRIMARY KEY (`blocked_url_id`)
) ENGINE=InnoDB AUTO_INCREMENT=18 DEFAULT CHARSET=latin1;
/*!40101 SET character_set_client = @saved_cs_client */;

--
-- Dumping data for table `blocked_url`
--

LOCK TABLES `blocked_url` WRITE;
/*!40000 ALTER TABLE `blocked_url` DISABLE KEYS */;
INSERT INTO `blocked_url` VALUES (1,'benthamscience.com','2021-11-30 01:28:18','Active',2),(2,'benthamscience.org','2021-11-30 01:28:34','Active',2),(3,'benthamscience.net','2021-11-30 01:28:47','Active',2),(4,'benthamopen.com','2021-11-30 01:29:03','Active',2),(5,'benthamopen.net','2021-11-30 01:29:19','Active',2),(6,'benthamopen.org','2021-11-30 01:29:33','Active',2),(7,'eurekaselect.com','2021-11-30 01:29:44','Active',2),(8,'test90.com','2021-11-30 01:29:53','In Active',2),(17,'NewUrl.com','2021-12-01 01:10:39','Active',2);
/*!40000 ALTER TABLE `blocked_url` ENABLE KEYS */;
UNLOCK TABLES;

--
-- Table structure for table `blocked_url_org`
--

DROP TABLE IF EXISTS `blocked_url_org`;
/*!40101 SET @saved_cs_client     = @@character_set_client */;
/*!50503 SET character_set_client = utf8 */;
CREATE TABLE `blocked_url_org` (
  `blocked_url_orgid` int NOT NULL AUTO_INCREMENT,
  `blocked_url_id` int NOT NULL,
  `orgunit_id` int DEFAULT NULL,
  `url` varchar(500) NOT NULL,
  `system_date` datetime NOT NULL DEFAULT CURRENT_TIMESTAMP,
  `status` varchar(20) NOT NULL DEFAULT 'Active',
  PRIMARY KEY (`blocked_url_orgid`),
  KEY `blocked_url_id` (`blocked_url_id`),
  KEY `orgunit_id` (`orgunit_id`),
  CONSTRAINT `fk_bl_org_org` FOREIGN KEY (`orgunit_id`) REFERENCES `tbl_organizational_unit` (`orgunit_id`)
) ENGINE=InnoDB AUTO_INCREMENT=6 DEFAULT CHARSET=latin1;
/*!40101 SET character_set_client = @saved_cs_client */;

--
-- Dumping data for table `blocked_url_org`
--

LOCK TABLES `blocked_url_org` WRITE;
/*!40000 ALTER TABLE `blocked_url_org` DISABLE KEYS */;
INSERT INTO `blocked_url_org` VALUES (3,8,1,'test90.com','2021-11-30 04:41:36','Active'),(4,8,2,'test90.com','2021-11-30 23:19:18','In Active'),(5,17,5,'NewUrl.com','2021-12-01 01:10:39','Active');
/*!40000 ALTER TABLE `blocked_url_org` ENABLE KEYS */;
UNLOCK TABLES;

--
-- Table structure for table `camp_draft`
--

DROP TABLE IF EXISTS `camp_draft`;
/*!40101 SET @saved_cs_client     = @@character_set_client */;
/*!50503 SET character_set_client = utf8 */;
CREATE TABLE `camp_draft` (
  `camp_drarft_id` int NOT NULL AUTO_INCREMENT,
  `CampID` int NOT NULL,
  `subscription_draft` longtext NOT NULL,
  `draft_subject` varchar(200) NOT NULL,
  `rejected_iteration` int NOT NULL DEFAULT '0',
  `reason` varchar(300) DEFAULT NULL,
  `status` varchar(45) NOT NULL,
  `rejected_approved_by` varchar(45) NOT NULL,
  `rejected_approved_date` datetime DEFAULT NULL,
  `system_date` datetime NOT NULL DEFAULT CURRENT_TIMESTAMP,
  PRIMARY KEY (`camp_drarft_id`)
) ENGINE=InnoDB AUTO_INCREMENT=29 DEFAULT CHARSET=utf8mb3;
/*!40101 SET character_set_client = @saved_cs_client */;

--
-- Dumping data for table `camp_draft`
--

LOCK TABLES `camp_draft` WRITE;
/*!40000 ALTER TABLE `camp_draft` DISABLE KEYS */;
INSERT INTO `camp_draft` VALUES (1,21,'&amp;lt;p&amp;gt;New Draft&amp;lt;/p&amp;gt;','',1,'','Rejected','2',NULL,'2021-12-14 01:15:24'),(2,21,'&amp;lt;p&amp;gt;New Draft&amp;lt;/p&amp;gt;','',2,'','Rejected','2',NULL,'2021-12-14 01:15:24'),(3,21,'&amp;lt;p&amp;gt;helllooooooooooo&amp;lt;/p&amp;gt;','',3,'','Rejected','2',NULL,'2021-12-14 01:15:24'),(4,21,'&amp;lt;p&amp;gt;&amp;lt;strong&amp;gt;whats up&amp;lt;/strong&amp;gt;&amp;lt;/p&amp;gt;\r\n\r\n&amp;lt;p&amp;gt;&amp;lt;s&amp;gt;&amp;lt;strong&amp;gt;new draft made&amp;lt;/strong&amp;gt;&amp;lt;/s&amp;gt;&amp;lt;/p&amp;gt;','',4,'','Rejected','2',NULL,'2021-12-14 01:15:24'),(5,21,'&amp;lt;p&amp;gt;&amp;lt;em&amp;gt;again made new draft&amp;lt;/em&amp;gt;&amp;lt;/p&amp;gt;','',0,'','Verified','2',NULL,'2021-12-14 01:15:24'),(6,22,'&amp;lt;p&amp;gt;new draft 14&amp;lt;/p&amp;gt;','',0,'','Verified','2',NULL,'2021-12-14 01:15:24'),(7,23,'&amp;lt;h1&amp;gt;lunch time draft&amp;lt;/h1&amp;gt;','',1,'','Rejected','2',NULL,'2021-12-14 01:15:24'),(8,24,'&amp;lt;p&amp;gt;Helloe there this is draft&amp;lt;/p&amp;gt;\r\n\r\n&amp;lt;p&amp;gt;&amp;amp;nbsp;{Journal_title}&amp;lt;/p&amp;gt;','',0,'','Verified','2',NULL,'2021-12-14 01:15:24'),(9,29,'&amp;lt;p&amp;gt;new draft from november&amp;lt;/p&amp;gt;','',0,NULL,'Verified','2',NULL,'2021-12-14 01:15:24'),(10,31,'&amp;lt;p&amp;gt;test draft for test22 . trying to type journal title 56&amp;lt;/p&amp;gt;\r\n\r\n&amp;lt;p&amp;gt;&amp;amp;nbsp;&amp;lt;/p&amp;gt;\r\n\r\n&amp;lt;p&amp;gt;&amp;amp;nbsp;&amp;lt;/p&amp;gt;','&amp;',1,'testing','Rejected','15',NULL,'2021-12-14 01:15:24'),(11,23,'&amp;lt;p&amp;gt;test draft for test22 . trying to type journal title 56&amp;lt;/p&amp;gt;\r\n\r\n&amp;lt;p&amp;gt;&amp;amp;nbsp;&amp;lt;/p&amp;gt;\r\n\r\n&amp;lt;p&amp;gt;&amp;amp;nbsp;&amp;lt;/p&amp;gt;','&amp;',0,NULL,'Verified','15',NULL,'2021-12-14 01:15:24'),(12,20,'&amp;lt;p&amp;gt;test draft for test22 . trying to type journal title 56&amp;lt;/p&amp;gt;\r\n\r\n&amp;lt;p&amp;gt;&amp;amp;nbsp;&amp;lt;/p&amp;gt;\r\n\r\n&amp;lt;p&amp;gt;&amp;amp;nbsp;&amp;lt;/p&amp;gt;','&amp;',0,NULL,'Verified','15',NULL,'2021-12-14 01:15:24'),(13,30,'&amp;lt;p&amp;gt;test draft for test22 . trying to type journal title 56&amp;lt;/p&amp;gt;\r\n\r\n&amp;lt;p&amp;gt;&amp;amp;nbsp;&amp;lt;/p&amp;gt;\r\n\r\n&amp;lt;p&amp;gt;&amp;amp;nbsp;&amp;lt;/p&amp;gt;','&amp;',2,'test','Rejected','15',NULL,'2021-12-14 01:15:24'),(14,31,'&amp;lt;p&amp;gt;test draft for test22 . trying to type journal title 56&amp;lt;/p&amp;gt;','draft for Camp 2 subject. testing rejected\n',2,'trail test','Rejected','15',NULL,'2021-12-14 01:15:24'),(15,32,'&amp;lt;p&amp;gt;test draft for test22 . trying to type journal title 56&amp;lt;/p&amp;gt;\r\n\r\n&amp;lt;p&amp;gt;&amp;amp;nbsp;&amp;lt;/p&amp;gt;\r\n\r\n&amp;lt;p&amp;gt;&amp;amp;nbsp;&amp;lt;/p&amp;gt;\r\n\r\n&amp;lt;p&amp;gt;&amp;amp;nbsp;&amp;lt;/p&amp;gt;','&',1,'testing','Rejected','15',NULL,'2021-12-14 01:15:24'),(16,31,'&amp;lt;p&amp;gt;here is the test for you&amp;lt;/p&amp;gt;','&',0,NULL,'Verified','15',NULL,'2021-12-14 01:15:24'),(17,35,'&amp;lt;p&amp;gt;here id the draft&amp;amp;nbsp; for test .&amp;lt;/p&amp;gt;','&',0,NULL,'Verified','15',NULL,'2021-12-14 01:15:24'),(18,34,'&amp;lt;p&amp;gt;here is the draft for you to test&amp;lt;/p&amp;gt;\r\n\r\n&amp;lt;p&amp;gt;&amp;amp;nbsp;&amp;lt;/p&amp;gt;\r\n\r\n&amp;lt;p&amp;gt;&amp;amp;nbsp;&amp;lt;/p&amp;gt;\r\n\r\n&amp;lt;p&amp;gt;&amp;amp;nbsp;&amp;lt;/p&amp;gt;\r\n\r\n&amp;lt;p&amp;gt;&amp;amp;nbsp;&amp;lt;/p&amp;gt;','&',0,NULL,'Verified','15',NULL,'2021-12-14 01:15:24'),(19,37,'&amp;lt;p&amp;gt;test trail to check import.php&amp;lt;/p&amp;gt;','&',0,NULL,'Verified','2',NULL,'2021-12-14 01:15:24'),(20,42,'&amp;lt;p&amp;gt;that is a dummy draft&amp;lt;/p&amp;gt;','&',0,NULL,'Verified','2',NULL,'2021-12-14 01:15:24'),(21,55,'&amp;lt;p&amp;gt;here is the &amp;lt;strong&amp;gt;test draft&amp;lt;/strong&amp;gt; for campaign created on 20 dec 2021.&amp;lt;/p&amp;gt;\r\n\r\n&amp;lt;p&amp;gt;Regards,&amp;lt;/p&amp;gt;\r\n\r\n&amp;lt;p&amp;gt;Admin&amp;lt;/p&amp;gt;','&',0,NULL,'Verified','15',NULL,'2021-12-20 01:33:04'),(22,56,'&amp;lt;p&amp;gt;new campaign jan62022&amp;lt;/p&amp;gt;','&',0,NULL,'Verified','2',NULL,'2022-01-06 04:32:38'),(23,39,'&amp;lt;p&amp;gt;sdfefdsgdsgd&amp;lt;/p&amp;gt;','&',1,'reject','Rejected','15',NULL,'2022-01-11 23:40:54'),(24,39,'&amp;lt;p&amp;gt;sdfefdsgdsgd&amp;lt;/p&amp;gt;','&',2,'reject','Rejected','15',NULL,'2022-01-11 23:40:58'),(25,30,'&amp;lt;p&amp;gt;&amp;lt;strong&amp;gt;Bentham Science Publishers&amp;lt;/strong&amp;gt;&amp;amp;nbsp;has a&amp;amp;nbsp;&amp;lt;strong&amp;gt;&amp;amp;lsquo;Read and Publish&amp;amp;rsquo;&amp;lt;/strong&amp;gt;&amp;amp;nbsp;partnership with the German consortium&amp;amp;nbsp;&amp;lt;strong&amp;gt;&amp;amp;lsquo;Specialized Information Services for Science&amp;amp;rsquo; Pharmacy (Fachinformationsdienst Pharmazie FID PubPharm)&amp;lt;/strong&amp;gt;. This consortium covers important German universities, including your institution,&amp;amp;nbsp;&amp;lt;strong&amp;gt;Heidelberg University&amp;lt;/strong&amp;gt;. This partnership provides authors and researchers from your university, an opportunity to publish their research as&amp;amp;nbsp;&amp;lt;strong&amp;gt;Gold Open Access&amp;lt;/strong&amp;gt;, at a&amp;amp;nbsp;&amp;lt;strong&amp;gt;50% discount&amp;lt;/strong&amp;gt;&amp;amp;nbsp;on our listed Gold Open Access Charges, which range from &amp;amp;euro;1,000 to &amp;amp;euro;4,000 per article, depending on the journal selected.&amp;lt;/p&amp;gt;\r\n\r\n&amp;lt;p&amp;gt;&amp;lt;strong&amp;gt;We welcome you to submit your manuscripts, for publishing in your preferred Bentham journals. Please fill the following form to submit your article for initial approval:&amp;amp;nbsp;&amp;lt;/strong&amp;gt;&amp;lt;a href=&amp;quot;https://benthamsciencepublisher.com/institutional-members.php&amp;quot; target=&amp;quot;_blank&amp;quot;&amp;gt;&amp;lt;strong&amp;gt;https://benthamsciencepublisher.com/institutional-members.php&amp;lt;/strong&amp;gt;&amp;lt;/a&amp;gt;&amp;lt;/p&amp;gt;\r\n\r\n&amp;lt;p&amp;gt;If you choose to also publish your article as Open Access, then please mention the Discount Code:&amp;amp;nbsp;&amp;lt;strong&amp;gt;2020-BENTHMFUB-11-16&amp;lt;/strong&amp;gt;, when you submit your manuscript.&amp;lt;/p&amp;gt;\r\n\r\n&amp;lt;p&amp;gt;View a list of Bentham Science journals here:&amp;amp;nbsp;&amp;lt;a href=&amp;quot;https://www.eurekaselect.net/bypublication&amp;quot; target=&amp;quot;_blank&amp;quot;&amp;gt;&amp;lt;strong&amp;gt;https://www.eurekaselect.net/bypublication&amp;lt;/strong&amp;gt;&amp;lt;/a&amp;gt;&amp;lt;/p&amp;gt;\r\n\r\n&amp;lt;p&amp;gt;Also, you can access relevant, full-text articles published in Bentham Science journals, through the Bentham Science website link given above.&amp;lt;/p&amp;gt;\r\n\r\n&amp;lt;p&amp;gt;If you wish to join the Editorial Board of any Bentham Science journal, please send the title of your preferred journal, your latest CV and list of publications, in reply to this email.&amp;lt;/p&amp;gt;\r\n\r\n&amp;lt;p&amp;gt;We will look forward to receiving your manuscripts. Thank you.&amp;lt;/p&amp;gt;\r\n\r\n&amp;lt;p&amp;gt;&amp;amp;nbsp;&amp;lt;/p&amp;gt;\r\n\r\n&amp;lt;p&amp;gt;Best regards,&amp;lt;/p&amp;gt;\r\n\r\n&amp;lt;p&amp;gt;Noman Akbar&amp;lt;/p&amp;gt;\r\n\r\n&amp;lt;p&amp;gt;Marketing Manager&amp;lt;/p&amp;gt;\r\n\r\n&amp;lt;p&amp;gt;Bentham Science&amp;lt;/p&amp;gt;','&',0,NULL,'Verified','15',NULL,'2022-01-12 02:39:54'),(26,33,'&amp;lt;p&amp;gt;here is the subject for draft.{journal_title},{article_title}&amp;lt;/p&amp;gt;','&',1,'dsgree','Rejected','15',NULL,'2022-01-12 04:59:11'),(27,39,'&amp;lt;p&amp;gt;&amp;lt;strong&amp;gt;Bentham Science Publishers&amp;lt;/strong&amp;gt;&amp;amp;nbsp;has a&amp;amp;nbsp;&amp;lt;strong&amp;gt;&amp;amp;lsquo;Read and Publish&amp;amp;rsquo;&amp;lt;/strong&amp;gt;&amp;amp;nbsp;partnership with the German consortium&amp;amp;nbsp;&amp;lt;strong&amp;gt;&amp;amp;lsquo;Specialized Information Services for Science&amp;amp;rsquo; Pharmacy (Fachinformationsdienst Pharmazie FID PubPharm)&amp;lt;/strong&amp;gt;. This consortium covers important German universities, including your institution,&amp;amp;nbsp;&amp;lt;strong&amp;gt;Heidelberg University&amp;lt;/strong&amp;gt;. This partnership provides authors and researchers from your university, an opportunity to publish their research as&amp;amp;nbsp;&amp;lt;strong&amp;gt;Gold Open Access&amp;lt;/strong&amp;gt;, at a&amp;amp;nbsp;&amp;lt;strong&amp;gt;50% discount&amp;lt;/strong&amp;gt;&amp;amp;nbsp;on our listed Gold Open Access Charges, which range from &amp;amp;euro;1,000 to &amp;amp;euro;4,000 per article, depending on the journal selected.&amp;lt;/p&amp;gt;\r\n\r\n&amp;lt;p&amp;gt;&amp;lt;strong&amp;gt;We welcome you to submit your manuscripts, for publishing in your preferred Bentham journals. Please fill the following form to submit your article for initial approval:&amp;amp;nbsp;&amp;lt;/strong&amp;gt;&amp;lt;a href=&amp;quot;https://benthamsciencepublisher.com/institutional-members.php&amp;quot; target=&amp;quot;_blank&amp;quot;&amp;gt;&amp;lt;strong&amp;gt;https://benthamsciencepublisher.com/institutional-members.php&amp;lt;/strong&amp;gt;&amp;lt;/a&amp;gt;&amp;lt;/p&amp;gt;\r\n\r\n&amp;lt;p&amp;gt;If you choose to also publish your article as Open Access, then please mention the Discount Code:&amp;amp;nbsp;&amp;lt;strong&amp;gt;2020-BENTHMFUB-11-16&amp;lt;/strong&amp;gt;, when you submit your manuscript.&amp;lt;/p&amp;gt;\r\n\r\n&amp;lt;p&amp;gt;View a list of Bentham Science journals here:&amp;amp;nbsp;&amp;lt;a href=&amp;quot;https://www.eurekaselect.net/bypublication&amp;quot; target=&amp;quot;_blank&amp;quot;&amp;gt;&amp;lt;strong&amp;gt;https://www.eurekaselect.net/bypublication&amp;lt;/strong&amp;gt;&amp;lt;/a&amp;gt;&amp;lt;/p&amp;gt;\r\n\r\n&amp;lt;p&amp;gt;Also, you can access relevant, full-text articles published in Bentham Science journals, through the Bentham Science website link given above.&amp;lt;/p&amp;gt;\r\n\r\n&amp;lt;p&amp;gt;If you wish to join the Editorial Board of any Bentham Science journal, please send the title of your preferred journal, your latest CV and list of publications, in reply to this email.&amp;lt;/p&amp;gt;\r\n\r\n&amp;lt;p&amp;gt;We will look forward to receiving your manuscripts. Thank you.&amp;lt;/p&amp;gt;\r\n\r\n&amp;lt;p&amp;gt;&amp;amp;nbsp;&amp;lt;/p&amp;gt;\r\n\r\n&amp;lt;p&amp;gt;Best regards,&amp;lt;/p&amp;gt;\r\n\r\n&amp;lt;p&amp;gt;Noman Akbar&amp;lt;/p&amp;gt;\r\n\r\n&amp;lt;p&amp;gt;Marketing Manager&amp;lt;/p&amp;gt;\r\n\r\n&amp;lt;p&amp;gt;Bentham Science&amp;lt;/p&amp;gt;','&',3,'reject','Rejected','15',NULL,'2022-01-12 06:00:18'),(28,32,'&amp;lt;p&amp;gt;test draft for test22 . trying to type journal title 56&amp;amp;nbsp;{Journal_title} , {article_title}&amp;lt;/p&amp;gt;\r\n\r\n&amp;lt;p&amp;gt;&amp;amp;nbsp;&amp;lt;/p&amp;gt;\r\n\r\n&amp;lt;p&amp;gt;&amp;amp;nbsp;&amp;lt;/p&amp;gt;\r\n\r\n&amp;lt;p&amp;gt;&amp;amp;nbsp;&amp;lt;/p&amp;gt;','&',2,'reject for test','Rejected','15',NULL,'2022-01-20 01:07:44');
/*!40000 ALTER TABLE `camp_draft` ENABLE KEYS */;
UNLOCK TABLES;

--
-- Table structure for table `camp_execution_task`
--

DROP TABLE IF EXISTS `camp_execution_task`;
/*!40101 SET @saved_cs_client     = @@character_set_client */;
/*!50503 SET character_set_client = utf8 */;
CREATE TABLE `camp_execution_task` (
  `cet_id` int NOT NULL AUTO_INCREMENT,
  `CampID` int NOT NULL,
  `FCAID` int NOT NULL,
  `LCAID` int NOT NULL,
  `allowed_qty` int NOT NULL,
  `found_qty` int NOT NULL,
  `FAuthor_email` varchar(150) NOT NULL,
  `LAuthor_email` varchar(150) NOT NULL,
  `cmc_id` int DEFAULT NULL,
  `system_date` datetime DEFAULT NULL,
  PRIMARY KEY (`cet_id`)
) ENGINE=InnoDB DEFAULT CHARSET=utf8 COLLATE=utf8_general_ci;
/*!40101 SET character_set_client = @saved_cs_client */;

--
-- Dumping data for table `camp_execution_task`
--

LOCK TABLES `camp_execution_task` WRITE;
/*!40000 ALTER TABLE `camp_execution_task` DISABLE KEYS */;
/*!40000 ALTER TABLE `camp_execution_task` ENABLE KEYS */;
UNLOCK TABLES;

--
-- Table structure for table `campaign`
--

DROP TABLE IF EXISTS `campaign`;
/*!40101 SET @saved_cs_client     = @@character_set_client */;
/*!50503 SET character_set_client = utf8 */;
CREATE TABLE `campaign` (
  `CampID` int NOT NULL AUTO_INCREMENT,
  `CampName` varchar(255) DEFAULT NULL,
  `Camp_category` varchar(20) NOT NULL DEFAULT 'Automatic',
  `CampType` varchar(100) NOT NULL,
  `CampFor` varchar(1000) NOT NULL,
  `CampDate` date DEFAULT NULL,
  `AdminIDxx` int DEFAULT NULL,
  `ou_id` int DEFAULT NULL,
  `Camp_Status` varchar(100) DEFAULT NULL,
  `Camp_Created_Date` datetime(6) DEFAULT NULL,
  `Camp_Send_Date` datetime(6) DEFAULT NULL,
  `draft_status` varchar(255) DEFAULT NULL,
  `rtemid` int DEFAULT NULL,
  `crtem_status` varchar(50) CHARACTER SET utf8 COLLATE utf8_general_ci NOT NULL DEFAULT 'Active',
  `mailserverid` int DEFAULT NULL,
  `productid` int DEFAULT NULL,
  `format_type` varchar(100) DEFAULT NULL,
  `embargo_type` varchar(20) DEFAULT 'global',
  `campaign_embargo_days` int DEFAULT NULL,
  PRIMARY KEY (`CampID`),
  KEY `mailserverid` (`mailserverid`),
  KEY `rtemid` (`rtemid`),
  KEY `admin_idfk` (`AdminIDxx`),
  KEY `prod_idfk` (`productid`),
  KEY `ou_idfk` (`ou_id`),
  CONSTRAINT `admin_idfk` FOREIGN KEY (`AdminIDxx`) REFERENCES `admin` (`AdminId`),
  CONSTRAINT `mailserver_idfk` FOREIGN KEY (`mailserverid`) REFERENCES `mailservers` (`mailserverid`),
  CONSTRAINT `ou_idfk` FOREIGN KEY (`ou_id`) REFERENCES `tbl_orgunit_user` (`ou_id`) ON DELETE RESTRICT ON UPDATE RESTRICT,
  CONSTRAINT `prod_idfk` FOREIGN KEY (`productid`) REFERENCES `products` (`productid`),
  CONSTRAINT `rtem_idfk` FOREIGN KEY (`rtemid`) REFERENCES `reply_to_emails` (`rtemid`)
) ENGINE=InnoDB AUTO_INCREMENT=59 DEFAULT CHARSET=utf8mb3;
/*!40101 SET character_set_client = @saved_cs_client */;

--
-- Dumping data for table `campaign`
--

LOCK TABLES `campaign` WRITE;
/*!40000 ALTER TABLE `campaign` DISABLE KEYS */;
INSERT INTO `campaign` VALUES (15,'NewCamp','Automatic','Other','hjh','2021-08-24',19,15,'Completed','2021-08-24 02:15:48.000000',NULL,'subscriptionDraft',9,'Active',3,1,'format1','system_wise_embargo',30),(16,'NewCamp23','Automatic','Journal General Articles','deted','2021-09-01',1,1,'Rejected','2021-09-01 11:59:08.000000','2021-09-09 09:54:07.000000','subscriptionDraft',21,'Active',1,1,'format1','system_wise_embargo',30),(17,'NewCamp123','Automatic','Other','13131','2021-09-03',18,14,'Completed','2021-09-03 16:30:13.000000','2021-11-09 09:54:07.000000','subscriptionDraft',10,'Active',3,1,'format1','system_wise_embargo',30),(18,'Sep9Camp','Automatic','Other','dummy','2021-09-09',1,1,'Completed','2021-09-09 09:48:01.000000','2021-11-09 09:54:45.000000','subscriptionDraft',7,'Active',3,1,'format1','system_wise_embargo',30),(19,'NewCamp13','Automatic','Journal Promotion','wdsad','2021-09-13',17,13,'Completed','2021-11-13 15:42:42.000000','2021-11-09 09:54:45.000000','subscriptionDraft',7,'Active',3,1,'format1','system_wise_embargo',30),(20,'NewCamp28','Manual','Trial','uiu','2021-09-28',1,1,'Archive','2021-09-28 16:28:06.000000','2021-11-18 23:25:29.000000','subscriptionDraft',10,'Active',3,1,'format1',NULL,NULL),(21,'Camp12oct','Automatic','Trial','ikt','2021-10-12',1,1,'Archive','2021-10-12 09:48:25.000000','2021-11-14 11:52:21.000000','subscriptionDraft',26,'In Active',3,1,'format1',NULL,NULL),(22,'Camp14oct','Automatic','Journal General Articles','aa','2021-10-14',2,13,'Verified','2021-10-14 12:09:42.000000',NULL,'subscriptionDraft',9,'Active',3,1,'format1',NULL,NULL),(23,'Camp14oct12.50','Automatic','Journal General Articles','dfdf','2021-10-14',2,14,'Verified','2021-10-14 12:49:47.000000',NULL,'subscriptionDraft',1,'Active',3,1,'format1',NULL,NULL),(29,'Camp1Nov','Automatic','Trial','xcsdfs','2021-11-01',1,1,'Archive','2021-11-01 11:03:28.000000','2021-11-01 11:17:51.000000','subscriptionDraft',2,'Active',1,1,'format1','global',45),(30,'test1','Manual','Subscriber','test1','2021-11-16',15,15,'Stop','2021-11-16 05:34:38.000000','2022-01-20 01:53:25.000000','subscriptionDraft',12,'Active',3,NULL,NULL,'global',30),(31,'test2','Manual','Trial','test2','2021-11-16',15,1,'Archive','2021-11-16 05:55:08.000000','2021-11-22 00:17:36.000000','subscriptionDraft',13,'Active',3,NULL,NULL,'global',30),(32,'test2trail','Manual','Trial','testing','2021-11-16',15,13,'Rejected','2021-11-16 06:45:30.000000',NULL,'subscriptionDraft',14,'Active',3,NULL,NULL,'global',30),(33,'test23','Manual','Trial','trail test','2021-11-18',15,15,'Rejected','2021-11-17 23:42:57.000000',NULL,'subscriptionDraft',15,'Active',3,NULL,NULL,'global',30),(34,'test234','Manual','Other','test','2021-11-18',15,14,'Verified','2021-11-17 23:50:09.000000',NULL,'subscriptionDraft',16,'Active',3,NULL,NULL,'global',30),(35,'Automatic test','Automatic','Subscriber','testing select data','2021-11-19',15,15,'Verified','2021-11-19 00:10:38.000000',NULL,'subscriptionDraft',17,'Active',3,NULL,NULL,'global',30),(37,'test23g','Manual','Trial','test','2021-11-22',1,1,'Archive','2021-11-22 00:26:24.000000','2021-12-01 01:51:06.000000','subscriptionDraft',19,'Active',1,NULL,NULL,'global',30),(39,'test123','Manual','Journal General Articles','edfrsfer','2021-11-30',15,14,'Pending Verification Alert','2021-11-30 05:09:07.000000',NULL,'subscriptionDraft',7,'Active',3,NULL,NULL,'global',30),(40,'test234adminid','Manual','Trial','tutrbjb','2022-01-20',15,14,'Pending Verification Alert','2022-01-20 00:53:51.000000',NULL,'subscriptionDraft',1,'Active',3,NULL,NULL,'global',30),(42,'Camp7Dec','Manual','Trial','mjbj','2021-12-07',1,1,'Active','2021-12-06 23:04:02.000000','2021-12-07 05:38:21.000000','subscriptionDraft',11,'Active',3,NULL,NULL,'global',30),(55,'test20sec','Manual','Trial','testing','2021-12-20',17,13,'Stop','2021-12-20 01:26:24.000000','2021-12-20 01:35:06.000000','subscriptionDraft',1,'Active',1,NULL,NULL,'global',30),(56,'campJan62022','Manual','Subscriber','edfdf','2022-01-06',31,1,'Archive','2022-01-06 04:31:22.000000','2022-01-06 04:38:08.000000','subscriptionDraft',43,'Active',2,NULL,NULL,'global',0),(57,'AlenCampJan7','Automatic','Subscriber','jhgugu','2022-01-07',12,19,'Archive','2022-01-07 02:19:01.000000',NULL,'subscriptionDraft',21,'Active',2,NULL,NULL,'global',30),(58,'test20jan5','Manual','Book editors','testing this','2022-01-31',NULL,15,'Inactive','2022-01-31 01:49:40.000000',NULL,'subscriptionDraft',40,'Active',2,NULL,NULL,'global',30);
/*!40000 ALTER TABLE `campaign` ENABLE KEYS */;
UNLOCK TABLES;

--
-- Table structure for table `campaign_author_stats`
--

DROP TABLE IF EXISTS `campaign_author_stats`;
/*!40101 SET @saved_cs_client     = @@character_set_client */;
/*!50503 SET character_set_client = utf8 */;
CREATE TABLE `campaign_author_stats` (
  `CampaignAuthorsStatsID` int NOT NULL AUTO_INCREMENT,
  `CampaingAuthorsID` int NOT NULL,
  `Stats_Type` varchar(100) DEFAULT NULL,
  `IP_Address` varchar(255) DEFAULT NULL,
  `Country` varchar(100) DEFAULT NULL,
  `CountryCode` varchar(255) DEFAULT NULL,
  `State` varchar(100) DEFAULT NULL,
  `City` varchar(100) DEFAULT NULL,
  `Region` varchar(255) DEFAULT NULL,
  `StateCode` varchar(100) DEFAULT NULL,
  `ZipCode` varchar(100) DEFAULT NULL,
  `EmailOpenedDateTime` datetime DEFAULT NULL,
  `AccessDay` varchar(255) DEFAULT NULL,
  `AccessMonth` varchar(255) DEFAULT NULL,
  `AccessYear` varchar(100) DEFAULT NULL,
  `RefScript` varchar(255) DEFAULT NULL,
  `LinkURL` varchar(255) DEFAULT NULL,
  `REMOTE_HOST` varchar(255) DEFAULT NULL,
  `REMOTE_PORT` varchar(255) DEFAULT NULL,
  `REQUEST_TIME` varchar(45) DEFAULT NULL,
  `IP_Owner` varchar(255) DEFAULT NULL,
  `AuthorEmail` varchar(255) DEFAULT NULL,
  PRIMARY KEY (`CampaignAuthorsStatsID`)
) ENGINE=InnoDB AUTO_INCREMENT=6 DEFAULT CHARSET=utf8mb3;
/*!40101 SET character_set_client = @saved_cs_client */;

--
-- Dumping data for table `campaign_author_stats`
--

LOCK TABLES `campaign_author_stats` WRITE;
/*!40000 ALTER TABLE `campaign_author_stats` DISABLE KEYS */;
INSERT INTO `campaign_author_stats` VALUES (1,1,'EmailOpened','::1','Others','','','',NULL,'','','2021-09-09 09:54:14','09','September','2021','/var/www/alishba/mailshub/emailTracker.php','http://localhost:777/mailshub/art-contributions-cron.php','REMOTE_HOST','39668','1631163253','','faisal@benthamscience.net'),(2,2,'EmailOpened','::1','Others','','','',NULL,'','','2021-09-09 09:54:14','09','September','2021','/var/www/alishba/mailshub/emailTracker.php','http://localhost:777/mailshub/art-contributions-cron.php','REMOTE_HOST','39680','1631163253','','ahmed@benthamscience.net'),(3,3,'EmailOpened','::1','Others','','','',NULL,'','','2021-09-09 09:54:14','09','September','2021','/var/www/alishba/mailshub/emailTracker.php','http://localhost:777/mailshub/art-contributions-cron.php','REMOTE_HOST','39682','1631163254','','tashfeen@benthamscience.net'),(4,4,'EmailOpened','::1','Others','','','',NULL,'','','2021-09-09 09:54:14','09','September','2021','/var/www/alishba/mailshub/emailTracker.php','http://localhost:777/mailshub/art-contributions-cron.php','REMOTE_HOST','39684','1631163254','','qasit@benthamscience.net'),(5,5,'EmailOpened','::1','Others','','','',NULL,'','','2021-09-09 09:54:14','09','September','2021','/var/www/alishba/mailshub/emailTracker.php','http://localhost:777/mailshub/art-contributions-cron.php','REMOTE_HOST','39686','1631163254','','wajeehaahmed@benthamscience.net');
/*!40000 ALTER TABLE `campaign_author_stats` ENABLE KEYS */;
UNLOCK TABLES;

--
-- Table structure for table `campaingauthors`
--

DROP TABLE IF EXISTS `campaingauthors`;
/*!40101 SET @saved_cs_client     = @@character_set_client */;
/*!50503 SET character_set_client = utf8 */;
CREATE TABLE `campaingauthors` (
  `CampaingAuthorsID` int NOT NULL AUTO_INCREMENT,
  `CampID` int DEFAULT NULL,
  `rtemid` int NOT NULL,
  `Initials` varchar(50) DEFAULT NULL,
  `Journal_title` varchar(1000) DEFAULT NULL,
  `Role` varchar(55) DEFAULT NULL,
  `Fname` varchar(255) DEFAULT NULL,
  `Lastname` varchar(255) DEFAULT NULL,
  `affiliation` varchar(6000) DEFAULT NULL,
  `Add1` varchar(500) DEFAULT NULL,
  `Add2` varchar(500) DEFAULT NULL,
  `Add3` varchar(500) DEFAULT NULL,
  `Add4` varchar(500) DEFAULT NULL,
  `Country` varchar(255) DEFAULT NULL,
  `email` varchar(100) DEFAULT NULL,
  `article_title` varchar(5000) DEFAULT NULL,
  `eurekaselect_url` varchar(2000) DEFAULT NULL,
  `sending_IP` varchar(16) DEFAULT NULL,
  `from_email` varchar(255) DEFAULT NULL,
  `sending_hostname` varchar(255) DEFAULT NULL,
  `Status` varchar(100) DEFAULT NULL,
  `Sent_email_datetime` datetime DEFAULT NULL,
  PRIMARY KEY (`CampaingAuthorsID`),
  KEY `CampID` (`CampID`),
  CONSTRAINT `fk_camp_id` FOREIGN KEY (`CampID`) REFERENCES `campaign` (`CampID`)
) ENGINE=InnoDB AUTO_INCREMENT=102 DEFAULT CHARSET=utf8mb3;
/*!40101 SET character_set_client = @saved_cs_client */;

--
-- Dumping data for table `campaingauthors`
--

LOCK TABLES `campaingauthors` WRITE;
/*!40000 ALTER TABLE `campaingauthors` DISABLE KEYS */;
INSERT INTO `campaingauthors` VALUES (6,17,0,NULL,'Current Vascular Pharmacology','Author','Muhammad','Faisal','First Cardiology Clinic, School of Medicine, University of Athens, Athens',NULL,NULL,NULL,NULL,'Greece','faisal@benthamscience.net','Gender-specific, Lifestyle-related Factors and 10-year Cardiovascular Disease Risk; the ATTICA and GREECS Cohort Studies','http://eurekaselect.com/node/162943',NULL,NULL,NULL,'Not Sent',NULL),(7,19,0,NULL,'Current Vascular Pharmacology','Author','Asees','Ahmed','First Cardiology Clinic, School of Medicine, University of Athens, Athens',NULL,NULL,NULL,NULL,'Greece','ahmed@benthamscience.net','Gender-specific, Lifestyle-related Factors and 10-year Cardiovascular Disease Risk; the ATTICA and GREECS Cohort Studies','http://eurekaselect.com/node/162943',NULL,NULL,NULL,'Not Sent',NULL),(8,19,0,NULL,'Current Vascular Pharmacology','Author','Tashfeen','hashmi','First Cardiology Clinic, School of Medicine, University of Athens, Athens',NULL,NULL,NULL,NULL,'Greece','tashfeen@benthamscience.net','Gender-specific, Lifestyle-related Factors and 10-year Cardiovascular Disease Risk; the ATTICA and GREECS Cohort Studies','http://eurekaselect.com/node/162943',NULL,NULL,NULL,'Not Sent',NULL),(9,19,0,NULL,'Current Vascular Pharmacology','Author','Tashfeen','hashmi','First Cardiology Clinic, School of Medicine, University of Athens, Athens',NULL,NULL,NULL,NULL,'Greece','qasit@benthamscience.net','Gender-specific, Lifestyle-related Factors and 10-year Cardiovascular Disease Risk; the ATTICA and GREECS Cohort Studies','http://eurekaselect.com/node/162944',NULL,NULL,NULL,'Not Sent',NULL),(10,19,0,NULL,'Current Vascular Pharmacology','Author','Tashfeen','hashmi','First Cardiology Clinic, School of Medicine, University of Athens, Athens',NULL,NULL,NULL,NULL,'Greece','wajeehaahmed@benthamscience.net','Gender-specific, Lifestyle-related Factors and 10-year Cardiovascular Disease Risk; the ATTICA and GREECS Cohort Studies','http://eurekaselect.com/node/162945',NULL,NULL,NULL,'Not Sent',NULL),(16,18,0,NULL,'Current Vascular Pharmacology','Author','Muhammad','Faisal','First Cardiology Clinic, School of Medicine, University of Athens, Athens',NULL,NULL,NULL,NULL,'Greece','faisal@benthamscience.net','Gender-specific, Lifestyle-related Factors and 10-year Cardiovascular Disease Risk; the ATTICA and GREECS Cohort Studies','http://eurekaselect.com/node/162943',NULL,NULL,NULL,'Not Sent',NULL),(21,22,0,NULL,'Current Vascular Pharmacology','Author','Muhammad','Faisal','First Cardiology Clinic, School of Medicine, University of Athens, Athens',NULL,NULL,NULL,NULL,'Greece','faisal@benthamscience.net','Gender-specific, Lifestyle-related Factors and 10-year Cardiovascular Disease Risk; the ATTICA and GREECS Cohort Studies','http://eurekaselect.com/node/162943',NULL,NULL,NULL,'Not Sent',NULL),(22,22,0,NULL,'Current Vascular Pharmacology','Author','Asees','Ahmed','First Cardiology Clinic, School of Medicine, University of Athens, Athens',NULL,NULL,NULL,NULL,'Greece','ahmed@benthamscience.net','Gender-specific, Lifestyle-related Factors and 10-year Cardiovascular Disease Risk; the ATTICA and GREECS Cohort Studies','http://eurekaselect.com/node/162943',NULL,NULL,NULL,'Not Sent',NULL),(23,22,0,NULL,'Current Vascular Pharmacology','Author','Tashfeen','hashmi','First Cardiology Clinic, School of Medicine, University of Athens, Athens',NULL,NULL,NULL,NULL,'Greece','tashfeen@benthamscience.net','Gender-specific, Lifestyle-related Factors and 10-year Cardiovascular Disease Risk; the ATTICA and GREECS Cohort Studies','http://eurekaselect.com/node/162943',NULL,NULL,NULL,'Not Sent',NULL),(25,22,0,NULL,'Current Vascular Pharmacology','Author','Tashfeen','hashmi','First Cardiology Clinic, School of Medicine, University of Athens, Athens',NULL,NULL,NULL,NULL,'Greece','wajeehaahmed@benthamscience.net','Gender-specific, Lifestyle-related Factors and 10-year Cardiovascular Disease Risk; the ATTICA and GREECS Cohort Studies','http://eurekaselect.com/node/162945',NULL,NULL,NULL,'Not Sent',NULL),(28,23,0,NULL,'Current Vascular Pharmacology','Author','Muhammad','Faisal','First Cardiology Clinic, School of Medicine, University of Athens, Athens',NULL,NULL,NULL,NULL,'Greece','faisal@benthamscience.net','Gender-specific, Lifestyle-related Factors and 10-year Cardiovascular Disease Risk; the ATTICA and GREECS Cohort Studies','http://eurekaselect.com/node/162943',NULL,NULL,NULL,'Not Sent',NULL),(29,23,0,NULL,'Current Vascular Pharmacology','Author','Asees','Ahmed','First Cardiology Clinic, School of Medicine, University of Athens, Athens',NULL,NULL,NULL,NULL,'Greece','ahmed@benthamscience.net','Gender-specific, Lifestyle-related Factors and 10-year Cardiovascular Disease Risk; the ATTICA and GREECS Cohort Studies','http://eurekaselect.com/node/162943',NULL,NULL,NULL,'Not Sent',NULL),(32,23,0,NULL,'Current Vascular Pharmacology','Author','Tashfeen','hashmi','First Cardiology Clinic, School of Medicine, University of Athens, Athens',NULL,NULL,NULL,NULL,'Greece','wajeehaahmed@benthamscience.net','Gender-specific, Lifestyle-related Factors and 10-year Cardiovascular Disease Risk; the ATTICA and GREECS Cohort Studies','http://eurekaselect.com/node/162945',NULL,NULL,NULL,'Not Sent',NULL),(77,42,0,NULL,'Current Vascular Pharmacology','Author','Muhammad','Faisal','First Cardiology Clinic, School of Medicine, University of Athens, Athens',NULL,NULL,NULL,NULL,'Greece','faisal@benthamscience.net','Gender-specific, Lifestyle-related Factors and 10-year Cardiovascular Disease Risk; the ATTICA and GREECS Cohort Studies','http://eurekaselect.com/node/162943',NULL,NULL,NULL,'Not Sent',NULL),(78,42,0,NULL,'Current Vascular Pharmacology','Author','Asees','Ahmed','First Cardiology Clinic, School of Medicine, University of Athens, Athens',NULL,NULL,NULL,NULL,'Greece','ahmed@benthamscience.net','Gender-specific, Lifestyle-related Factors and 10-year Cardiovascular Disease Risk; the ATTICA and GREECS Cohort Studies','http://eurekaselect.com/node/162943',NULL,NULL,NULL,'Not Sent',NULL),(79,42,0,NULL,'Current Vascular Pharmacology','Author','Tashfeen','hashmi','First Cardiology Clinic, School of Medicine, University of Athens, Athens',NULL,NULL,NULL,NULL,'Greece','tashfeen@benthamscience.net','Gender-specific, Lifestyle-related Factors and 10-year Cardiovascular Disease Risk; the ATTICA and GREECS Cohort Studies','http://eurekaselect.com/node/162943',NULL,NULL,NULL,'Not Sent',NULL),(80,42,0,NULL,'Current Vascular Pharmacology','Author','Tashfeen','hashmi','First Cardiology Clinic, School of Medicine, University of Athens, Athens',NULL,NULL,NULL,NULL,'Greece','qasit@benthamscience.net','Gender-specific, Lifestyle-related Factors and 10-year Cardiovascular Disease Risk; the ATTICA and GREECS Cohort Studies','http://eurekaselect.com/node/162944',NULL,NULL,NULL,'Not Sent',NULL),(81,42,0,NULL,'Current Vascular Pharmacology','Author','Tashfeen','hashmi','First Cardiology Clinic, School of Medicine, University of Athens, Athens',NULL,NULL,NULL,NULL,'Greece','wajeehaahmed@benthamscience.net','Gender-specific, Lifestyle-related Factors and 10-year Cardiovascular Disease Risk; the ATTICA and GREECS Cohort Studies','http://eurekaselect.com/node/162945',NULL,NULL,NULL,'Not Sent',NULL),(89,34,0,NULL,'Current Vascular Pharmacology','Author','Asees','Ahmed','First Cardiology Clinic, School of Medicine, University of Athens, Athens',NULL,NULL,NULL,NULL,'Greece','ahmed@benthamscience.net','Gender-specific, Lifestyle-related Factors and 10-year Cardiovascular Disease Risk; the ATTICA and GREECS Cohort Studies','http://eurekaselect.com/node/162943',NULL,NULL,NULL,'Not Sent',NULL),(90,34,0,NULL,'Current Vascular Pharmacology','Author','Tashfeen','hashmi','First Cardiology Clinic, School of Medicine, University of Athens, Athens',NULL,NULL,NULL,NULL,'Greece','tashfeen@benthamscience.net','Gender-specific, Lifestyle-related Factors and 10-year Cardiovascular Disease Risk; the ATTICA and GREECS Cohort Studies','http://eurekaselect.com/node/162943',NULL,NULL,NULL,'Not Sent',NULL),(91,34,0,NULL,'Current Vascular Pharmacology','Author','Tashfeen','hashmi','First Cardiology Clinic, School of Medicine, University of Athens, Athens',NULL,NULL,NULL,NULL,'Greece','qasit@benthamscience.net','Gender-specific, Lifestyle-related Factors and 10-year Cardiovascular Disease Risk; the ATTICA and GREECS Cohort Studies','http://eurekaselect.com/node/162944',NULL,NULL,NULL,'Not Sent',NULL),(92,34,0,NULL,'Current Vascular Pharmacology','Author','Tashfeen','hashmi','First Cardiology Clinic, School of Medicine, University of Athens, Athens',NULL,NULL,NULL,NULL,'Greece','wajeehaahmed@benthamscience.net','Gender-specific, Lifestyle-related Factors and 10-year Cardiovascular Disease Risk; the ATTICA and GREECS Cohort Studies','http://eurekaselect.com/node/162945',NULL,NULL,NULL,'Not Sent',NULL),(93,34,0,NULL,'Current Vascular Pharmacology','Author','Alishba','Ali','First Cardiology Clinic, School of Medicine, University of Athens, Athens',NULL,NULL,NULL,NULL,'Greece','abc@wiley.co.uk','Gender-specific, Lifestyle-related Factors and 10-year Cardiovascular Disease Risk; the ATTICA and GREECS Cohort Studies','http://eurekaselect.com/node/162945',NULL,NULL,NULL,'Not Sent',NULL),(98,30,12,NULL,'Current Vascular Pharmacology','Author','Asees','Ahmed','First Cardiology Clinic, School of Medicine, University of Athens, Athens',NULL,NULL,NULL,NULL,'Greece','ahmed@benthamscience.net','Gender-specific, Lifestyle-related Factors and 10-year Cardiovascular Disease Risk; the ATTICA and GREECS Cohort Studies','http://eurekaselect.com/node/162943',NULL,NULL,NULL,'Not Sent',NULL),(99,30,12,NULL,'Current Vascular Pharmacology','Author','Tashfeen','hashmi','First Cardiology Clinic, School of Medicine, University of Athens, Athens',NULL,NULL,NULL,NULL,'Greece','tashfeen@benthamscience.net','Gender-specific, Lifestyle-related Factors and 10-year Cardiovascular Disease Risk; the ATTICA and GREECS Cohort Studies','http://eurekaselect.com/node/162943',NULL,NULL,NULL,'Not Sent',NULL),(100,30,12,NULL,'Current Vascular Pharmacology','Author','Tashfeen','hashmi','First Cardiology Clinic, School of Medicine, University of Athens, Athens',NULL,NULL,NULL,NULL,'Greece','qasit@benthamscience.net','Gender-specific, Lifestyle-related Factors and 10-year Cardiovascular Disease Risk; the ATTICA and GREECS Cohort Studies','http://eurekaselect.com/node/162944',NULL,NULL,NULL,'Not Sent',NULL),(101,30,12,NULL,'Current Vascular Pharmacology','Author','Tashfeen','hashmi','First Cardiology Clinic, School of Medicine, University of Athens, Athens',NULL,NULL,NULL,NULL,'Greece','wajeehaahmed@benthamscience.net','Gender-specific, Lifestyle-related Factors and 10-year Cardiovascular Disease Risk; the ATTICA and GREECS Cohort Studies','http://eurekaselect.com/node/162945',NULL,NULL,NULL,'Not Sent',NULL);
/*!40000 ALTER TABLE `campaingauthors` ENABLE KEYS */;
UNLOCK TABLES;

--
-- Table structure for table `campaingauthors_comp_archive`
--

DROP TABLE IF EXISTS `campaingauthors_comp_archive`;
/*!40101 SET @saved_cs_client     = @@character_set_client */;
/*!50503 SET character_set_client = utf8 */;
CREATE TABLE `campaingauthors_comp_archive` (
  `comp_archive_id` int NOT NULL AUTO_INCREMENT,
  `CampaingAuthorsID` int DEFAULT NULL,
  `CampID` int DEFAULT NULL,
  `rtemid` int NOT NULL,
  `Initials` varchar(50) DEFAULT NULL,
  `Journal_title` varchar(1000) DEFAULT NULL,
  `Role` varchar(55) DEFAULT NULL,
  `Fname` varchar(255) DEFAULT NULL,
  `Lastname` varchar(255) DEFAULT NULL,
  `affiliation` varchar(6000) DEFAULT NULL,
  `Add1` varchar(500) DEFAULT NULL,
  `Add2` varchar(500) DEFAULT NULL,
  `Add3` varchar(500) DEFAULT NULL,
  `Add4` varchar(500) DEFAULT NULL,
  `Country` varchar(255) DEFAULT NULL,
  `email` varchar(100) DEFAULT NULL,
  `article_title` varchar(5000) DEFAULT NULL,
  `eurekaselect_url` varchar(2000) NOT NULL,
  `sending_IP` varchar(16) DEFAULT NULL,
  `from_email` varchar(255) DEFAULT NULL,
  `sending_hostname` varchar(255) DEFAULT NULL,
  `Status` varchar(100) DEFAULT NULL,
  `Sent_email_datetime` datetime DEFAULT NULL,
  PRIMARY KEY (`comp_archive_id`),
  UNIQUE KEY `CampaingAuthorsID` (`CampaingAuthorsID`)
) ENGINE=InnoDB AUTO_INCREMENT=6 DEFAULT CHARSET=utf8mb3;
/*!40101 SET character_set_client = @saved_cs_client */;

--
-- Dumping data for table `campaingauthors_comp_archive`
--

LOCK TABLES `campaingauthors_comp_archive` WRITE;
/*!40000 ALTER TABLE `campaingauthors_comp_archive` DISABLE KEYS */;
INSERT INTO `campaingauthors_comp_archive` VALUES (1,1,18,0,NULL,'Current Vascular Pharmacology','Author','Muhammad','Faisal','First Cardiology Clinic, School of Medicine, University of Athens, Athens',NULL,NULL,NULL,NULL,'Greece','faisal@benthamscience.net','Gender-specific, Lifestyle-related Factors and 10-year Cardiovascular Disease Risk; the ATTICA and GREECS Cohort Studies','http://eurekaselect.com/node/162943',NULL,NULL,NULL,'Sent','2021-09-09 09:54:09'),(2,2,18,0,NULL,'Current Vascular Pharmacology','Author','Asees','Ahmed','First Cardiology Clinic, School of Medicine, University of Athens, Athens',NULL,NULL,NULL,NULL,'Greece','ahmed@benthamscience.net','Gender-specific, Lifestyle-related Factors and 10-year Cardiovascular Disease Risk; the ATTICA and GREECS Cohort Studies','http://eurekaselect.com/node/162943',NULL,NULL,NULL,'Sent','2021-09-09 09:54:09'),(3,3,18,0,NULL,'Current Vascular Pharmacology','Author','Tashfeen','hashmi','First Cardiology Clinic, School of Medicine, University of Athens, Athens',NULL,NULL,NULL,NULL,'Greece','tashfeen@benthamscience.net','Gender-specific, Lifestyle-related Factors and 10-year Cardiovascular Disease Risk; the ATTICA and GREECS Cohort Studies','http://eurekaselect.com/node/162943',NULL,NULL,NULL,'Sent','2021-09-09 09:54:09'),(4,4,18,0,NULL,'Current Vascular Pharmacology','Author','Tashfeen','hashmi','First Cardiology Clinic, School of Medicine, University of Athens, Athens',NULL,NULL,NULL,NULL,'Greece','qasit@benthamscience.net','Gender-specific, Lifestyle-related Factors and 10-year Cardiovascular Disease Risk; the ATTICA and GREECS Cohort Studies','http://eurekaselect.com/node/162944',NULL,NULL,NULL,'Sent','2021-09-09 09:54:09'),(5,5,18,0,NULL,'Current Vascular Pharmacology','Author','Tashfeen','hashmi','First Cardiology Clinic, School of Medicine, University of Athens, Athens',NULL,NULL,NULL,NULL,'Greece','wajeehaahmed@benthamscience.net','Gender-specific, Lifestyle-related Factors and 10-year Cardiovascular Disease Risk; the ATTICA and GREECS Cohort Studies','http://eurekaselect.com/node/162945',NULL,NULL,NULL,'Sent','2021-09-09 09:54:09');
/*!40000 ALTER TABLE `campaingauthors_comp_archive` ENABLE KEYS */;
UNLOCK TABLES;

--
-- Table structure for table `campaingauthors_hold_archive`
--

DROP TABLE IF EXISTS `campaingauthors_hold_archive`;
/*!40101 SET @saved_cs_client     = @@character_set_client */;
/*!50503 SET character_set_client = utf8 */;
CREATE TABLE `campaingauthors_hold_archive` (
  `hold_archive_id` int NOT NULL AUTO_INCREMENT,
  `CampaingAuthorsID` int DEFAULT NULL,
  `CampID` int DEFAULT NULL,
  `rtemid` int NOT NULL,
  `Initials` varchar(50) DEFAULT NULL,
  `Journal_title` varchar(1000) DEFAULT NULL,
  `Role` varchar(55) DEFAULT NULL,
  `Fname` varchar(255) DEFAULT NULL,
  `Lastname` varchar(255) DEFAULT NULL,
  `affiliation` varchar(6000) DEFAULT NULL,
  `Add1` varchar(500) DEFAULT NULL,
  `Add2` varchar(500) DEFAULT NULL,
  `Add3` varchar(500) DEFAULT NULL,
  `Add4` varchar(500) DEFAULT NULL,
  `Country` varchar(255) DEFAULT NULL,
  `email` varchar(100) DEFAULT NULL,
  `article_title` varchar(5000) DEFAULT NULL,
  `eurekaselect_url` varchar(2000) NOT NULL,
  `sending_IP` varchar(16) DEFAULT NULL,
  `from_email` varchar(255) DEFAULT NULL,
  `sending_hostname` varchar(255) DEFAULT NULL,
  `Status` varchar(100) DEFAULT NULL,
  `Sent_email_datetime` datetime DEFAULT NULL,
  PRIMARY KEY (`hold_archive_id`),
  UNIQUE KEY `CampaingAuthorsID` (`CampaingAuthorsID`)
) ENGINE=InnoDB AUTO_INCREMENT=34 DEFAULT CHARSET=utf8mb3;
/*!40101 SET character_set_client = @saved_cs_client */;

--
-- Dumping data for table `campaingauthors_hold_archive`
--

LOCK TABLES `campaingauthors_hold_archive` WRITE;
/*!40000 ALTER TABLE `campaingauthors_hold_archive` DISABLE KEYS */;
INSERT INTO `campaingauthors_hold_archive` VALUES (1,11,20,0,NULL,'Current Vascular Pharmacology','Author','Muhammad','Faisal','First Cardiology Clinic, School of Medicine, University of Athens, Athens',NULL,NULL,NULL,NULL,'Greece','faisal@benthamscience.net','Gender-specific, Lifestyle-related Factors and 10-year Cardiovascular Disease Risk; the ATTICA and GREECS Cohort Studies','http://eurekaselect.com/node/162943',NULL,NULL,NULL,'Not Sent',NULL),(2,12,20,0,NULL,'Current Vascular Pharmacology','Author','Asees','Ahmed','First Cardiology Clinic, School of Medicine, University of Athens, Athens',NULL,NULL,NULL,NULL,'Greece','ahmed@benthamscience.net','Gender-specific, Lifestyle-related Factors and 10-year Cardiovascular Disease Risk; the ATTICA and GREECS Cohort Studies','http://eurekaselect.com/node/162943',NULL,NULL,NULL,'Not Sent',NULL),(3,13,20,0,NULL,'Current Vascular Pharmacology','Author','Tashfeen','hashmi','First Cardiology Clinic, School of Medicine, University of Athens, Athens',NULL,NULL,NULL,NULL,'Greece','tashfeen@benthamscience.net','Gender-specific, Lifestyle-related Factors and 10-year Cardiovascular Disease Risk; the ATTICA and GREECS Cohort Studies','http://eurekaselect.com/node/162943',NULL,NULL,NULL,'Not Sent',NULL),(4,14,20,0,NULL,'Current Vascular Pharmacology','Author','Tashfeen','hashmi','First Cardiology Clinic, School of Medicine, University of Athens, Athens',NULL,NULL,NULL,NULL,'Greece','qasit@benthamscience.net','Gender-specific, Lifestyle-related Factors and 10-year Cardiovascular Disease Risk; the ATTICA and GREECS Cohort Studies','http://eurekaselect.com/node/162944',NULL,NULL,NULL,'Not Sent',NULL),(5,15,20,0,NULL,'Current Vascular Pharmacology','Author','Tashfeen','hashmi','First Cardiology Clinic, School of Medicine, University of Athens, Athens',NULL,NULL,NULL,NULL,'Greece','wajeehaahmed@benthamscience.net','Gender-specific, Lifestyle-related Factors and 10-year Cardiovascular Disease Risk; the ATTICA and GREECS Cohort Studies','http://eurekaselect.com/node/162945',NULL,NULL,NULL,'Not Sent',NULL),(6,24,31,0,NULL,'Current Vascular Pharmacology','Author','Tashfeen','hashmi','First Cardiology Clinic, School of Medicine, University of Athens, Athens',NULL,NULL,NULL,NULL,'Greece','qasit@benthamscience.net','Gender-specific, Lifestyle-related Factors and 10-year Cardiovascular Disease Risk; the ATTICA and GREECS Cohort Studies','http://eurekaselect.com/node/162944',NULL,NULL,NULL,'Not Sent',NULL),(7,30,31,0,NULL,'Current Vascular Pharmacology','Author','Tashfeen','hashmi','First Cardiology Clinic, School of Medicine, University of Athens, Athens',NULL,NULL,NULL,NULL,'Greece','tashfeen@benthamscience.net','Gender-specific, Lifestyle-related Factors and 10-year Cardiovascular Disease Risk; the ATTICA and GREECS Cohort Studies','http://eurekaselect.com/node/162943',NULL,NULL,NULL,'Not Sent',NULL),(8,31,31,0,NULL,'Current Vascular Pharmacology','Author','Tashfeen','hashmi','First Cardiology Clinic, School of Medicine, University of Athens, Athens',NULL,NULL,NULL,NULL,'Greece','qasit@benthamscience.net','Gender-specific, Lifestyle-related Factors and 10-year Cardiovascular Disease Risk; the ATTICA and GREECS Cohort Studies','http://eurekaselect.com/node/162944',NULL,NULL,NULL,'Not Sent',NULL),(9,71,37,0,NULL,'Current Vascular Pharmacology','Author','Muhammad','Faisal','First Cardiology Clinic, School of Medicine, University of Athens, Athens',NULL,NULL,NULL,NULL,'Greece','faisal@benthamscience.net','Gender-specific, Lifestyle-related Factors and 10-year Cardiovascular Disease Risk; the ATTICA and GREECS Cohort Studies','http://eurekaselect.com/node/162943',NULL,NULL,NULL,'Not Sent',NULL),(10,72,37,0,NULL,'Current Vascular Pharmacology','Author','Asees','Ahmed','First Cardiology Clinic, School of Medicine, University of Athens, Athens',NULL,NULL,NULL,NULL,'Greece','ahmed@benthamscience.net','Gender-specific, Lifestyle-related Factors and 10-year Cardiovascular Disease Risk; the ATTICA and GREECS Cohort Studies','http://eurekaselect.com/node/162943',NULL,NULL,NULL,'Not Sent',NULL),(11,73,37,0,NULL,'Current Vascular Pharmacology','Author','Tashfeen','hashmi','First Cardiology Clinic, School of Medicine, University of Athens, Athens',NULL,NULL,NULL,NULL,'Greece','tashfeen@benthamscience.net','Gender-specific, Lifestyle-related Factors and 10-year Cardiovascular Disease Risk; the ATTICA and GREECS Cohort Studies','http://eurekaselect.com/node/162943',NULL,NULL,NULL,'Not Sent',NULL),(12,74,37,0,NULL,'Current Vascular Pharmacology','Author','Tashfeen','hashmi','First Cardiology Clinic, School of Medicine, University of Athens, Athens',NULL,NULL,NULL,NULL,'Greece','qasit@benthamscience.net','Gender-specific, Lifestyle-related Factors and 10-year Cardiovascular Disease Risk; the ATTICA and GREECS Cohort Studies','http://eurekaselect.com/node/162944',NULL,NULL,NULL,'Not Sent',NULL),(13,75,37,0,NULL,'Current Vascular Pharmacology','Author','Tashfeen','hashmi','First Cardiology Clinic, School of Medicine, University of Athens, Athens',NULL,NULL,NULL,NULL,'Greece','wajeehaahmed@benthamscience.net','Gender-specific, Lifestyle-related Factors and 10-year Cardiovascular Disease Risk; the ATTICA and GREECS Cohort Studies','http://eurekaselect.com/node/162945',NULL,NULL,NULL,'Not Sent',NULL),(14,76,37,0,NULL,'Current Vascular Pharmacology','Author','Alishba','Ali','First Cardiology Clinic, School of Medicine, University of Athens, Athens',NULL,NULL,NULL,NULL,'Greece','abc@wiley.co.uk','Gender-specific, Lifestyle-related Factors and 10-year Cardiovascular Disease Risk; the ATTICA and GREECS Cohort Studies','http://eurekaselect.com/node/162945',NULL,NULL,NULL,'Not Sent',NULL),(15,38,29,0,NULL,'Current Vascular Pharmacology','Author','Muhammad','Faisal','First Cardiology Clinic, School of Medicine, University of Athens, Athens',NULL,NULL,NULL,NULL,'Greece','faisal@benthamscience.net','Gender-specific, Lifestyle-related Factors and 10-year Cardiovascular Disease Risk; the ATTICA and GREECS Cohort Studies','http://eurekaselect.com/node/162943',NULL,NULL,NULL,'Not Sent',NULL),(16,39,29,0,NULL,'Current Vascular Pharmacology','Author','Asees','Ahmed','First Cardiology Clinic, School of Medicine, University of Athens, Athens',NULL,NULL,NULL,NULL,'Greece','ahmed@benthamscience.net','Gender-specific, Lifestyle-related Factors and 10-year Cardiovascular Disease Risk; the ATTICA and GREECS Cohort Studies','http://eurekaselect.com/node/162943',NULL,NULL,NULL,'Not Sent',NULL),(17,40,29,0,NULL,'Current Vascular Pharmacology','Author','Tashfeen','hashmi','First Cardiology Clinic, School of Medicine, University of Athens, Athens',NULL,NULL,NULL,NULL,'Greece','tashfeen@benthamscience.net','Gender-specific, Lifestyle-related Factors and 10-year Cardiovascular Disease Risk; the ATTICA and GREECS Cohort Studies','http://eurekaselect.com/node/162943',NULL,NULL,NULL,'Not Sent',NULL),(18,41,29,0,NULL,'Current Vascular Pharmacology','Author','Tashfeen','hashmi','First Cardiology Clinic, School of Medicine, University of Athens, Athens',NULL,NULL,NULL,NULL,'Greece','qasit@benthamscience.net','Gender-specific, Lifestyle-related Factors and 10-year Cardiovascular Disease Risk; the ATTICA and GREECS Cohort Studies','http://eurekaselect.com/node/162944',NULL,NULL,NULL,'Not Sent',NULL),(19,42,29,0,NULL,'Current Vascular Pharmacology','Author','Tashfeen','hashmi','First Cardiology Clinic, School of Medicine, University of Athens, Athens',NULL,NULL,NULL,NULL,'Greece','wajeehaahmed@benthamscience.net','Gender-specific, Lifestyle-related Factors and 10-year Cardiovascular Disease Risk; the ATTICA and GREECS Cohort Studies','http://eurekaselect.com/node/162945',NULL,NULL,NULL,'Not Sent',NULL),(20,82,55,0,NULL,'Current Vascular Pharmacology','Author','Muhammad','Faisal','First Cardiology Clinic, School of Medicine, University of Athens, Athens',NULL,NULL,NULL,NULL,'Greece','faisal@benthamscience.net','Gender-specific, Lifestyle-related Factors and 10-year Cardiovascular Disease Risk; the ATTICA and GREECS Cohort Studies','http://eurekaselect.com/node/162943',NULL,NULL,NULL,'Not Sent',NULL),(21,83,55,0,NULL,'Current Vascular Pharmacology','Author','Asees','Ahmed','First Cardiology Clinic, School of Medicine, University of Athens, Athens',NULL,NULL,NULL,NULL,'Greece','ahmed@benthamscience.net','Gender-specific, Lifestyle-related Factors and 10-year Cardiovascular Disease Risk; the ATTICA and GREECS Cohort Studies','http://eurekaselect.com/node/162943',NULL,NULL,NULL,'Not Sent',NULL),(22,84,55,0,NULL,'Current Vascular Pharmacology','Author','Tashfeen','hashmi','First Cardiology Clinic, School of Medicine, University of Athens, Athens',NULL,NULL,NULL,NULL,'Greece','tashfeen@benthamscience.net','Gender-specific, Lifestyle-related Factors and 10-year Cardiovascular Disease Risk; the ATTICA and GREECS Cohort Studies','http://eurekaselect.com/node/162943',NULL,NULL,NULL,'Not Sent',NULL),(23,85,55,0,NULL,'Current Vascular Pharmacology','Author','Tashfeen','hashmi','First Cardiology Clinic, School of Medicine, University of Athens, Athens',NULL,NULL,NULL,NULL,'Greece','qasit@benthamscience.net','Gender-specific, Lifestyle-related Factors and 10-year Cardiovascular Disease Risk; the ATTICA and GREECS Cohort Studies','http://eurekaselect.com/node/162944',NULL,NULL,NULL,'Not Sent',NULL),(24,86,55,0,NULL,'Current Vascular Pharmacology','Author','Tashfeen','hashmi','First Cardiology Clinic, School of Medicine, University of Athens, Athens',NULL,NULL,NULL,NULL,'Greece','wajeehaahmed@benthamscience.net','Gender-specific, Lifestyle-related Factors and 10-year Cardiovascular Disease Risk; the ATTICA and GREECS Cohort Studies','http://eurekaselect.com/node/162945',NULL,NULL,NULL,'Not Sent',NULL),(25,87,55,0,NULL,'Current Vascular Pharmacology','Author','Alishba','Ali','First Cardiology Clinic, School of Medicine, University of Athens, Athens',NULL,NULL,NULL,NULL,'Greece','abc@wiley.co.uk','Gender-specific, Lifestyle-related Factors and 10-year Cardiovascular Disease Risk; the ATTICA and GREECS Cohort Studies','http://eurekaselect.com/node/162945',NULL,NULL,NULL,'Not Sent',NULL),(26,17,21,0,NULL,'Current Vascular Pharmacology','Author','Asees','Ahmed','First Cardiology Clinic, School of Medicine, University of Athens, Athens',NULL,NULL,NULL,NULL,'Greece','ahmed@benthamscience.net','Gender-specific, Lifestyle-related Factors and 10-year Cardiovascular Disease Risk; the ATTICA and GREECS Cohort Studies','http://eurekaselect.com/node/162943',NULL,NULL,NULL,'Not Sent',NULL),(27,18,21,0,NULL,'Current Vascular Pharmacology','Author','Tashfeen','hashmi','First Cardiology Clinic, School of Medicine, University of Athens, Athens',NULL,NULL,NULL,NULL,'Greece','tashfeen@benthamscience.net','Gender-specific, Lifestyle-related Factors and 10-year Cardiovascular Disease Risk; the ATTICA and GREECS Cohort Studies','http://eurekaselect.com/node/162943',NULL,NULL,NULL,'Not Sent',NULL),(28,19,21,0,NULL,'Current Vascular Pharmacology','Author','Tashfeen','hashmi','First Cardiology Clinic, School of Medicine, University of Athens, Athens',NULL,NULL,NULL,NULL,'Greece','qasit@benthamscience.net','Gender-specific, Lifestyle-related Factors and 10-year Cardiovascular Disease Risk; the ATTICA and GREECS Cohort Studies','http://eurekaselect.com/node/162944',NULL,NULL,NULL,'Not Sent',NULL),(29,20,21,0,NULL,'Current Vascular Pharmacology','Author','Tashfeen','hashmi','First Cardiology Clinic, School of Medicine, University of Athens, Athens',NULL,NULL,NULL,NULL,'Greece','wajeehaahmed@benthamscience.net','Gender-specific, Lifestyle-related Factors and 10-year Cardiovascular Disease Risk; the ATTICA and GREECS Cohort Studies','http://eurekaselect.com/node/162945',NULL,NULL,NULL,'Not Sent',NULL),(30,94,56,43,NULL,'Current Vascular Pharmacology','Author','Asees','Ahmed','First Cardiology Clinic, School of Medicine, University of Athens, Athens',NULL,NULL,NULL,NULL,'Greece','ahmed@benthamscience.net','Gender-specific, Lifestyle-related Factors and 10-year Cardiovascular Disease Risk; the ATTICA and GREECS Cohort Studies','http://eurekaselect.com/node/162943',NULL,NULL,NULL,'Not Sent',NULL),(31,95,56,43,NULL,'Current Vascular Pharmacology','Author','Tashfeen','hashmi','First Cardiology Clinic, School of Medicine, University of Athens, Athens',NULL,NULL,NULL,NULL,'Greece','tashfeen@benthamscience.net','Gender-specific, Lifestyle-related Factors and 10-year Cardiovascular Disease Risk; the ATTICA and GREECS Cohort Studies','http://eurekaselect.com/node/162943',NULL,NULL,NULL,'Not Sent',NULL),(32,96,56,43,NULL,'Current Vascular Pharmacology','Author','Tashfeen','hashmi','First Cardiology Clinic, School of Medicine, University of Athens, Athens',NULL,NULL,NULL,NULL,'Greece','qasit@benthamscience.net','Gender-specific, Lifestyle-related Factors and 10-year Cardiovascular Disease Risk; the ATTICA and GREECS Cohort Studies','http://eurekaselect.com/node/162944',NULL,NULL,NULL,'Not Sent',NULL),(33,97,56,43,NULL,'Current Vascular Pharmacology','Author','Tashfeen','hashmi','First Cardiology Clinic, School of Medicine, University of Athens, Athens',NULL,NULL,NULL,NULL,'Greece','wajeehaahmed@benthamscience.net','Gender-specific, Lifestyle-related Factors and 10-year Cardiovascular Disease Risk; the ATTICA and GREECS Cohort Studies','http://eurekaselect.com/node/162945',NULL,NULL,NULL,'Not Sent',NULL);
/*!40000 ALTER TABLE `campaingauthors_hold_archive` ENABLE KEYS */;
UNLOCK TABLES;

--
-- Table structure for table `campaingauthors_tempdomainfree`
--

DROP TABLE IF EXISTS `campaingauthors_tempdomainfree`;
/*!40101 SET @saved_cs_client     = @@character_set_client */;
/*!50503 SET character_set_client = utf8 */;
CREATE TABLE `campaingauthors_tempdomainfree` (
  `domain_free_id` int NOT NULL AUTO_INCREMENT,
  `CampaingAuthorsID` int DEFAULT NULL,
  `CampID` int DEFAULT NULL,
  `rtemid` int NOT NULL,
  `Initials` varchar(50) DEFAULT NULL,
  `Journal_title` varchar(1000) DEFAULT NULL,
  `Role` varchar(55) DEFAULT NULL,
  `Fname` varchar(255) DEFAULT NULL,
  `Lastname` varchar(255) DEFAULT NULL,
  `affiliation` varchar(6000) DEFAULT NULL,
  `Add1` varchar(500) DEFAULT NULL,
  `Add2` varchar(500) DEFAULT NULL,
  `Add3` varchar(500) DEFAULT NULL,
  `Add4` varchar(500) DEFAULT NULL,
  `Country` varchar(255) DEFAULT NULL,
  `email` varchar(100) DEFAULT NULL,
  `article_title` varchar(5000) DEFAULT NULL,
  `eurekaselect_url` varchar(2000) NOT NULL,
  `sending_IP` varchar(16) DEFAULT NULL,
  `from_email` varchar(255) DEFAULT NULL,
  `sending_hostname` varchar(255) DEFAULT NULL,
  `Status` varchar(100) DEFAULT NULL,
  `Sent_email_datetime` datetime DEFAULT NULL,
  PRIMARY KEY (`domain_free_id`)
) ENGINE=InnoDB DEFAULT CHARSET=utf8mb3;
/*!40101 SET character_set_client = @saved_cs_client */;

--
-- Dumping data for table `campaingauthors_tempdomainfree`
--

LOCK TABLES `campaingauthors_tempdomainfree` WRITE;
/*!40000 ALTER TABLE `campaingauthors_tempdomainfree` DISABLE KEYS */;
/*!40000 ALTER TABLE `campaingauthors_tempdomainfree` ENABLE KEYS */;
UNLOCK TABLES;

--
-- Table structure for table `campaingauthors_tempdomainlock`
--

DROP TABLE IF EXISTS `campaingauthors_tempdomainlock`;
/*!40101 SET @saved_cs_client     = @@character_set_client */;
/*!50503 SET character_set_client = utf8 */;
CREATE TABLE `campaingauthors_tempdomainlock` (
  `domain_lock_id` int NOT NULL AUTO_INCREMENT,
  `CampaingAuthorsID` int DEFAULT NULL,
  `CampID` int DEFAULT NULL,
  `rtemid` int NOT NULL,
  `Initials` varchar(50) DEFAULT NULL,
  `Journal_title` varchar(1000) DEFAULT NULL,
  `Role` varchar(55) DEFAULT NULL,
  `Fname` varchar(255) DEFAULT NULL,
  `Lastname` varchar(255) DEFAULT NULL,
  `affiliation` varchar(6000) DEFAULT NULL,
  `Add1` varchar(500) DEFAULT NULL,
  `Add2` varchar(500) DEFAULT NULL,
  `Add3` varchar(500) DEFAULT NULL,
  `Add4` varchar(500) DEFAULT NULL,
  `Country` varchar(255) DEFAULT NULL,
  `email` varchar(100) DEFAULT NULL,
  `article_title` varchar(5000) DEFAULT NULL,
  `eurekaselect_url` varchar(2000) NOT NULL,
  `sending_IP` varchar(16) DEFAULT NULL,
  `from_email` varchar(255) DEFAULT NULL,
  `sending_hostname` varchar(255) DEFAULT NULL,
  `Status` varchar(100) DEFAULT NULL,
  `Sent_email_datetime` datetime DEFAULT NULL,
  PRIMARY KEY (`domain_lock_id`)
) ENGINE=InnoDB DEFAULT CHARSET=utf8mb3;
/*!40101 SET character_set_client = @saved_cs_client */;

--
-- Dumping data for table `campaingauthors_tempdomainlock`
--

LOCK TABLES `campaingauthors_tempdomainlock` WRITE;
/*!40000 ALTER TABLE `campaingauthors_tempdomainlock` DISABLE KEYS */;
/*!40000 ALTER TABLE `campaingauthors_tempdomainlock` ENABLE KEYS */;
UNLOCK TABLES;

--
-- Table structure for table `campaingauthors_tempembargofree`
--

DROP TABLE IF EXISTS `campaingauthors_tempembargofree`;
/*!40101 SET @saved_cs_client     = @@character_set_client */;
/*!50503 SET character_set_client = utf8 */;
CREATE TABLE `campaingauthors_tempembargofree` (
  `emabrgo_free_id` int NOT NULL AUTO_INCREMENT,
  `CampaingAuthorsID` int DEFAULT NULL,
  `CampID` int DEFAULT NULL,
  `rtemid` int NOT NULL,
  `Initials` varchar(50) DEFAULT NULL,
  `Journal_title` varchar(1000) DEFAULT NULL,
  `Role` varchar(55) DEFAULT NULL,
  `Fname` varchar(255) DEFAULT NULL,
  `Lastname` varchar(255) DEFAULT NULL,
  `affiliation` varchar(6000) DEFAULT NULL,
  `Add1` varchar(500) DEFAULT NULL,
  `Add2` varchar(500) DEFAULT NULL,
  `Add3` varchar(500) DEFAULT NULL,
  `Add4` varchar(500) DEFAULT NULL,
  `Country` varchar(255) DEFAULT NULL,
  `email` varchar(100) DEFAULT NULL,
  `article_title` varchar(5000) DEFAULT NULL,
  `eurekaselect_url` varchar(2000) NOT NULL,
  `sending_IP` varchar(16) DEFAULT NULL,
  `from_email` varchar(255) DEFAULT NULL,
  `sending_hostname` varchar(255) DEFAULT NULL,
  `Status` varchar(100) DEFAULT NULL,
  `Sent_email_datetime` datetime DEFAULT NULL,
  PRIMARY KEY (`emabrgo_free_id`)
) ENGINE=InnoDB DEFAULT CHARSET=utf8mb3;
/*!40101 SET character_set_client = @saved_cs_client */;

--
-- Dumping data for table `campaingauthors_tempembargofree`
--

LOCK TABLES `campaingauthors_tempembargofree` WRITE;
/*!40000 ALTER TABLE `campaingauthors_tempembargofree` DISABLE KEYS */;
/*!40000 ALTER TABLE `campaingauthors_tempembargofree` ENABLE KEYS */;
UNLOCK TABLES;

--
-- Table structure for table `campaingauthors_tempembargolock`
--

DROP TABLE IF EXISTS `campaingauthors_tempembargolock`;
/*!40101 SET @saved_cs_client     = @@character_set_client */;
/*!50503 SET character_set_client = utf8 */;
CREATE TABLE `campaingauthors_tempembargolock` (
  `embargo_lock_id` int NOT NULL AUTO_INCREMENT,
  `CampaingAuthorsID` int DEFAULT NULL,
  `CampID` int DEFAULT NULL,
  `rtemid` int NOT NULL,
  `Initials` varchar(50) DEFAULT NULL,
  `Journal_title` varchar(1000) DEFAULT NULL,
  `Role` varchar(55) DEFAULT NULL,
  `Fname` varchar(255) DEFAULT NULL,
  `Lastname` varchar(255) DEFAULT NULL,
  `affiliation` varchar(6000) DEFAULT NULL,
  `Add1` varchar(500) DEFAULT NULL,
  `Add2` varchar(500) DEFAULT NULL,
  `Add3` varchar(500) DEFAULT NULL,
  `Add4` varchar(500) DEFAULT NULL,
  `Country` varchar(255) DEFAULT NULL,
  `email` varchar(100) DEFAULT NULL,
  `article_title` varchar(5000) DEFAULT NULL,
  `eurekaselect_url` varchar(2000) NOT NULL,
  `sending_IP` varchar(16) DEFAULT NULL,
  `from_email` varchar(255) DEFAULT NULL,
  `sending_hostname` varchar(255) DEFAULT NULL,
  `Status` varchar(100) DEFAULT NULL,
  `Sent_email_datetime` datetime DEFAULT NULL,
  PRIMARY KEY (`embargo_lock_id`)
) ENGINE=InnoDB DEFAULT CHARSET=utf8mb3;
/*!40101 SET character_set_client = @saved_cs_client */;

--
-- Dumping data for table `campaingauthors_tempembargolock`
--

LOCK TABLES `campaingauthors_tempembargolock` WRITE;
/*!40000 ALTER TABLE `campaingauthors_tempembargolock` DISABLE KEYS */;
/*!40000 ALTER TABLE `campaingauthors_tempembargolock` ENABLE KEYS */;
UNLOCK TABLES;

--
-- Table structure for table `campaingauthors_tempnepacd`
--

DROP TABLE IF EXISTS `campaingauthors_tempnepacd`;
/*!40101 SET @saved_cs_client     = @@character_set_client */;
/*!50503 SET character_set_client = utf8 */;
CREATE TABLE `campaingauthors_tempnepacd` (
  `NEPACD_id` int NOT NULL AUTO_INCREMENT,
  `CampaingAuthorsID` int DEFAULT NULL,
  `CampID` int DEFAULT NULL,
  `rtemid` int NOT NULL,
  `Initials` varchar(50) DEFAULT NULL,
  `Journal_title` varchar(1000) DEFAULT NULL,
  `Role` varchar(55) DEFAULT NULL,
  `Fname` varchar(255) DEFAULT NULL,
  `Lastname` varchar(255) DEFAULT NULL,
  `affiliation` varchar(6000) DEFAULT NULL,
  `Add1` varchar(500) DEFAULT NULL,
  `Add2` varchar(500) DEFAULT NULL,
  `Add3` varchar(500) DEFAULT NULL,
  `Add4` varchar(500) DEFAULT NULL,
  `Country` varchar(255) DEFAULT NULL,
  `email` varchar(100) DEFAULT NULL,
  `article_title` varchar(5000) DEFAULT NULL,
  `eurekaselect_url` varchar(2000) NOT NULL,
  `sending_IP` varchar(16) DEFAULT NULL,
  `from_email` varchar(255) DEFAULT NULL,
  `sending_hostname` varchar(255) DEFAULT NULL,
  `Status` varchar(100) DEFAULT NULL,
  `Sent_email_datetime` datetime DEFAULT NULL,
  PRIMARY KEY (`NEPACD_id`)
) ENGINE=InnoDB DEFAULT CHARSET=utf8mb3;
/*!40101 SET character_set_client = @saved_cs_client */;

--
-- Dumping data for table `campaingauthors_tempnepacd`
--

LOCK TABLES `campaingauthors_tempnepacd` WRITE;
/*!40000 ALTER TABLE `campaingauthors_tempnepacd` DISABLE KEYS */;
/*!40000 ALTER TABLE `campaingauthors_tempnepacd` ENABLE KEYS */;
UNLOCK TABLES;

--
-- Table structure for table `campaingauthors_tempunsubcriberfree`
--

DROP TABLE IF EXISTS `campaingauthors_tempunsubcriberfree`;
/*!40101 SET @saved_cs_client     = @@character_set_client */;
/*!50503 SET character_set_client = utf8 */;
CREATE TABLE `campaingauthors_tempunsubcriberfree` (
  `unsubfree_id` int NOT NULL AUTO_INCREMENT,
  `CampaingAuthorsID` int DEFAULT NULL,
  `CampID` int DEFAULT NULL,
  `rtemid` int NOT NULL,
  `Initials` varchar(50) DEFAULT NULL,
  `Journal_title` varchar(1000) DEFAULT NULL,
  `Role` varchar(55) DEFAULT NULL,
  `Fname` varchar(255) DEFAULT NULL,
  `Lastname` varchar(255) DEFAULT NULL,
  `affiliation` varchar(6000) DEFAULT NULL,
  `Add1` varchar(500) DEFAULT NULL,
  `Add2` varchar(500) DEFAULT NULL,
  `Add3` varchar(500) DEFAULT NULL,
  `Add4` varchar(500) DEFAULT NULL,
  `Country` varchar(255) DEFAULT NULL,
  `email` varchar(100) DEFAULT NULL,
  `article_title` varchar(5000) DEFAULT NULL,
  `eurekaselect_url` varchar(2000) NOT NULL,
  `sending_IP` varchar(16) DEFAULT NULL,
  `from_email` varchar(255) DEFAULT NULL,
  `sending_hostname` varchar(255) DEFAULT NULL,
  `Status` varchar(100) DEFAULT NULL,
  `Sent_email_datetime` datetime DEFAULT NULL,
  PRIMARY KEY (`unsubfree_id`)
) ENGINE=InnoDB DEFAULT CHARSET=utf8mb3;
/*!40101 SET character_set_client = @saved_cs_client */;

--
-- Dumping data for table `campaingauthors_tempunsubcriberfree`
--

LOCK TABLES `campaingauthors_tempunsubcriberfree` WRITE;
/*!40000 ALTER TABLE `campaingauthors_tempunsubcriberfree` DISABLE KEYS */;
/*!40000 ALTER TABLE `campaingauthors_tempunsubcriberfree` ENABLE KEYS */;
UNLOCK TABLES;

--
-- Table structure for table `catalogue`
--

DROP TABLE IF EXISTS `catalogue`;
/*!40101 SET @saved_cs_client     = @@character_set_client */;
/*!50503 SET character_set_client = utf8 */;
CREATE TABLE `catalogue` (
  `catalogue_id` int NOT NULL AUTO_INCREMENT,
  `catalogue_name` varchar(100) NOT NULL,
  `status` varchar(10) NOT NULL DEFAULT 'In Active',
  PRIMARY KEY (`catalogue_id`)
) ENGINE=InnoDB AUTO_INCREMENT=6 DEFAULT CHARSET=utf8mb3;
/*!40101 SET character_set_client = @saved_cs_client */;

--
-- Dumping data for table `catalogue`
--

LOCK TABLES `catalogue` WRITE;
/*!40000 ALTER TABLE `catalogue` DISABLE KEYS */;
INSERT INTO `catalogue` VALUES (1,'product','In Active'),(2,'discipline','In Active'),(3,'subject','In Active'),(4,'institute','In Active'),(5,'other','In Active');
/*!40000 ALTER TABLE `catalogue` ENABLE KEYS */;
UNLOCK TABLES;

--
-- Table structure for table `catalogue_category`
--

DROP TABLE IF EXISTS `catalogue_category`;
/*!40101 SET @saved_cs_client     = @@character_set_client */;
/*!50503 SET character_set_client = utf8 */;
CREATE TABLE `catalogue_category` (
  `catalogue_category_id` int NOT NULL AUTO_INCREMENT,
  `catalogue_id` int NOT NULL,
  `category_id` int NOT NULL,
  PRIMARY KEY (`catalogue_category_id`),
  KEY `fk_ctg_catalogue_category` (`category_id`),
  KEY `fk_cltg_catalogue_category` (`catalogue_id`),
  CONSTRAINT `fk_cltg_catalogue_category` FOREIGN KEY (`catalogue_id`) REFERENCES `catalogue` (`catalogue_id`),
  CONSTRAINT `fk_ctg_catalogue_category` FOREIGN KEY (`category_id`) REFERENCES `data_extraction_categories` (`dec_id`)
) ENGINE=InnoDB DEFAULT CHARSET=utf8mb3;
/*!40101 SET character_set_client = @saved_cs_client */;

--
-- Dumping data for table `catalogue_category`
--

LOCK TABLES `catalogue_category` WRITE;
/*!40000 ALTER TABLE `catalogue_category` DISABLE KEYS */;
/*!40000 ALTER TABLE `catalogue_category` ENABLE KEYS */;
UNLOCK TABLES;

--
-- Table structure for table `country_filter`
--

DROP TABLE IF EXISTS `country_filter`;
/*!40101 SET @saved_cs_client     = @@character_set_client */;
/*!50503 SET character_set_client = utf8 */;
CREATE TABLE `country_filter` (
  `cf_id` int NOT NULL AUTO_INCREMENT,
  `cf_name` varchar(100) NOT NULL,
  `cf_code` varchar(10) NOT NULL,
  `cf_type` varchar(10) NOT NULL DEFAULT 'negative',
  `cf_journal_status` varchar(10) NOT NULL DEFAULT 'active',
  `cf_subject_status` varchar(10) NOT NULL DEFAULT 'active',
  `cf_discipline_status` varchar(10) NOT NULL DEFAULT 'active',
  `cf_institute_status` varchar(10) NOT NULL DEFAULT 'active',
  `cf_status` varchar(10) NOT NULL DEFAULT 'active',
  PRIMARY KEY (`cf_id`),
  UNIQUE KEY `cf_code` (`cf_code`)
) ENGINE=InnoDB AUTO_INCREMENT=8 DEFAULT CHARSET=utf8mb3;
/*!40101 SET character_set_client = @saved_cs_client */;

--
-- Dumping data for table `country_filter`
--

LOCK TABLES `country_filter` WRITE;
/*!40000 ALTER TABLE `country_filter` DISABLE KEYS */;
INSERT INTO `country_filter` VALUES (1,'Standard (Without EU Countries and Country Ban List)','std','negative','active','active','active','active','active'),(2,'Blocked Countries Selection','blcs','negative','active','active','active','active','active'),(3,'Allowed Countries Selection','alcs','positive','active','active','active','active','active'),(4,'Advance Countries Selection','adcs','positive','active','active','active','active','active'),(5,'European Union Countries Block Selection (GDPR)','eucb','negative','active','active','active','active','active'),(6,'European Union Countries Allow Selection (GDPR)','euca','positive','active','active','active','active','active'),(7,'All Countries','all','positive','active','active','active','active','active');
/*!40000 ALTER TABLE `country_filter` ENABLE KEYS */;
UNLOCK TABLES;

--
-- Table structure for table `current_mailserver_config`
--

DROP TABLE IF EXISTS `current_mailserver_config`;
/*!40101 SET @saved_cs_client     = @@character_set_client */;
/*!50503 SET character_set_client = utf8 */;
CREATE TABLE `current_mailserver_config` (
  `cmc_id` int NOT NULL AUTO_INCREMENT,
  `emailaddress` varchar(150) NOT NULL,
  `mailserverid` int NOT NULL,
  `hostname` varchar(255) NOT NULL,
  `ipaddress` varchar(16) NOT NULL,
  `ipgateway` varchar(16) NOT NULL,
  `ipsubnet` varchar(16) NOT NULL,
  `config_status` varchar(20) NOT NULL DEFAULT 'Active',
  `system_date` datetime NOT NULL DEFAULT CURRENT_TIMESTAMP,
  PRIMARY KEY (`cmc_id`),
  KEY `mailserverid` (`mailserverid`),
  CONSTRAINT `current_mailserver_config_ibfk_1` FOREIGN KEY (`mailserverid`) REFERENCES `mailservers` (`mailserverid`)
) ENGINE=InnoDB DEFAULT CHARSET=utf8mb3;
/*!40101 SET character_set_client = @saved_cs_client */;

--
-- Dumping data for table `current_mailserver_config`
--

LOCK TABLES `current_mailserver_config` WRITE;
/*!40000 ALTER TABLE `current_mailserver_config` DISABLE KEYS */;
/*!40000 ALTER TABLE `current_mailserver_config` ENABLE KEYS */;
UNLOCK TABLES;

--
-- Table structure for table `data_extraction_categories`
--

DROP TABLE IF EXISTS `data_extraction_categories`;
/*!40101 SET @saved_cs_client     = @@character_set_client */;
/*!50503 SET character_set_client = utf8 */;
CREATE TABLE `data_extraction_categories` (
  `dec_id` int NOT NULL AUTO_INCREMENT,
  `dec_name` varchar(100) NOT NULL,
  `dec_code` varchar(10) NOT NULL,
  `dec_embargo` int NOT NULL,
  `dec_universal_embargo` int NOT NULL,
  `dec_journal_status` varchar(10) NOT NULL DEFAULT 'active',
  `dec_subject_status` varchar(10) NOT NULL DEFAULT 'active',
  `dec_discipline_status` varchar(10) NOT NULL DEFAULT 'active',
  `dec_institute_status` varchar(10) NOT NULL DEFAULT 'active',
  `dec_status` varchar(10) NOT NULL,
  PRIMARY KEY (`dec_id`)
) ENGINE=InnoDB AUTO_INCREMENT=16 DEFAULT CHARSET=utf8mb3;
/*!40101 SET character_set_client = @saved_cs_client */;

--
-- Dumping data for table `data_extraction_categories`
--

LOCK TABLES `data_extraction_categories` WRITE;
/*!40000 ALTER TABLE `data_extraction_categories` DISABLE KEYS */;
INSERT INTO `data_extraction_categories` VALUES (1,'Authors (General Topic)','authors',30,20,'active','active','active','active','active'),(2,'Hot Topic Authors (HTA)','hta',30,20,'active','active','active','active','active'),(3,'Executive Guest Editor (EGE)','ege',30,20,'active','active','active','active','active'),(4,'Editorial Board (EBM)','ebm',30,20,'active','active','active','active','active'),(5,'Section Editors (SE)','se',30,20,'active','active','active','active','active'),(6,'Editors and Co-Editors (ECE)','ece',30,20,'active','active','active','active','active'),(7,'New Journal Proposals (NJP)','njp',30,20,'active','active','active','active','active'),(8,'Book Editors (BE)','be',30,20,'active','active','active','active','active'),(9,'Book Series Authors (BSA)','bsa',30,20,'active','active','active','active','active'),(10,'Reviewer Consents (RC)','rc',30,20,'active','active','active','active','active'),(11,'Conference Participants (CP)','cp',30,20,'active','active','active','active','active'),(12,'Marketing Trial Access (MTA)','mta',30,20,'active','active','active','active','active'),(13,'Marketing Promotional Activities (MPA)','mpa',30,20,'active','active','active','active','active'),(14,'Brand Ambassador (BA)','ba',30,20,'active','active','active','active','active'),(15,'Webinar Registrations (WR)','wr',30,20,'active','active','active','active','active');
/*!40000 ALTER TABLE `data_extraction_categories` ENABLE KEYS */;
UNLOCK TABLES;

--
-- Table structure for table `disciplines`
--

DROP TABLE IF EXISTS `disciplines`;
/*!40101 SET @saved_cs_client     = @@character_set_client */;
/*!50503 SET character_set_client = utf8 */;
CREATE TABLE `disciplines` (
  `discipline_id` int NOT NULL AUTO_INCREMENT,
  `discipline_name` varchar(255) NOT NULL,
  `admin_id` int NOT NULL,
  `created_at` datetime NOT NULL DEFAULT CURRENT_TIMESTAMP,
  PRIMARY KEY (`discipline_id`),
  KEY `fk_aadm_id` (`admin_id`)
) ENGINE=InnoDB AUTO_INCREMENT=368 DEFAULT CHARSET=latin1;
/*!40101 SET character_set_client = @saved_cs_client */;

--
-- Dumping data for table `disciplines`
--

LOCK TABLES `disciplines` WRITE;
/*!40000 ALTER TABLE `disciplines` DISABLE KEYS */;
INSERT INTO `disciplines` VALUES (1,'Health(social science)',1,'2020-01-06 09:09:17'),(2,'Health, Toxicology and Mutagenesis',1,'2020-01-06 09:09:17'),(3,'Health Information Management',1,'2020-01-06 09:09:17'),(4,'Life-span and Life-course Studies',1,'2020-01-06 09:09:17'),(5,'Electronic, Optical and Magnetic Materials',1,'2020-01-06 09:09:17'),(6,'Surfaces, Coatings and Films',1,'2020-01-06 09:09:17'),(7,'Nuclear Energy and Engineering',1,'2020-01-06 09:09:17'),(8,'Pollution',1,'2020-01-06 09:09:17'),(9,'Astronomy and Astrophysics',1,'2020-01-06 09:09:17'),(10,'Space and Planetary Science',1,'2020-01-06 09:09:17'),(11,'Fuel Technology',1,'2020-01-06 09:09:17'),(12,'Energy Engineering and Power Technology',1,'2020-01-06 09:09:17'),(13,'Industrial and Manufacturing Engineering',1,'2020-01-06 09:09:17'),(14,'Condensed Matter Physics',1,'2020-01-06 09:09:17'),(15,'Physiology',1,'2020-01-06 09:09:17'),(16,'Molecular Biology',1,'2020-01-06 09:09:17'),(17,'Physiology (medical)',1,'2020-01-06 09:09:17'),(18,'General Biochemistry, Genetics and Molecular Biology',1,'2020-01-06 09:09:17'),(19,'Ceramics and Composites',1,'2020-01-06 09:09:17'),(20,'Surfaces and Interfaces',1,'2020-01-06 09:09:17'),(21,'Polymers and Plastics',1,'2020-01-06 09:09:17'),(22,'Bioengineering',1,'2020-01-06 09:09:17'),(23,'Atomic and Molecular Physics, and Optics',1,'2020-01-06 09:09:17'),(24,'Cell Biology',1,'2020-01-06 09:09:17'),(25,'Physics and Astronomy',1,'2020-01-06 09:09:17'),(26,'Computational Theory and Mathematics',1,'2020-01-06 09:09:17'),(27,'Applied Mathematics',1,'2020-01-06 09:09:17'),(28,'Physical and Theoretical Chemistry',1,'2020-01-06 09:09:17'),(29,'Inorganic Chemistry',1,'2020-01-06 09:09:17'),(30,'Structural Biology',1,'2020-01-06 09:09:17'),(31,'Metals and Alloys',1,'2020-01-06 09:09:17'),(32,'Geophysics',1,'2020-01-06 09:09:17'),(33,'Pathology and Forensic Medicine',1,'2020-01-06 09:09:17'),(34,'Business and International Management',1,'2020-01-06 09:09:17'),(35,'Organizational Behavior and Human Resource Management',1,'2020-01-06 09:09:17'),(36,'Oceanography',1,'2020-01-06 09:09:17'),(37,'Histology',1,'2020-01-06 09:09:17'),(38,'Ecology, Evolution, Behavior and Systematics',1,'2020-01-06 09:09:17'),(39,'Ecology',1,'2020-01-06 09:09:17'),(40,'Chemical Health and Safety',1,'2020-01-06 09:09:17'),(41,'Electrochemistry',1,'2020-01-06 09:09:17'),(42,'Fluid Flow and Transfer Processes',1,'2020-01-06 09:09:17'),(43,'Cellular and Molecular Neuroscience',1,'2020-01-06 09:09:17'),(44,'Biochemistry, Genetics and Molecular Biology',1,'2020-01-06 09:09:17'),(45,'Numerical Analysis',1,'2020-01-06 09:09:17'),(46,'General Mathematics',1,'2020-01-06 09:09:17'),(47,'Insect Science',1,'2020-01-06 09:09:17'),(48,'Biophysics',1,'2020-01-06 09:09:17'),(49,'Social Psychology',1,'2020-01-06 09:09:17'),(50,'Social Sciences',1,'2020-01-06 09:09:17'),(51,'Control and Optimization',1,'2020-01-06 09:09:17'),(52,'Ophthalmology',1,'2020-01-06 09:09:17'),(53,'Sensory Systems',1,'2020-01-06 09:09:17'),(54,'Toxicology',1,'2020-01-06 09:09:17'),(55,'Theoretical Computer Science',1,'2020-01-06 09:09:17'),(56,'Education',1,'2020-01-06 09:09:17'),(57,'Computer Networks and Communications',1,'2020-01-06 09:09:17'),(58,'Economics and Econometrics',1,'2020-01-06 09:09:17'),(59,'Management Information Systems',1,'2020-01-06 09:09:17'),(60,'Information Systems',1,'2020-01-06 09:09:17'),(61,'Information Systems and Management',1,'2020-01-06 09:09:17'),(62,'Reproductive Medicine',1,'2020-01-06 09:09:17'),(63,'Obstetrics and Gynaecology',1,'2020-01-06 09:09:17'),(64,'Control and Systems Engineering',1,'2020-01-06 09:09:17'),(65,'Health Policy',1,'2020-01-06 09:09:17'),(66,'Developmental Neuroscience',1,'2020-01-06 09:09:17'),(67,'Signal Processing',1,'2020-01-06 09:09:17'),(68,'Hardware and Architecture',1,'2020-01-06 09:09:17'),(69,'Neuropsychology and Physiological Psychology',1,'2020-01-06 09:09:17'),(70,'Experimental and Cognitive Psychology',1,'2020-01-06 09:09:17'),(71,'Cognitive Neuroscience',1,'2020-01-06 09:09:17'),(72,'Finance',1,'2020-01-06 09:09:17'),(73,'Strategy and Management',1,'2020-01-06 09:09:17'),(74,'Developmental Biology',1,'2020-01-06 09:09:17'),(75,'Nuclear and High Energy Physics',1,'2020-01-06 09:09:17'),(76,'Parasitology',1,'2020-01-06 09:09:17'),(77,'Virology',1,'2020-01-06 09:09:17'),(78,'General Business, Management and Accounting',1,'2020-01-06 09:09:17'),(79,'Management of Technology and Innovation',1,'2020-01-06 09:09:17'),(80,'Gastroenterology',1,'2020-01-06 09:09:17'),(81,'Global and Planetary Change',1,'2020-01-06 09:09:17'),(82,'Geography, Planning and Development',1,'2020-01-06 09:09:17'),(83,'Management, Monitoring, Policy and Law',1,'2020-01-06 09:09:17'),(84,'Sociology and Political Science',1,'2020-01-06 09:09:17'),(85,'Management Science and Operations Research',1,'2020-01-06 09:09:17'),(86,'General Earth and Planetary Sciences',1,'2020-01-06 09:09:17'),(87,'Earth and Planetary Sciences',1,'2020-01-06 09:09:17'),(88,'Building and Construction',1,'2020-01-06 09:09:17'),(89,'Geochemistry and Petrology',1,'2020-01-06 09:09:17'),(90,'Transportation',1,'2020-01-06 09:09:17'),(91,'Safety Research',1,'2020-01-06 09:09:17'),(92,'Analytical Chemistry',1,'2020-01-06 09:09:17'),(93,'Hepatology',1,'2020-01-06 09:09:17'),(94,'Marketing',1,'2020-01-06 09:09:17'),(95,'Aerospace Engineering',1,'2020-01-06 09:09:17'),(96,'Psychology',1,'2020-01-06 09:09:17'),(97,'Rheumatology',1,'2020-01-06 09:09:17'),(98,'Safety, Risk, Reliability and Quality',1,'2020-01-06 09:09:17'),(99,'Computational Mathematics',1,'2020-01-06 09:09:17'),(100,'Soil Science',1,'2020-01-06 09:09:17'),(101,'Geology',1,'2020-01-06 09:09:17'),(102,'Computers in Earth Sciences',1,'2020-01-06 09:09:17'),(103,'Modelling and Simulation',1,'2020-01-06 09:09:17'),(104,'Library and Information Sciences',1,'2020-01-06 09:09:17'),(105,'Radiology Nuclear Medicine and imaging',1,'2020-01-06 09:09:17'),(106,'Health Informatics',1,'2020-01-06 09:09:17'),(107,'Radiological and Ultrasound Technology',1,'2020-01-06 09:09:17'),(108,'Internal Medicine',1,'2020-01-06 09:09:17'),(109,'Water Science and Technology',1,'2020-01-06 09:09:17'),(110,'Waste Management and Disposal',1,'2020-01-06 09:09:17'),(111,'Ecological Modelling',1,'2020-01-06 09:09:17'),(112,'Statistical and Nonlinear Physics',1,'2020-01-06 09:09:17'),(113,'Spectroscopy',1,'2020-01-06 09:09:17'),(114,'Behavioral Neuroscience',1,'2020-01-06 09:09:17'),(115,'Arts and Humanities',1,'2020-01-06 09:09:17'),(116,'Public Administration',1,'2020-01-06 09:09:17'),(117,'Development',1,'2020-01-06 09:09:17'),(118,'Tourism, Leisure and Hospitality Management',1,'2020-01-06 09:09:17'),(119,'Economics, Econometrics and Finance',1,'2020-01-06 09:09:17'),(120,'General Decision Sciences',1,'2020-01-06 09:09:17'),(121,'Automotive Engineering',1,'2020-01-06 09:09:17'),(122,'Environmental Engineering',1,'2020-01-06 09:09:17'),(123,'Periodontics',1,'2020-01-06 09:09:17'),(124,'Aquatic Science',1,'2020-01-06 09:09:17'),(125,'Accounting',1,'2020-01-06 09:09:17'),(126,'Physical Therapy, Sports Therapy and Rehabilitation',1,'2020-01-06 09:09:17'),(127,'Media Technology',1,'2020-01-06 09:09:17'),(128,'Filtration and Separation',1,'2020-01-06 09:09:17'),(129,'Nephrology',1,'2020-01-06 09:09:17'),(130,'Clinical Biochemistry',1,'2020-01-06 09:09:17'),(131,'Law',1,'2020-01-06 09:09:17'),(132,'Instrumentation',1,'2020-01-06 09:09:17'),(133,'Political Science and International Relations',1,'2020-01-06 09:09:17'),(134,'Agronomy and Crop Science',1,'2020-01-06 09:09:17'),(135,'Acoustics and Ultrasonics',1,'2020-01-06 09:09:17'),(136,'Nature and Landscape Conservation',1,'2020-01-06 09:09:17'),(137,'General Economics, Econometrics and Finance',1,'2020-01-06 09:09:17'),(138,'Language and Linguistics',1,'2020-01-06 09:09:17'),(139,'Linguistics and Language',1,'2020-01-06 09:09:17'),(140,'Surgery',1,'2020-01-06 09:09:17'),(141,'Anatomy',1,'2020-01-06 09:09:17'),(142,'Business, Management and Accounting',1,'2020-01-06 09:09:17'),(143,'Economic Geology',1,'2020-01-06 09:09:17'),(144,'Stratigraphy',1,'2020-01-06 09:09:17'),(145,'Analysis',1,'2020-01-06 09:09:17'),(146,'Communication',1,'2020-01-06 09:09:17'),(147,'Animal Science and Zoology',1,'2020-01-06 09:09:17'),(148,'General Veterinary',1,'2020-01-06 09:09:17'),(149,'Computational Mechanics',1,'2020-01-06 09:09:17'),(150,'General Social Sciences',1,'2020-01-06 09:09:17'),(151,'Earth-Surface Processes',1,'2020-01-06 09:09:17'),(152,'Cultural Studies',1,'2020-01-06 09:09:17'),(153,'Anthropology',1,'2020-01-06 09:09:17'),(154,'Transplantation',1,'2020-01-06 09:09:17'),(155,'Geotechnical Engineering and Engineering Geology',1,'2020-01-06 09:09:17'),(156,'Critical Care and Intensive Care Medicine',1,'2020-01-06 09:09:17'),(157,'Forestry',1,'2020-01-06 09:09:17'),(158,'Ocean Engineering',1,'2020-01-06 09:09:17'),(159,'Urban Studies',1,'2020-01-06 09:09:17'),(160,'Industrial relations',1,'2020-01-06 09:09:17'),(161,'Archaeology',1,'2020-01-06 09:09:17'),(162,'Algebra and Number Theory',1,'2020-01-06 09:09:17'),(163,'Mathematical Physics',1,'2020-01-06 09:09:17'),(164,'Geometry and Topology',1,'2020-01-06 09:09:17'),(165,'Discrete Mathematics and Combinatorics',1,'2020-01-06 09:09:17'),(166,'Dermatology',1,'2020-01-06 09:09:17'),(167,'Family Practice',1,'2020-01-06 09:09:17'),(168,'Rehabilitation',1,'2020-01-06 09:09:17'),(169,'Human Factors and Ergonomics',1,'2020-01-06 09:09:17'),(170,'Philosophy',1,'2020-01-06 09:09:17'),(171,'History and Philosophy of Science',1,'2020-01-06 09:09:17'),(172,'Demography',1,'2020-01-06 09:09:17'),(173,'Horticulture',1,'2020-01-06 09:09:17'),(174,'Logic',1,'2020-01-06 09:09:17'),(175,'Radiation',1,'2020-01-06 09:09:17'),(176,'Gender Studies',1,'2020-01-06 09:09:17'),(177,'General Arts and Humanities',1,'2020-01-06 09:09:17'),(178,'Chiropractics',1,'2020-01-06 09:09:17'),(179,'Otorhinolaryngology',1,'2020-01-06 09:09:17'),(180,'Oncology(nursing)',1,'2020-01-06 09:09:17'),(181,'History',1,'2020-01-06 09:09:17'),(182,'Emergency Medicine',1,'2020-01-06 09:09:17'),(183,'Emergency',1,'2020-01-06 09:09:17'),(184,'Oral Surgery',1,'2020-01-06 09:09:17'),(185,'Embryology',1,'2020-01-06 09:09:17'),(186,'Architecture',1,'2020-01-06 09:09:17'),(187,'Palaeontology',1,'2020-01-06 09:09:17'),(188,'Medical Laboratory Technology',1,'2020-01-06 09:09:17'),(189,'Speech and Hearing',1,'2020-01-06 09:09:17'),(190,'Visual Arts and Performing Arts',1,'2020-01-06 09:09:17'),(191,'Mathematics',1,'2020-01-06 09:09:17'),(192,'Issues, ethics and legal aspects',1,'2020-01-06 09:09:17'),(193,'Health Professions',1,'2020-01-06 09:09:17'),(194,'Maternity and Midwifery',1,'2020-01-06 09:09:17'),(195,'Literature and Literary Theory',1,'2020-01-06 09:09:17'),(196,'Leadership and Management',1,'2020-01-06 09:09:17'),(197,'Occupational Therapy',1,'2020-01-06 09:09:17'),(198,'Food Animals',1,'2020-01-06 09:09:17'),(199,'Decision Sciences',1,'2020-01-06 09:09:17'),(200,'Medical–Surgical',1,'2020-01-06 09:09:17'),(201,'Veterinary (miscalleneous)',1,'2020-01-06 09:09:17'),(202,'Conservation',1,'2020-01-06 09:09:17'),(203,'Small Animals',1,'2020-01-06 09:09:17'),(204,'Equine',1,'2020-01-06 09:09:17'),(205,'Complementary and Manual Therapy',1,'2020-01-06 09:09:17'),(206,'Community and Home Care',1,'2020-01-06 09:09:17'),(207,'Religious studies',1,'2020-01-06 09:09:17'),(208,'Museology',1,'2020-01-06 09:09:17'),(209,'Podiatry',1,'2020-01-06 09:09:17'),(210,'Orthodontics',1,'2020-01-06 09:09:17'),(211,'Optometry',1,'2020-01-06 09:09:17'),(212,'Care Planning',1,'2020-01-06 09:09:17'),(213,'Assessment and Diagnosis',1,'2020-01-06 09:09:17'),(214,'Critical Care',1,'2020-01-06 09:09:17'),(215,'Emergency Medical Services',1,'2020-01-06 09:09:17'),(216,'Medical Assisting and Transcription',1,'2020-01-06 09:09:17'),(217,'Geotechnical Engineering',24,'2020-01-24 14:12:03'),(218,'Electronic and Crystal structures-CCS',24,'2020-01-27 14:15:58'),(219,'Aquatic Science-CCS',24,'2020-01-27 14:33:09'),(220,'Gravity - Emerging Technologies',24,'2020-01-29 10:51:03'),(221,'MILITARY-Emerging Technologies',24,'2020-01-29 11:30:40'),(222,'OUTER SPACE-Emerging Technologies',24,'2020-01-29 12:10:17'),(223,'ROBOTICS-Emerging Technologies',24,'2020-01-29 12:21:04'),(224,'Materials Science-Emerging Technologies',24,'2020-01-30 14:39:38'),(225,'General Physics and Astronomy -Current Chinese Science',24,'2020-01-30 16:01:22'),(226,'Transportation-Emerging Technologies',24,'2020-01-31 08:57:58'),(227,'Information Technology-Emerging Technologies',24,'2020-01-31 15:03:53'),(228,'Atomic and Molecular Physics-Current Chinese Science',24,'2020-02-03 09:00:13'),(229,'ELECTRONICS-Emerging Technologies',24,'2020-02-03 14:27:19'),(230,'ENERGY-Emerging Technologies',24,'2020-02-03 14:51:11'),(231,'Blockchain and cryptocurrency',24,'2020-02-04 12:24:03'),(232,'DISPLAYS- Emerging Technologies',24,'2020-02-04 14:27:41'),(233,'Heterocyclic Compounds-CCS',24,'2020-02-04 14:53:58'),(234,'Electronic structures-CCS',24,'2020-02-04 16:32:29'),(235,'Laboratory Techniques',24,'2020-02-06 15:47:34'),(236,'Biophotonics-CCS',24,'2020-02-07 12:29:19'),(237,'Water Science',24,'2020-02-11 14:13:30'),(238,'Internal Medicine-Current Chinese Science',24,'2020-02-11 15:11:42'),(239,'Biomechanics-CCS',24,'2020-02-11 16:13:26'),(240,'test',24,'2020-02-12 12:23:05'),(241,'Nuclear Medicine and Imaging-Current Chinese Science',24,'2020-02-12 14:31:56'),(242,'Statistical and Nonlinear Physics-Current Chinese Science',24,'2020-02-13 15:35:46'),(243,'Otolaryngology-Current Chinese Science',24,'2020-02-13 15:55:42'),(244,'Nuclear and High Energy Physics-Current Chinese Science',24,'2020-02-14 15:18:34'),(245,'Physical and Theoretical Chemistry-Current Chinese Science',24,'2020-02-14 15:48:32'),(246,'Acoustics and Ultrasonics-Current Chinese Science',24,'2020-02-14 15:49:29'),(247,'Embryology Medicine-Current Chinese Science',24,'2020-02-18 15:19:58'),(248,'Anatomy Medicine-Current Chinese Science',24,'2020-02-18 15:24:42'),(249,'Emergency Medicine-Current Chinese Science',24,'2020-02-18 15:38:29'),(250,'MICROSERVICES, CONTAINERS AND SERVERLESS DAY',24,'2020-02-19 15:24:51'),(251,'Critical Care and Intensive Care Medicine-Current Chinese Science',24,'2020-02-19 15:59:45'),(252,'Cerebrovascular Diseases',24,'2020-03-05 11:08:45'),(253,'DIGITAL MARKETING',24,'2020-03-09 15:20:22'),(254,'Epidemiology',24,'2020-03-09 15:27:55'),(255,'Fuzzy Logics-Computational Mathematics',24,'2020-03-12 15:24:42'),(256,'Corona viruses',24,'2020-03-16 09:10:03'),(257,'Anthropology: Current and Future Developments',24,'2020-03-20 14:46:21'),(258,'Current and Future Developments in Law',24,'2020-03-27 11:47:06'),(259,'SIGNAL PROCESSING-CCS',24,'2020-03-27 12:04:23'),(260,'Frontiers in Ceramic Science',24,'2020-03-30 15:12:01'),(261,'Earth Surface Processes--Famous Planet Earth Caves',24,'2020-03-31 14:47:18'),(262,'Mycology: Current and Future Developments',24,'2020-04-02 09:02:12'),(263,'Geochemistry/Petrology',24,'2020-04-07 11:37:57'),(264,'Organizational Behaviors and Human Resource Management',24,'2020-04-07 12:21:04'),(265,'Food Additives and Human Health',24,'2020-04-08 09:45:55'),(266,'PROBIOTICS',24,'2020-04-09 10:21:19'),(267,'Current Cosmetics Science',24,'2020-04-10 08:27:33'),(268,'Current Forensic Science',24,'2020-04-10 10:31:30'),(269,'Political Science and International',24,'2020-04-15 11:06:54'),(270,'Dementia',24,'2020-04-15 12:00:38'),(271,'Artificial Intelligence and Robotics--CCS',24,'2020-04-16 15:06:33'),(272,'Biochemistry: Cell Biology',24,'2020-04-21 14:46:58'),(273,'CCS-Biochemistry',24,'2020-04-22 14:58:57'),(274,'Current Electrocatalysis',24,'2020-04-23 14:32:15'),(275,'Energy Conversion and Storage',24,'2020-05-04 11:36:29'),(276,'Geotechnical Engineering-CCS',24,'2020-05-06 12:53:15'),(277,'Herbal medicine',24,'2020-05-11 09:28:30'),(278,'Health (Social Science)',24,'2020-05-13 12:20:50'),(279,'Andrology',24,'2020-06-15 15:40:37'),(280,'Magnetic Resonance',24,'2020-06-17 16:30:10'),(281,'Pharmacy',24,'2020-07-20 12:26:04'),(282,'Radiology',24,'2020-07-21 15:27:41'),(283,'Marine Sciences',24,'2020-07-23 10:40:20'),(284,'Biosensing Technology',24,'2020-07-24 16:37:04'),(285,'Veterinary Medicine',24,'2020-07-28 17:04:51'),(286,'CCS-Natural Products',24,'2020-07-30 17:18:48'),(287,'Anti-obesity Drug Discovery and Development',24,'2020-08-12 15:17:47'),(288,'Liquid Crystal Light Modulators',24,'2020-09-21 15:39:45'),(289,'Perhalopyridines Synthesis and Synthetic Utility',24,'2020-09-21 15:56:45'),(290,'Bacterial Diseases',24,'2020-09-23 15:46:12'),(291,'Nanotechnology',24,'2020-10-29 15:38:03'),(292,'Oncology',24,'2020-11-04 15:47:15'),(293,'Social Sciences-Demography',24,'2020-11-24 12:09:23'),(294,'Social Sciences-Anthropology',24,'2020-11-24 12:25:46'),(295,'Social Sciences-Development',24,'2020-11-24 15:37:57'),(296,'Social Sciences-Cultural Science',24,'2020-11-24 16:47:08'),(297,'Social Sciences-Communication',24,'2020-11-25 10:05:56'),(298,'Social Sciences-Education',24,'2020-11-25 14:55:46'),(299,'Social Sciences-e-Learning',24,'2020-11-26 11:14:21'),(300,'Social Sciences-Gender Studies',24,'2020-11-26 16:36:24'),(301,'University of Bath',24,'2020-11-27 14:26:34'),(302,'Social Sciences-Geography',24,'2020-11-27 15:13:43'),(303,'Medicine',24,'2020-12-03 10:28:22'),(304,'Pharmacology',24,'2020-12-03 12:30:14'),(305,'Freie University Berlin',24,'2020-12-04 14:20:44'),(306,'Lusofona University',24,'2020-12-04 14:31:56'),(307,'Medicinal Chemistry',1,'2020-12-04 15:09:58'),(308,'Social Sciences-Health',24,'2020-12-04 15:30:21'),(309,'Current Olfaction Science',24,'2020-12-07 11:22:29'),(310,'Social Sciences-Law',24,'2020-12-08 11:59:04'),(311,'Current Biomedical Chelation',24,'2020-12-09 11:28:52'),(312,'Social Sciences-Library',24,'2020-12-10 15:27:00'),(313,'Wireless and Communication',24,'2020-12-10 16:26:55'),(314,'Social Sciences-Life Span Studies',24,'2020-12-17 15:11:12'),(315,'Tuberculosis',24,'2020-12-18 14:41:43'),(316,'Social Sciences-Linguistics',24,'2020-12-18 14:52:30'),(317,'Social Sciences-Political Science',24,'2020-12-23 14:30:50'),(318,'Social Sciences-Ergonomics',24,'2020-12-23 15:53:40'),(319,'Agriculture',24,'2020-12-28 14:10:46'),(320,'Biochemistry',24,'2020-12-28 14:11:17'),(321,'Business',24,'2020-12-28 14:11:49'),(322,'Chemical Engineering',24,'2020-12-28 14:12:16'),(323,'Chemistry',24,'2020-12-28 14:12:40'),(324,'Computer Science',24,'2020-12-28 14:13:10'),(325,'Economics',24,'2020-12-28 14:13:33'),(326,'Energy',24,'2020-12-28 14:13:59'),(327,'Engineering',24,'2020-12-28 14:14:25'),(328,'Environmental Science',24,'2020-12-28 14:14:53'),(329,'Immunology',24,'2020-12-28 14:15:25'),(330,'Materials Science',24,'2020-12-28 14:15:55'),(331,'Neuroscience',24,'2020-12-28 14:19:07'),(332,'Pharmacology, Toxicology and Pharmaceutics',24,'2020-12-28 14:19:44'),(333,'Physics',24,'2020-12-28 14:21:10'),(334,'Social Sciences-Archaeology',24,'2021-01-07 16:15:32'),(335,'Latin America',24,'2021-01-12 11:37:48'),(336,'Ritsumeikan University',24,'2021-02-16 10:41:26'),(337,'Izmir Yüksek Teknoloji Enstitüsü',24,'2021-02-16 14:05:07'),(338,'Koszalin University of Technology',24,'2021-02-16 14:15:22'),(339,'Agricultural and Biological Sciences',24,'2021-02-25 09:54:39'),(340,'Dentistry',24,'2021-02-25 09:58:31'),(341,'Immunology and Microbiology',24,'2021-02-25 10:01:43'),(342,'Nursing',24,'2021-02-25 10:03:41'),(343,'Veterinary',24,'2021-02-25 10:05:24'),(344,'Enzyme',24,'2021-03-03 16:29:04'),(345,'CHDDT (Cardiology and Cardiovascular Medicine',39,'2021-03-04 16:46:49'),(346,'Multidisciplinary',24,'2021-03-10 16:41:39'),(347,'Current Electrochemistry',39,'2021-03-31 14:11:26'),(348,'Cell Sciences',39,'2021-04-07 10:40:11'),(349,'Phytotherapy in the Management of Diabetes and Hypertension',24,'2021-04-12 10:19:33'),(350,'Angiogenesis',38,'2021-04-19 10:45:35'),(351,'MATLAB',24,'2021-04-22 10:12:19'),(352,'Current physics',39,'2021-04-26 09:38:10'),(353,'Business and Management Strategies',39,'2021-04-28 13:30:27'),(354,'Sports Medicine',39,'2021-05-17 12:16:22'),(355,'Biodiversity',24,'2021-05-19 10:46:50'),(356,'Structural Engineering',24,'2021-05-25 16:14:42'),(357,'Current Reviews in Clinical and Experimental Pharmacology',39,'2021-06-07 15:21:50'),(358,'NANOSTRUCTURES',24,'2021-06-23 16:30:32'),(359,'Environmental nanotechnology',24,'2021-06-23 16:47:27'),(360,'nanoparticle research',24,'2021-06-23 16:48:54'),(361,'Nanoethics',24,'2021-06-23 16:49:30'),(362,'nanofluids',24,'2021-06-23 16:50:00'),(363,'nanophotonics',24,'2021-06-23 16:51:04'),(364,'NANOENGINEERING',24,'2021-06-23 16:51:48'),(365,'NANOROBOTICS',24,'2021-06-23 16:52:10'),(366,'Veterinary science',24,'2021-06-28 14:39:59'),(367,'Archaeology and Humanities',24,'2021-08-09 14:22:32');
/*!40000 ALTER TABLE `disciplines` ENABLE KEYS */;
UNLOCK TABLES;

--
-- Table structure for table `dnsbl`
--

DROP TABLE IF EXISTS `dnsbl`;
/*!40101 SET @saved_cs_client     = @@character_set_client */;
/*!50503 SET character_set_client = utf8 */;
CREATE TABLE `dnsbl` (
  `dnsbl_id` int NOT NULL AUTO_INCREMENT,
  `dnsbl_name` varchar(100) NOT NULL,
  `priority_color` varchar(10) NOT NULL,
  `priority_score` int NOT NULL,
  `status` varchar(10) NOT NULL,
  PRIMARY KEY (`dnsbl_id`)
) ENGINE=InnoDB AUTO_INCREMENT=97 DEFAULT CHARSET=utf8mb3;
/*!40101 SET character_set_client = @saved_cs_client */;

--
-- Dumping data for table `dnsbl`
--

LOCK TABLES `dnsbl` WRITE;
/*!40000 ALTER TABLE `dnsbl` DISABLE KEYS */;
INSERT INTO `dnsbl` VALUES (1,'0SPAM','red',5,'Active'),(2,'Abuse.ro','red',5,'Active'),(3,'Abusix Mail Intelligence Blacklist','orange',3,'Active'),(4,'Abusix Mail Intelligence Domain Blacklist','orange',3,'Active'),(5,'Abusix Mail Intelligence Exploit list','orange',3,'Active'),(6,'Anonmails DNSBL','orange',3,'Active'),(7,'BACKSCATTERER','red',5,'Active'),(8,'BARRACUDA','black',10,'Active'),(9,'BLOCKLIST.DE','orange',3,'Active'),(10,'CALIVENT','orange',3,'Active'),(11,'CBL','black',10,'Active'),(12,'CYMRU BOGONS','orange',3,'Active'),(13,'DAN TOR','orange',3,'Active'),(14,'DAN TOREXIT','orange',3,'Active'),(15,'DNS SERVICIOS','orange',3,'Active'),(16,'DRMX','orange',3,'Active'),(17,'DRONE BL','orange',3,'Active'),(18,'FABELSOURCES','orange',3,'Active'),(19,'HIL','orange',3,'Active'),(20,'HIL2','orange',3,'Active'),(21,'Hostkarma Black','orange',3,'Active'),(22,'IBM DNS Blacklist','orange',3,'Active'),(23,'ICMFORBIDDEN','orange',3,'Active'),(24,'IMP SPAM','orange',3,'Active'),(25,'IMP WORM','orange',3,'Active'),(26,'INTERSERVER','orange',3,'Active'),(27,'ivmSIP','red',5,'Active'),(28,'ivmSIP24','red',5,'Active'),(29,'ivmURI','red',5,'Active'),(30,'JIPPG','orange',3,'Active'),(31,'KEMPTBL','orange',3,'Active'),(32,'KISA','orange',3,'Active'),(33,'Konstant','orange',3,'Active'),(34,'LASHBACK','orange',3,'Active'),(35,'LNSGBLOCK','orange',3,'Active'),(36,'LNSGBULK','orange',3,'Active'),(37,'LNSGMULTI','orange',3,'Active'),(38,'LNSGOR','orange',3,'Active'),(39,'LNSGSRC','orange',3,'Active'),(40,'MADAVI','orange',3,'Active'),(41,'MailBlacklist','black',10,'Active'),(42,'MAILSPIKE BL','black',10,'Active'),(43,'MAILSPIKE Z','black',10,'Active'),(44,'MSRBL Phishing','red',5,'Active'),(45,'MSRBL Spam','red',5,'Active'),(46,'NETHERRELAYS','orange',3,'Active'),(47,'NETHERUNSURE','orange',3,'Active'),(48,'NIXSPAM','orange',3,'Active'),(49,'Nordspam BL','orange',3,'Active'),(50,'Nordspam DBL','orange',3,'Active'),(51,'NoSolicitado','orange',3,'Active'),(52,'ORVEDB','orange',3,'Active'),(53,'PSBL','black',10,'Active'),(54,'RATS Dyna','orange',3,'Active'),(55,'RATS NoPtr','orange',3,'Active'),(56,'RATS Spam','orange',3,'Active'),(57,'RBL JP','red',5,'Active'),(58,'RSBL','black',10,'Active'),(59,'SCHULTE','orange',3,'Active'),(60,'SEM BACKSCATTER','orange',3,'Active'),(61,'SEM BLACK','black',10,'Active'),(62,'SEM FRESH','yellow',1,'Active'),(63,'SEM URI','red',5,'Active'),(64,'SEM URIRED','red',5,'Active'),(65,'Sender Score Reputation Network','black',10,'Active'),(66,'SERVICESNET','orange',3,'Active'),(67,'SORBS BLOCK','black',10,'Active'),(68,'SORBS DUHL','black',10,'Active'),(69,'SORBS HTTP','black',10,'Active'),(70,'SORBS MISC','black',10,'Active'),(71,'SORBS NEW','black',10,'Active'),(72,'SORBS RHSBL BADCONF','black',10,'Active'),(73,'SORBS RHSBL NOMAIL','black',10,'Active'),(74,'SORBS SMTP','black',10,'Active'),(75,'SORBS SOCKS','black',10,'Active'),(76,'SORBS SPAM','black',10,'Active'),(77,'SORBS WEB','black',10,'Active'),(78,'SORBS ZOMBIE','black',10,'Active'),(79,'SPAMCOP','black',10,'Active'),(80,'Spamhaus DBL','black',10,'Active'),(81,'Spamhaus ZEN','black',10,'Active'),(82,'SPFBL DNSBL','black',10,'Active'),(83,'Suomispam Reputation','orange',3,'Active'),(84,'SURBL multi','red',5,'Active'),(85,'SWINOG','orange',3,'Active'),(86,'TRIUMF','orange',3,'Active'),(87,'TRUNCATE','red',5,'Active'),(88,'UCEPROTECTL1','orange',3,'Active'),(89,'UCEPROTECTL2','orange',3,'In Active'),(90,'UCEPROTECTL3','yellow',1,'In Active'),(91,'Woodys SMTP Blacklist','orange',3,'Active'),(92,'WPBL','red',5,'Active'),(93,'ZapBL','orange',3,'Active'),(94,'DBLexist','orange',3,'Active');
/*!40000 ALTER TABLE `dnsbl` ENABLE KEYS */;
UNLOCK TABLES;

--
-- Table structure for table `draft`
--

DROP TABLE IF EXISTS `draft`;
/*!40101 SET @saved_cs_client     = @@character_set_client */;
/*!50503 SET character_set_client = utf8 */;
CREATE TABLE `draft` (
  `draft_id` int NOT NULL AUTO_INCREMENT,
  `subscription_draft` longtext,
  `draft_subject` varchar(200) NOT NULL,
  `CampID` int NOT NULL,
  `templete_created_date` date DEFAULT NULL,
  `templete_sent_date` date DEFAULT NULL,
  PRIMARY KEY (`draft_id`),
  KEY `fk_camp_draft` (`CampID`),
  CONSTRAINT `fk_camp_draft` FOREIGN KEY (`CampID`) REFERENCES `campaign` (`CampID`)
) ENGINE=InnoDB AUTO_INCREMENT=56 DEFAULT CHARSET=utf8mb3;
/*!40101 SET character_set_client = @saved_cs_client */;

--
-- Dumping data for table `draft`
--

LOCK TABLES `draft` WRITE;
/*!40000 ALTER TABLE `draft` DISABLE KEYS */;
INSERT INTO `draft` VALUES (1,'&lt;p&gt;test draft for test22 . trying to type journal title 56&lt;/p&gt;\r\n\r\n&lt;p&gt;&amp;nbsp;&lt;/p&gt;\r\n\r\n&lt;p&gt;&amp;nbsp;&lt;/p&gt;','test trail',15,'2021-11-16',NULL),(2,'&lt;p&gt;test draft for test22 . trying to type journal title 56&lt;/p&gt;\r\n\r\n&lt;p&gt;&amp;nbsp;&lt;/p&gt;\r\n\r\n&lt;p&gt;&amp;nbsp;&lt;/p&gt;','test',16,'2021-11-16',NULL),(4,'&lt;p&gt;test draft for test22 . trying to type journal title 56&lt;/p&gt;\r\n\r\n&lt;p&gt;&amp;nbsp;&lt;/p&gt;\r\n\r\n&lt;p&gt;&amp;nbsp;&lt;/p&gt;','value ',17,'2021-11-16',NULL),(9,'&lt;p&gt;test draft for test22 . trying to type journal title 56&lt;/p&gt;\r\n\r\n&lt;p&gt;&amp;nbsp;&lt;/p&gt;\r\n\r\n&lt;p&gt;&amp;nbsp;&lt;/p&gt;','dummy value ',18,'2021-11-16',NULL),(10,'&lt;p&gt;test draft for test22 . trying to type journal title 56&lt;/p&gt;\r\n\r\n&lt;p&gt;&amp;nbsp;&lt;/p&gt;\r\n\r\n&lt;p&gt;&amp;nbsp;&lt;/p&gt;','dummy value',19,'2021-11-16',NULL),(11,'&lt;p&gt;test draft for test22 . trying to type journal title 56&lt;/p&gt;\r\n\r\n&lt;p&gt;&amp;nbsp;&lt;/p&gt;\r\n\r\n&lt;p&gt;&amp;nbsp;&lt;/p&gt;','test value',20,'2021-11-16',NULL),(19,'&lt;p&gt;test draft for test22 . trying to type journal title 56&lt;/p&gt;\r\n\r\n&lt;p&gt;&amp;nbsp;&lt;/p&gt;\r\n\r\n&lt;p&gt;&amp;nbsp;&lt;/p&gt;','testing',21,'2021-11-16',NULL),(20,'&lt;p&gt;test draft for test22 . trying to type journal title 56&lt;/p&gt;\r\n\r\n&lt;p&gt;&amp;nbsp;&lt;/p&gt;\r\n\r\n&lt;p&gt;&amp;nbsp;&lt;/p&gt;','heres the test',22,'2021-11-16',NULL),(21,'&lt;p&gt;test draft for test22 . trying to type journal title 56&lt;/p&gt;\r\n\r\n&lt;p&gt;&amp;nbsp;&lt;/p&gt;\r\n\r\n&lt;p&gt;&amp;nbsp;&lt;/p&gt;','whats this',23,'2021-11-16',NULL),(24,'&lt;p&gt;test draft for test22 . trying to type journal title 56&lt;/p&gt;\r\n\r\n&lt;p&gt;&amp;nbsp;&lt;/p&gt;\r\n\r\n&lt;p&gt;&amp;nbsp;&lt;/p&gt;','tesing',29,'2021-11-16',NULL),(27,'&lt;p&gt;test draft for test22 . trying to type journal title 56&amp;nbsp;{Journal_title} , {article_title}&lt;/p&gt;\r\n\r\n&lt;p&gt;&amp;nbsp;&lt;/p&gt;\r\n\r\n&lt;p&gt;&amp;nbsp;&lt;/p&gt;\r\n\r\n&lt;p&gt;&amp;nbsp;&lt;/p&gt;','here is the subject line',32,'2021-12-08',NULL),(29,'&lt;p&gt;here is the subject for draft.{journal_title},{article_title}&lt;/p&gt;','draft for Camp 23 subject',33,'2021-11-17',NULL),(30,'&lt;p&gt;here is the draft for you to test&lt;/p&gt;\r\n\r\n&lt;p&gt;&amp;nbsp;&lt;/p&gt;\r\n\r\n&lt;p&gt;&amp;nbsp;&lt;/p&gt;\r\n\r\n&lt;p&gt;&amp;nbsp;&lt;/p&gt;\r\n\r\n&lt;p&gt;&amp;nbsp;&lt;/p&gt;','draft for Camp 23 subject test',34,'2021-11-18',NULL),(31,'&lt;p&gt;here is the test for you&lt;/p&gt;','draft for Camp 2 subject. testing rejected',31,'2021-11-18',NULL),(33,'&lt;p&gt;here id the draft&amp;nbsp; for test .&lt;/p&gt;','automatic Campaign',35,'2021-11-19',NULL),(35,'&lt;p&gt;test trail to check import.php&lt;/p&gt;','draft for Camp 2',37,'2021-11-22',NULL),(37,'&lt;p&gt;&lt;strong&gt;Bentham Science Publishers&lt;/strong&gt;&amp;nbsp;has a&amp;nbsp;&lt;strong&gt;&amp;lsquo;Read and Publish&amp;rsquo;&lt;/strong&gt;&amp;nbsp;partnership with the German consortium&amp;nbsp;&lt;strong&gt;&amp;lsquo;Specialized Information Services for Science&amp;rsquo; Pharmacy (Fachinformationsdienst Pharmazie FID PubPharm)&lt;/strong&gt;. This consortium covers important German universities, including your institution,&amp;nbsp;&lt;strong&gt;Heidelberg University&lt;/strong&gt;. This partnership provides authors and researchers from your university, an opportunity to publish their research as&amp;nbsp;&lt;strong&gt;Gold Open Access&lt;/strong&gt;, at a&amp;nbsp;&lt;strong&gt;50% discount&lt;/strong&gt;&amp;nbsp;on our listed Gold Open Access Charges, which range from &amp;euro;1,000 to &amp;euro;4,000 per article, depending on the journal selected.&lt;/p&gt;\r\n\r\n&lt;p&gt;&lt;strong&gt;We welcome you to submit your manuscripts, for publishing in your preferred Bentham journals. Please fill the following form to submit your article for initial approval:&amp;nbsp;&lt;/strong&gt;&lt;a href=&quot;https://benthamsciencepublisher.com/institutional-members.php&quot; target=&quot;_blank&quot;&gt;&lt;strong&gt;https://benthamsciencepublisher.com/institutional-members.php&lt;/strong&gt;&lt;/a&gt;&lt;/p&gt;\r\n\r\n&lt;p&gt;If you choose to also publish your article as Open Access, then please mention the Discount Code:&amp;nbsp;&lt;strong&gt;2020-BENTHMFUB-11-16&lt;/strong&gt;, when you submit your manuscript.&lt;/p&gt;\r\n\r\n&lt;p&gt;View a list of Bentham Science journals here:&amp;nbsp;&lt;a href=&quot;https://www.eurekaselect.net/bypublication&quot; target=&quot;_blank&quot;&gt;&lt;strong&gt;https://www.eurekaselect.net/bypublication&lt;/strong&gt;&lt;/a&gt;&lt;/p&gt;\r\n\r\n&lt;p&gt;Also, you can access relevant, full-text articles published in Bentham Science journals, through the Bentham Science website link given above.&lt;/p&gt;\r\n\r\n&lt;p&gt;If you wish to join the Editorial Board of any Bentham Science journal, please send the title of your preferred journal, your latest CV and list of publications, in reply to this email.&lt;/p&gt;\r\n\r\n&lt;p&gt;We will look forward to receiving your manuscripts. Thank you.&lt;/p&gt;\r\n\r\n&lt;p&gt;&amp;nbsp;&lt;/p&gt;\r\n\r\n&lt;p&gt;Best regards,&lt;/p&gt;\r\n\r\n&lt;p&gt;Noman Akbar&lt;/p&gt;\r\n\r\n&lt;p&gt;Marketing Manager&lt;/p&gt;\r\n\r\n&lt;p&gt;Bentham Science&lt;/p&gt;','test draft',39,'2022-01-20',NULL),(49,'&lt;p&gt;here is the &lt;strong&gt;test draft&lt;/strong&gt; for campaign created on 20 dec 2021.&lt;/p&gt;\r\n\r\n&lt;p&gt;Regards,&lt;/p&gt;\r\n\r\n&lt;p&gt;Admin&lt;/p&gt;','draft for Camp 2o dec',55,'2021-12-20',NULL),(50,'&lt;p&gt;new campaign jan62022&lt;/p&gt;','draft subjectJan62022',56,'2022-01-06',NULL),(51,'&lt;p&gt;my draft has message&lt;/p&gt;','AlenCampJan7',57,'2022-01-07',NULL),(52,'&lt;p&gt;&lt;strong&gt;Bentham Science Publishers&lt;/strong&gt;&amp;nbsp;has a&amp;nbsp;&lt;strong&gt;&amp;lsquo;Read and Publish&amp;rsquo;&lt;/strong&gt;&amp;nbsp;partnership with the German consortium&amp;nbsp;&lt;strong&gt;&amp;lsquo;Specialized Information Services for Science&amp;rsquo; Pharmacy (Fachinformationsdienst Pharmazie FID PubPharm)&lt;/strong&gt;. This consortium covers important German universities, including your institution,&amp;nbsp;&lt;strong&gt;Heidelberg University&lt;/strong&gt;. This partnership provides authors and researchers from your university, an opportunity to publish their research as&amp;nbsp;&lt;strong&gt;Gold Open Access&lt;/strong&gt;, at a&amp;nbsp;&lt;strong&gt;50% discount&lt;/strong&gt;&amp;nbsp;on our listed Gold Open Access Charges, which range from &amp;euro;1,000 to &amp;euro;4,000 per article, depending on the journal selected.&lt;/p&gt;\r\n\r\n&lt;p&gt;&lt;strong&gt;We welcome you to submit your manuscripts, for publishing in your preferred Bentham journals. Please fill the following form to submit your article for initial approval:&amp;nbsp;&lt;/strong&gt;&lt;a href=&quot;https://benthamsciencepublisher.com/institutional-members.php&quot; target=&quot;_blank&quot;&gt;&lt;strong&gt;https://benthamsciencepublisher.com/institutional-members.php&lt;/strong&gt;&lt;/a&gt;&lt;/p&gt;\r\n\r\n&lt;p&gt;If you choose to also publish your article as Open Access, then please mention the Discount Code:&amp;nbsp;&lt;strong&gt;2020-BENTHMFUB-11-16&lt;/strong&gt;, when you submit your manuscript.&lt;/p&gt;\r\n\r\n&lt;p&gt;View a list of Bentham Science journals here:&amp;nbsp;&lt;a href=&quot;https://www.eurekaselect.net/bypublication&quot; target=&quot;_blank&quot;&gt;&lt;strong&gt;https://www.eurekaselect.net/bypublication&lt;/strong&gt;&lt;/a&gt;&lt;/p&gt;\r\n\r\n&lt;p&gt;Also, you can access relevant, full-text articles published in Bentham Science journals, through the Bentham Science website link given above.&lt;/p&gt;\r\n\r\n&lt;p&gt;If you wish to join the Editorial Board of any Bentham Science journal, please send the title of your preferred journal, your latest CV and list of publications, in reply to this email.&lt;/p&gt;\r\n\r\n&lt;p&gt;We will look forward to receiving your manuscripts. Thank you.&lt;/p&gt;\r\n\r\n&lt;p&gt;&amp;nbsp;&lt;/p&gt;\r\n\r\n&lt;p&gt;Best regards,&lt;/p&gt;\r\n\r\n&lt;p&gt;Noman Akbar&lt;/p&gt;\r\n\r\n&lt;p&gt;Marketing Manager&lt;/p&gt;\r\n\r\n&lt;p&gt;Bentham Science&lt;/p&gt;','Specialized Information Services for Science',30,'2022-01-11',NULL),(54,'&lt;p&gt;Please prepare the new page for Graphical Abstracts. Dr. Sb and Jalil Sb have approved&amp;nbsp;the following&amp;nbsp;text.&lt;/p&gt;\r\n\r\n&lt;p&gt;&amp;nbsp;&lt;/p&gt;\r\n\r\n&lt;p&gt;&lt;strong&gt;Graphical Abstracts&lt;/strong&gt;&lt;/p&gt;\r\n\r\n&lt;p&gt;The use of a visually appealing graphical abstract boosts the article&amp;#39;s readership by grabbing the reader&amp;#39;s attention. It also provides a concise overview of the work presented in the paper.&lt;/p&gt;\r\n\r\n&lt;p&gt;It has been generally observed that an article&amp;#39;s viewership and citations improve when it has a graphical abstract.&lt;/p&gt;\r\n\r\n&lt;p&gt;Authors must submit a unique image that accurately depicts the work reported in the paper. Each manuscript must contain a graphical abstract in the Table of Contents (TOC).&lt;/p&gt;\r\n\r\n&lt;p&gt;Graphical abstracts should be uploaded as a separate file in&amp;nbsp;our&amp;nbsp;Online Manuscript Processing System (MPS), using the &amp;quot;Graphical Abstract&amp;quot; drop-down list when uploading files. It must not be embedded in the main manuscript file.&lt;/p&gt;\r\n\r\n&lt;p&gt;Please keep in mind that, just like each paper, each graphical abstract should be original.&lt;/p&gt;\r\n\r\n&lt;p&gt;The illustration of the&amp;nbsp;graphical abstract should have a clear beginning and conclusion for ease of browsing, preferably &amp;quot;reading&amp;quot; from top to bottom or left to right. As much as possible, try to eliminate distracting and cluttered aspects.&lt;/p&gt;','graphs',40,'2022-01-20',NULL),(55,'&lt;h1&gt;Please do the&lt;strong&gt; correction marked&lt;/strong&gt; in below attached PDF&lt;/h1&gt;\r\n\r\n&lt;h1&gt;and return corrected PDF at your earliest.&lt;/h1&gt;\r\n\r\n&lt;p&gt;&amp;nbsp;&lt;/p&gt;\r\n\r\n&lt;p&gt;Regards,&lt;/p&gt;\r\n\r\n&lt;p&gt;Shumaim Mazhar (IBG)&lt;/p&gt;\r\n\r\n&lt;p&gt;&lt;em&gt;Asst. Manager&lt;/em&gt;&lt;/p&gt;\r\n\r\n&lt;p&gt;&lt;em&gt;Current Pharmaceutical Design&lt;/em&gt;&lt;/p&gt;\r\n\r\n&lt;p&gt;&lt;em&gt;Bentham Science Publishers&lt;/em&gt;&lt;/p&gt;','draft for Camp 2ojan',58,'2022-01-20',NULL);
/*!40000 ALTER TABLE `draft` ENABLE KEYS */;
UNLOCK TABLES;

--
-- Table structure for table `email_embargo`
--

DROP TABLE IF EXISTS `email_embargo`;
/*!40101 SET @saved_cs_client     = @@character_set_client */;
/*!50503 SET character_set_client = utf8 */;
CREATE TABLE `email_embargo` (
  `email_embargoid` int NOT NULL AUTO_INCREMENT,
  `email` varchar(100) NOT NULL,
  `use_date` date DEFAULT NULL,
  `CampID` int NOT NULL,
  `mailserverid` int NOT NULL,
  `ipaddress` varchar(16) NOT NULL,
  `hostname` varchar(255) NOT NULL,
  `emailaddress` varchar(150) NOT NULL,
  PRIMARY KEY (`email_embargoid`),
  UNIQUE KEY `email` (`email`)
) ENGINE=InnoDB AUTO_INCREMENT=5 DEFAULT CHARSET=utf8mb3;
/*!40101 SET character_set_client = @saved_cs_client */;

--
-- Dumping data for table `email_embargo`
--

LOCK TABLES `email_embargo` WRITE;
/*!40000 ALTER TABLE `email_embargo` DISABLE KEYS */;
INSERT INTO `email_embargo` VALUES (1,'faisal@benthamscience.net','2021-09-09',18,4,'202.69.48.23','mls.virtual-mail-001.net','info@virtual-mail-001.net'),(2,'ahmed@benthamscience.net','2021-09-09',18,4,'202.69.48.23','mls.virtual-mail-001.net','info@virtual-mail-001.net'),(3,'tashfeen@benthamscience.net','2021-09-09',18,4,'202.69.48.23','mls.virtual-mail-001.net','info@virtual-mail-001.net');
/*!40000 ALTER TABLE `email_embargo` ENABLE KEYS */;
UNLOCK TABLES;

--
-- Table structure for table `email_embargo_archive`
--

DROP TABLE IF EXISTS `email_embargo_archive`;
/*!40101 SET @saved_cs_client     = @@character_set_client */;
/*!50503 SET character_set_client = utf8 */;
CREATE TABLE `email_embargo_archive` (
  `email_embargo_archiveid` int NOT NULL AUTO_INCREMENT,
  `email_embargoid` int NOT NULL,
  `email` varchar(100) NOT NULL,
  `use_date` date DEFAULT NULL,
  `CampID` int NOT NULL,
  `mailserverid` int NOT NULL,
  `ipaddress` varchar(16) NOT NULL,
  `hostname` varchar(255) NOT NULL,
  `emailaddress` varchar(150) NOT NULL,
  PRIMARY KEY (`email_embargo_archiveid`),
  UNIQUE KEY `email` (`email`)
) ENGINE=InnoDB AUTO_INCREMENT=2 DEFAULT CHARSET=utf8mb3;
/*!40101 SET character_set_client = @saved_cs_client */;

--
-- Dumping data for table `email_embargo_archive`
--

LOCK TABLES `email_embargo_archive` WRITE;
/*!40000 ALTER TABLE `email_embargo_archive` DISABLE KEYS */;
INSERT INTO `email_embargo_archive` VALUES (1,4,'qasit@benthamscience.net','2021-06-09',18,4,'202.69.48.23','mls.virtual-mail-001.net','info@virtual-mail-001.net');
/*!40000 ALTER TABLE `email_embargo_archive` ENABLE KEYS */;
UNLOCK TABLES;

--
-- Table structure for table `email_embargorg`
--

DROP TABLE IF EXISTS `email_embargorg`;
/*!40101 SET @saved_cs_client     = @@character_set_client */;
/*!50503 SET character_set_client = utf8 */;
CREATE TABLE `email_embargorg` (
  `email_embargorg_id` int NOT NULL AUTO_INCREMENT,
  `email_embargoid` int NOT NULL,
  `email` varchar(100) NOT NULL,
  `use_date` date DEFAULT NULL,
  `CampID` int NOT NULL,
  PRIMARY KEY (`email_embargorg_id`),
  KEY `fk_email_org` (`email_embargoid`),
  CONSTRAINT `fk_email_org` FOREIGN KEY (`email_embargoid`) REFERENCES `email_embargo` (`email_embargoid`)
) ENGINE=InnoDB DEFAULT CHARSET=utf8mb3;
/*!40101 SET character_set_client = @saved_cs_client */;

--
-- Dumping data for table `email_embargorg`
--

LOCK TABLES `email_embargorg` WRITE;
/*!40000 ALTER TABLE `email_embargorg` DISABLE KEYS */;
/*!40000 ALTER TABLE `email_embargorg` ENABLE KEYS */;
UNLOCK TABLES;

--
-- Table structure for table `email_embargorg_archive`
--

DROP TABLE IF EXISTS `email_embargorg_archive`;
/*!40101 SET @saved_cs_client     = @@character_set_client */;
/*!50503 SET character_set_client = utf8 */;
CREATE TABLE `email_embargorg_archive` (
  `email_embargorg_archiveid` int NOT NULL AUTO_INCREMENT,
  `email_embargorg_id` int NOT NULL,
  `email_embargoid` int NOT NULL,
  `email` varchar(100) NOT NULL,
  `use_date` date DEFAULT NULL,
  `CampID` int NOT NULL,
  PRIMARY KEY (`email_embargorg_archiveid`)
) ENGINE=InnoDB DEFAULT CHARSET=utf8mb3;
/*!40101 SET character_set_client = @saved_cs_client */;

--
-- Dumping data for table `email_embargorg_archive`
--

LOCK TABLES `email_embargorg_archive` WRITE;
/*!40000 ALTER TABLE `email_embargorg_archive` DISABLE KEYS */;
/*!40000 ALTER TABLE `email_embargorg_archive` ENABLE KEYS */;
UNLOCK TABLES;

--
-- Table structure for table `embargotype`
--

DROP TABLE IF EXISTS `embargotype`;
/*!40101 SET @saved_cs_client     = @@character_set_client */;
/*!50503 SET character_set_client = utf8 */;
CREATE TABLE `embargotype` (
  `embargotype_id` int NOT NULL AUTO_INCREMENT,
  `allowed_days` int NOT NULL,
  `embargotype_status` varchar(20) CHARACTER SET utf8 COLLATE utf8_general_ci NOT NULL DEFAULT 'Active',
  `system_date` datetime NOT NULL DEFAULT CURRENT_TIMESTAMP,
  PRIMARY KEY (`embargotype_id`)
) ENGINE=InnoDB DEFAULT CHARSET=utf8 COLLATE=utf8_general_ci;
/*!40101 SET character_set_client = @saved_cs_client */;

--
-- Dumping data for table `embargotype`
--

LOCK TABLES `embargotype` WRITE;
/*!40000 ALTER TABLE `embargotype` DISABLE KEYS */;
/*!40000 ALTER TABLE `embargotype` ENABLE KEYS */;
UNLOCK TABLES;

--
-- Table structure for table `embargotype_org`
--

DROP TABLE IF EXISTS `embargotype_org`;
/*!40101 SET @saved_cs_client     = @@character_set_client */;
/*!50503 SET character_set_client = utf8 */;
CREATE TABLE `embargotype_org` (
  `embargotype_org_id` int NOT NULL AUTO_INCREMENT,
  `embargotype_id` int NOT NULL,
  `orgunit_id` int NOT NULL,
  `embargotype_org_status` varchar(20) NOT NULL DEFAULT 'Active',
  `system_date` datetime NOT NULL DEFAULT CURRENT_TIMESTAMP,
  PRIMARY KEY (`embargotype_org_id`),
  KEY `fk_embargo` (`embargotype_id`),
  CONSTRAINT `fk_embargo` FOREIGN KEY (`embargotype_id`) REFERENCES `embargotype` (`embargotype_id`) ON DELETE RESTRICT ON UPDATE RESTRICT
) ENGINE=InnoDB DEFAULT CHARSET=utf8 COLLATE=utf8_general_ci;
/*!40101 SET character_set_client = @saved_cs_client */;

--
-- Dumping data for table `embargotype_org`
--

LOCK TABLES `embargotype_org` WRITE;
/*!40000 ALTER TABLE `embargotype_org` DISABLE KEYS */;
/*!40000 ALTER TABLE `embargotype_org` ENABLE KEYS */;
UNLOCK TABLES;

--
-- Table structure for table `hostname_info`
--

DROP TABLE IF EXISTS `hostname_info`;
/*!40101 SET @saved_cs_client     = @@character_set_client */;
/*!50503 SET character_set_client = utf8 */;
CREATE TABLE `hostname_info` (
  `hostname_id` int NOT NULL AUTO_INCREMENT,
  `hostname` varchar(100) NOT NULL,
  `hostname_status` varchar(20) NOT NULL DEFAULT 'Active',
  `system_date` datetime NOT NULL DEFAULT CURRENT_TIMESTAMP,
  PRIMARY KEY (`hostname_id`),
  UNIQUE KEY `hostname` (`hostname`)
) ENGINE=InnoDB AUTO_INCREMENT=72 DEFAULT CHARSET=utf8 COLLATE=utf8_general_ci;
/*!40101 SET character_set_client = @saved_cs_client */;

--
-- Dumping data for table `hostname_info`
--

LOCK TABLES `hostname_info` WRITE;
/*!40000 ALTER TABLE `hostname_info` DISABLE KEYS */;
INSERT INTO `hostname_info` VALUES (1,'mls.virtual-mail-001.net','Active','2022-01-24 23:27:53'),(2,'mls.virtual-mail-009.net','Active','2022-01-24 23:27:54'),(3,'mls.virtual-mail-017.net','Active','2022-01-24 23:27:54'),(4,'mls.virtual-mail-025.net','Active','2022-01-24 23:27:54'),(5,'mls.virtual-mail-033.net','Active','2022-01-24 23:27:54'),(6,'mls.virtual-mail-041.net','Active','2022-01-24 23:27:54'),(7,'mls.virtual-mail-049.net','Active','2022-01-24 23:27:54'),(8,'mls.virtual-mail-057.net','Active','2022-01-24 23:27:55'),(9,'mls.virtual-mail-048.net','Active','2022-01-24 23:27:55'),(10,'mls.virtual-mail-056.net','Active','2022-01-24 23:27:55'),(11,'mls.virtual-mail-064.net','Active','2022-01-24 23:27:55'),(12,'mls.virtual-mail-002.net','Active','2022-01-25 00:04:29'),(13,'mls.virtual-mail-010.net','Active','2022-01-25 00:04:29'),(14,'mls.virtual-mail-018.net','Active','2022-01-25 00:04:29'),(15,'mls.virtual-mail-026.net','Active','2022-01-25 00:04:30'),(16,'mls.virtual-mail-034.net','Active','2022-01-25 00:04:30'),(17,'mls.virtual-mail-042.net','Active','2022-01-25 00:04:30'),(18,'mls.virtual-mail-050.net','Active','2022-01-25 00:04:30'),(19,'mls.virtual-mail-058.net','Active','2022-01-25 00:04:30'),(27,'mls.virtual-mail-006.net','Active','2022-01-25 00:57:57'),(28,'mls.virtual-mail-014.net','Active','2022-01-25 00:57:57'),(29,'mls.virtual-mail-022.net','Active','2022-01-25 00:57:57'),(30,'mls.virtual-mail-030.net','Active','2022-01-25 00:57:57'),(31,'mls.virtual-mail-038.net','Active','2022-01-25 00:57:57'),(32,'mls.virtual-mail-046.net','Active','2022-01-25 01:38:53'),(33,'mls.virtual-mail-054.net','Active','2022-01-25 01:38:53'),(34,'mls.virtual-mail-062.net','Active','2022-01-25 01:38:53'),(35,'mls.virtual-mail-008.net','Active','2022-01-25 01:46:14'),(36,'mls.virtual-mail-016.net','Active','2022-01-25 01:46:14'),(37,'mls.virtual-mail-024.net','Active','2022-01-25 01:46:14'),(38,'mls.virtual-mail-032.net','Active','2022-01-25 01:46:15'),(39,'mls.virtual-mail-040.net','Active','2022-01-25 01:46:15'),(40,'mls.virtual-mail-005.net','Active','2022-01-25 01:51:18'),(41,'mls.virtual-mail-013.net','Active','2022-01-25 01:51:18'),(42,'mls.virtual-mail-021.net','Active','2022-01-25 01:51:18'),(43,'mls.virtual-mail-029.net','Active','2022-01-25 01:51:19'),(44,'mls.virtual-mail-037.net','Active','2022-01-25 01:51:19'),(45,'mls.virtual-mail-045.net','Active','2022-01-25 01:51:19'),(46,'mls.virtual-mail-053.net','Active','2022-01-25 01:51:19'),(47,'mls.virtual-mail-061.net','Active','2022-01-25 01:51:19'),(48,'mls.virtual-mail-003.net','Active','2022-01-25 02:02:49'),(49,'mls.virtual-mail-011.net','Active','2022-01-25 02:02:49'),(50,'mls.virtual-mail-019.net','Active','2022-01-25 02:02:49'),(51,'mls.virtual-mail-027.net','Active','2022-01-25 02:02:49'),(52,'mls.virtual-mail-035.net','Active','2022-01-25 02:02:49'),(53,'mls.virtual-mail-043.net','Active','2022-01-25 02:02:50'),(54,'mls.virtual-mail-051.net','Active','2022-01-25 02:02:50'),(55,'mls.virtual-mail-059.net','Active','2022-01-25 02:02:50'),(56,'mls.virtual-mail-007.net','Active','2022-01-25 02:08:16'),(57,'mls.virtual-mail-015.net','Active','2022-01-25 02:08:16'),(58,'mls.virtual-mail-023.net','Active','2022-01-25 02:08:16'),(59,'mls.virtual-mail-031.net','Active','2022-01-25 02:08:16'),(60,'mls.virtual-mail-039.net','Active','2022-01-25 02:08:16'),(61,'mls.virtual-mail-047.net','Active','2022-01-25 02:08:16'),(62,'mls.virtual-mail-055.net','Active','2022-01-25 02:08:16'),(63,'mls.virtual-mail-063.net','Active','2022-01-25 02:08:16'),(64,'mls.virtual-mail-004.net','Active','2022-01-25 06:17:14'),(65,'mls.virtual-mail-012.net','Active','2022-01-25 06:17:14'),(66,'mls.virtual-mail-020.net','Active','2022-01-25 06:17:14'),(67,'mls.virtual-mail-028.net','Active','2022-01-25 06:17:15'),(68,'mls.virtual-mail-036.net','Active','2022-01-25 06:17:15'),(69,'mls.virtual-mail-044.net','Active','2022-01-25 06:17:15'),(70,'mls.virtual-mail-052.net','Active','2022-01-25 06:17:15'),(71,'mls.virtual-mail-060.net','Active','2022-01-25 06:17:15');
/*!40000 ALTER TABLE `hostname_info` ENABLE KEYS */;
UNLOCK TABLES;

--
-- Table structure for table `ip_addresses`
--

DROP TABLE IF EXISTS `ip_addresses`;
/*!40101 SET @saved_cs_client     = @@character_set_client */;
/*!50503 SET character_set_client = utf8 */;
CREATE TABLE `ip_addresses` (
  `ip_addresses_id` int NOT NULL AUTO_INCREMENT,
  `ip_address` varchar(20) NOT NULL,
  `subnet_mask` varchar(20) NOT NULL,
  `gateway_address` varchar(20) NOT NULL,
  `ip_pool_id` int NOT NULL,
  `comment` varchar(100) NOT NULL,
  `system_date` datetime DEFAULT CURRENT_TIMESTAMP,
  `ip_addresses_status` varchar(20) CHARACTER SET utf8 COLLATE utf8_general_ci NOT NULL DEFAULT 'Active',
  PRIMARY KEY (`ip_addresses_id`)
) ENGINE=InnoDB AUTO_INCREMENT=146 DEFAULT CHARSET=utf8 COLLATE=utf8_general_ci;
/*!40101 SET character_set_client = @saved_cs_client */;

--
-- Dumping data for table `ip_addresses`
--

LOCK TABLES `ip_addresses` WRITE;
/*!40000 ALTER TABLE `ip_addresses` DISABLE KEYS */;
INSERT INTO `ip_addresses` VALUES (1,'202.69.48.3','255.255.255.192','202.69.48.1',1,'Hostname Not Verified','2022-01-24 23:27:52','Active'),(2,'202.69.48.4','255.255.255.192','202.69.48.1',1,'Hostname Not Verified','2022-01-24 23:27:52','Active'),(3,'202.69.48.5','255.255.255.192','202.69.48.1',1,'Hostname Not Verified','2022-01-24 23:27:52','Active'),(4,'202.69.48.6','255.255.255.192','202.69.48.1',1,'Hostname Not Verified','2022-01-24 23:27:52','Active'),(5,'202.69.48.7','255.255.255.192','202.69.48.1',1,'Hostname Not Verified','2022-01-24 23:27:52','Active'),(6,'202.69.48.8','255.255.255.192','202.69.48.1',1,'Hostname Not Verified','2022-01-24 23:27:52','Active'),(7,'202.69.48.9','255.255.255.192','202.69.48.1',1,'Hostname Not Verified','2022-01-24 23:27:52','Active'),(8,'202.69.48.10','255.255.255.192','202.69.48.1',1,'Hostname Not Verified','2022-01-24 23:27:52','Active'),(9,'202.69.48.11','255.255.255.192','202.69.48.1',1,'Hostname Not Verified','2022-01-24 23:27:52','Active'),(10,'202.69.48.12','255.255.255.192','202.69.48.1',1,'Hostname Not Verified','2022-01-24 23:27:53','Active'),(11,'202.69.48.13','255.255.255.192','202.69.48.1',1,'Hostname Not Verified','2022-01-24 23:27:53','Active'),(12,'202.69.48.14','255.255.255.192','202.69.48.1',1,'Hostname Not Verified','2022-01-24 23:27:53','Active'),(13,'202.69.48.15','255.255.255.192','202.69.48.1',1,'Hostname Not Verified','2022-01-24 23:27:53','Active'),(14,'202.69.48.16','255.255.255.192','202.69.48.1',1,'Hostname Not Verified','2022-01-24 23:27:53','Active'),(15,'202.69.48.17','255.255.255.192','202.69.48.1',1,'Hostname Not Verified','2022-01-24 23:27:53','Active'),(16,'202.69.48.18','255.255.255.192','202.69.48.1',1,'Hostname Not Verified','2022-01-24 23:27:53','Active'),(17,'202.69.48.19','255.255.255.192','202.69.48.1',1,'Hostname Not Verified','2022-01-24 23:27:53','Active'),(18,'202.69.48.20','255.255.255.192','202.69.48.1',1,'Hostname Not Verified','2022-01-24 23:27:53','Active'),(19,'202.69.48.21','255.255.255.192','202.69.48.1',1,'Hostname deliberately excluded','2022-01-24 23:27:53','Active'),(20,'202.69.48.22','255.255.255.192','202.69.48.1',1,'Hostname Not Verified','2022-01-24 23:27:53','Active'),(21,'202.69.48.23','255.255.255.192','202.69.48.1',1,'','2022-01-24 23:27:53','Active'),(22,'202.69.48.24','255.255.255.192','202.69.48.1',1,'','2022-01-24 23:27:53','Active'),(23,'202.69.48.25','255.255.255.192','202.69.48.1',1,'','2022-01-24 23:27:54','Active'),(24,'202.69.48.26','255.255.255.192','202.69.48.1',1,'','2022-01-24 23:27:54','Active'),(25,'202.69.48.27','255.255.255.192','202.69.48.1',1,'','2022-01-24 23:27:54','Active'),(26,'202.69.48.28','255.255.255.192','202.69.48.1',1,'','2022-01-24 23:27:54','Active'),(27,'202.69.48.29','255.255.255.192','202.69.48.1',1,'','2022-01-24 23:27:54','Active'),(28,'202.69.48.30','255.255.255.192','202.69.48.1',1,'','2022-01-24 23:27:54','Active'),(29,'202.69.48.31','255.255.255.192','202.69.48.1',1,'Hostname Not Verified','2022-01-24 23:27:55','Active'),(30,'202.69.48.32','255.255.255.192','202.69.48.1',1,'Hostname Not Verified','2022-01-24 23:27:55','Active'),(31,'202.69.48.33','255.255.255.192','202.69.48.1',1,'','2022-01-24 23:27:55','Active'),(32,'202.69.48.34','255.255.255.192','202.69.48.1',1,'','2022-01-24 23:27:55','Active'),(33,'202.69.48.35','255.255.255.192','202.69.48.1',1,'','2022-01-24 23:27:55','Active'),(34,'202.69.48.36','255.255.255.192','202.69.48.1',1,'Hostname Not Verified','2022-01-24 23:27:55','Active'),(35,'202.69.48.37','255.255.255.192','202.69.48.1',1,'Hostname Not Verified','2022-01-24 23:27:55','Active'),(36,'202.69.48.38','255.255.255.192','202.69.48.1',1,'Hostname Not Verified','2022-01-24 23:27:55','Active'),(37,'202.69.48.39','255.255.255.192','202.69.48.1',1,'Hostname Not Verified','2022-01-24 23:27:55','Active'),(38,'202.69.48.40','255.255.255.192','202.69.48.1',1,'Hostname Not Verified','2022-01-24 23:27:55','Active'),(39,'202.69.48.41','255.255.255.192','202.69.48.1',1,'Hostname Not Verified','2022-01-24 23:27:56','Active'),(40,'202.69.48.42','255.255.255.192','202.69.48.1',1,'Hostname Not Verified','2022-01-24 23:27:56','Active'),(41,'202.69.48.43','255.255.255.192','202.69.48.1',1,'Hostname Not Verified','2022-01-24 23:27:56','Active'),(42,'202.69.48.44','255.255.255.192','202.69.48.1',1,'Hostname Not Verified','2022-01-24 23:27:56','Active'),(43,'202.69.48.45','255.255.255.192','202.69.48.1',1,'Hostname Not Verified','2022-01-24 23:27:56','Active'),(44,'202.69.48.46','255.255.255.192','202.69.48.1',1,'Hostname Not Verified','2022-01-24 23:27:56','Active'),(45,'202.69.48.47','255.255.255.192','202.69.48.1',1,'Hostname Not Verified','2022-01-24 23:27:56','Active'),(46,'202.69.48.48','255.255.255.192','202.69.48.1',1,'Hostname Not Verified','2022-01-24 23:27:56','Active'),(47,'202.69.48.49','255.255.255.192','202.69.48.1',1,'Hostname Not Verified','2022-01-24 23:27:56','Active'),(48,'202.69.48.50','255.255.255.192','202.69.48.1',1,'Hostname Not Verified','2022-01-24 23:27:56','Active'),(49,'202.69.48.51','255.255.255.192','202.69.48.1',1,'Hostname Not Verified','2022-01-24 23:27:56','Active'),(50,'202.69.48.52','255.255.255.192','202.69.48.1',1,'Hostname Not Verified','2022-01-24 23:27:56','Active'),(51,'202.69.48.53','255.255.255.192','202.69.48.1',1,'Hostname Not Verified','2022-01-24 23:27:56','Active'),(52,'202.69.48.54','255.255.255.192','202.69.48.1',1,'Hostname Not Verified','2022-01-24 23:27:56','Active'),(53,'202.69.48.55','255.255.255.192','202.69.48.1',1,'Hostname Not Verified','2022-01-24 23:27:56','Active'),(54,'202.69.48.56','255.255.255.192','202.69.48.1',1,'Hostname Not Verified','2022-01-24 23:27:56','Active'),(55,'202.69.48.57','255.255.255.192','202.69.48.1',1,'Hostname Not Verified','2022-01-24 23:27:56','Active'),(56,'202.69.48.58','255.255.255.192','202.69.48.1',1,'Hostname Not Verified','2022-01-24 23:27:56','Active'),(57,'202.69.48.59','255.255.255.192','202.69.48.1',1,'Hostname Not Verified','2022-01-24 23:27:57','Active'),(58,'202.69.48.61','255.255.255.192','202.69.48.1',1,'Hostname Not Verified','2022-01-24 23:27:57','Active'),(59,'202.69.48.62','255.255.255.192','202.69.48.1',1,'Hostname Not Verified','2022-01-24 23:27:57','Active'),(60,'103.236.133.242','255.255.255.240','103.236.133.241',2,'','2022-01-25 00:04:29','Active'),(61,'103.236.133.243','255.255.255.240','103.236.133.241',2,'','2022-01-25 00:04:29','Active'),(62,'103.236.133.244','255.255.255.240','103.236.133.241',2,'','2022-01-25 00:04:29','Active'),(63,'103.236.133.245','255.255.255.240','103.236.133.241',2,'','2022-01-25 00:04:30','Active'),(64,'103.236.133.246','255.255.255.240','103.236.133.241',2,'','2022-01-25 00:04:30','Active'),(65,'103.236.133.247','255.255.255.240','103.236.133.241',2,'','2022-01-25 00:04:30','Active'),(66,'103.236.133.248','255.255.255.240','103.236.133.241',2,'','2022-01-25 00:04:30','Active'),(67,'103.236.133.249','255.255.255.240','103.236.133.241',2,'','2022-01-25 00:04:30','Active'),(68,'103.236.133.250','255.255.255.240','103.236.133.241',2,'Hostname Not Verified','2022-01-25 00:04:30','Active'),(69,'103.236.133.251','255.255.255.240','103.236.133.241',2,'Hostname Not Verified','2022-01-25 00:04:31','Active'),(70,'103.236.133.252','255.255.255.240','103.236.133.241',2,'Hostname Not Verified','2022-01-25 00:04:31','Active'),(71,'103.236.133.253','255.255.255.240','103.236.133.241',2,'Hostname Not Verified','2022-01-25 00:04:31','Active'),(72,'103.236.133.254','255.255.255.240','103.236.133.241',2,'Hostname deliberately excluded','2022-01-25 00:04:31','Active'),(79,'103.236.135.210','255.255.255.248','103.236.135.209',5,'','2022-01-25 00:57:57','Active'),(80,'103.236.135.211','255.255.255.248','103.236.135.209',5,'','2022-01-25 00:57:57','Active'),(81,'103.236.135.212','255.255.255.248','103.236.135.209',5,'','2022-01-25 00:57:57','Active'),(82,'103.236.135.213','255.255.255.248','103.236.135.209',5,'','2022-01-25 00:57:57','Active'),(83,'103.236.135.214','255.255.255.248','103.236.135.209',5,'','2022-01-25 00:57:57','Active'),(84,'103.236.132.138','255.255.255.248','103.236.132.137',6,'','2022-01-25 01:38:53','Active'),(85,'103.236.132.139','255.255.255.248','103.236.132.137',6,'','2022-01-25 01:38:53','Active'),(86,'103.236.132.140','255.255.255.248','103.236.132.137',6,'','2022-01-25 01:38:53','Active'),(87,'103.236.132.141','255.255.255.248','103.236.132.137',6,'Hostname Not Verified','2022-01-25 01:38:53','Active'),(88,'103.236.132.142','255.255.255.248','103.236.132.137',6,'Hostname Not Verified','2022-01-25 01:38:54','Active'),(89,'103.236.132.162','255.255.255.248','103.236.132.161',7,'','2022-01-25 01:46:14','Active'),(90,'103.236.132.163','255.255.255.248','103.236.132.161',7,'','2022-01-25 01:46:14','Active'),(91,'103.236.132.164','255.255.255.248','103.236.132.161',7,'','2022-01-25 01:46:14','Active'),(92,'103.236.132.165','255.255.255.248','103.236.132.161',7,'','2022-01-25 01:46:14','Active'),(93,'103.236.132.166','255.255.255.248','103.236.132.161',7,'','2022-01-25 01:46:15','Active'),(94,'180.178.133.18','255.255.255.240','180.178.133.17',8,'','2022-01-25 01:51:18','Active'),(95,'180.178.133.19','255.255.255.240','180.178.133.17',8,'','2022-01-25 01:51:18','Active'),(96,'180.178.133.20','255.255.255.240','180.178.133.17',8,'','2022-01-25 01:51:18','Active'),(97,'180.178.133.21','255.255.255.240','180.178.133.17',8,'','2022-01-25 01:51:19','Active'),(98,'180.178.133.22','255.255.255.240','180.178.133.17',8,'','2022-01-25 01:51:19','Active'),(99,'180.178.133.23','255.255.255.240','180.178.133.17',8,'','2022-01-25 01:51:19','Active'),(100,'180.178.133.24','255.255.255.240','180.178.133.17',8,'','2022-01-25 01:51:19','Active'),(101,'180.178.133.25','255.255.255.240','180.178.133.17',8,'','2022-01-25 01:51:19','Active'),(102,'180.178.133.26','255.255.255.240','180.178.133.17',8,'Hostname Not Verified','2022-01-25 01:51:19','Active'),(103,'180.178.133.27','255.255.255.240','180.178.133.17',8,'Hostname Not Verified','2022-01-25 01:51:19','Active'),(104,'180.178.133.28','255.255.255.240','180.178.133.17',8,'Hostname Not Verified','2022-01-25 01:51:19','Active'),(105,'180.178.133.29','255.255.255.240','180.178.133.17',8,'Hostname Not Verified','2022-01-25 01:51:19','Active'),(106,'180.178.133.30','255.255.255.240','180.178.133.17',8,'Hostname Not Verified','2022-01-25 01:51:19','Active'),(107,'113.203.235.2','255.255.255.240','113.203.235.1',9,'','2022-01-25 02:02:49','Active'),(108,'113.203.235.3','255.255.255.240','113.203.235.1',9,'','2022-01-25 02:02:49','Active'),(109,'113.203.235.4','255.255.255.240','113.203.235.1',9,'','2022-01-25 02:02:49','Active'),(110,'113.203.235.5','255.255.255.240','113.203.235.1',9,'','2022-01-25 02:02:49','Active'),(111,'113.203.235.6','255.255.255.240','113.203.235.1',9,'','2022-01-25 02:02:49','Active'),(112,'113.203.235.7','255.255.255.240','113.203.235.1',9,'','2022-01-25 02:02:50','Active'),(113,'113.203.235.8','255.255.255.240','113.203.235.1',9,'','2022-01-25 02:02:50','Active'),(114,'113.203.235.9','255.255.255.240','113.203.235.1',9,'','2022-01-25 02:02:50','Active'),(115,'113.203.235.10','255.255.255.240','113.203.235.1',9,'Hostname Not Verified','2022-01-25 02:02:50','Active'),(116,'113.203.235.11','255.255.255.240','113.203.235.1',9,'Hostname Not Verified','2022-01-25 02:02:50','Active'),(117,'113.203.235.12','255.255.255.240','113.203.235.1',9,'Hostname Not Verified','2022-01-25 02:02:50','Active'),(118,'113.203.235.13','255.255.255.240','113.203.235.1',9,'Hostname Not Verified','2022-01-25 02:02:50','Active'),(119,'113.203.235.14','255.255.255.240','113.203.235.1',9,'Hostname Not Verified','2022-01-25 02:02:50','Active'),(120,'113.203.240.210','255.255.255.240','113.203.240.209',10,'','2022-01-25 02:08:16','Active'),(121,'113.203.240.211','255.255.255.240','113.203.240.209',10,'','2022-01-25 02:08:16','Active'),(122,'113.203.240.212','255.255.255.240','113.203.240.209',10,'','2022-01-25 02:08:16','Active'),(123,'113.203.240.213','255.255.255.240','113.203.240.209',10,'','2022-01-25 02:08:16','Active'),(124,'113.203.240.214','255.255.255.240','113.203.240.209',10,'','2022-01-25 02:08:16','Active'),(125,'113.203.240.215','255.255.255.240','113.203.240.209',10,'','2022-01-25 02:08:16','Active'),(126,'113.203.240.216','255.255.255.240','113.203.240.209',10,'','2022-01-25 02:08:16','Active'),(127,'113.203.240.217','255.255.255.240','113.203.240.209',10,'','2022-01-25 02:08:16','Active'),(128,'113.203.240.218','255.255.255.240','113.203.240.209',10,'Hostname Not Verified','2022-01-25 02:08:16','Active'),(129,'113.203.240.219','255.255.255.240','113.203.240.209',10,'Hostname Not Verified','2022-01-25 02:08:16','Active'),(130,'113.203.240.220','255.255.255.240','113.203.240.209',10,'Hostname Not Verified','2022-01-25 02:08:16','Active'),(131,'113.203.240.221','255.255.255.240','113.203.240.209',10,'Hostname Not Verified','2022-01-25 02:08:16','Active'),(132,'113.203.240.222','255.255.255.240','113.203.240.209',10,'Hostname Not Verified','2022-01-25 02:08:16','Active'),(133,'103.236.133.178','255.255.255.240','103.236.133.177',11,'','2022-01-25 06:17:14','Active'),(134,'103.236.133.179','255.255.255.240','103.236.133.177',11,'','2022-01-25 06:17:14','Active'),(135,'103.236.133.180','255.255.255.240','103.236.133.177',11,'','2022-01-25 06:17:14','Active'),(136,'103.236.133.181','255.255.255.240','103.236.133.177',11,'','2022-01-25 06:17:14','Active'),(137,'103.236.133.182','255.255.255.240','103.236.133.177',11,'','2022-01-25 06:17:15','Active'),(138,'103.236.133.183','255.255.255.240','103.236.133.177',11,'','2022-01-25 06:17:15','Active'),(139,'103.236.133.184','255.255.255.240','103.236.133.177',11,'','2022-01-25 06:17:15','Active'),(140,'103.236.133.185','255.255.255.240','103.236.133.177',11,'','2022-01-25 06:17:15','Active'),(141,'103.236.133.186','255.255.255.240','103.236.133.177',11,'Hostname Not Verified','2022-01-25 06:17:15','Active'),(142,'103.236.133.187','255.255.255.240','103.236.133.177',11,'Hostname Not Verified','2022-01-25 06:17:16','Active'),(143,'103.236.133.188','255.255.255.240','103.236.133.177',11,'Hostname Not Verified','2022-01-25 06:17:16','Active'),(144,'103.236.133.189','255.255.255.240','103.236.133.177',11,'Hostname Not Verified','2022-01-25 06:17:16','Active'),(145,'103.236.133.190','255.255.255.240','103.236.133.177',11,'Hostname Not Verified','2022-01-25 06:17:16','Active');
/*!40000 ALTER TABLE `ip_addresses` ENABLE KEYS */;
UNLOCK TABLES;

--
-- Table structure for table `ip_hostname`
--

DROP TABLE IF EXISTS `ip_hostname`;
/*!40101 SET @saved_cs_client     = @@character_set_client */;
/*!50503 SET character_set_client = utf8 */;
CREATE TABLE `ip_hostname` (
  `ip_hostname_id` int NOT NULL AUTO_INCREMENT,
  `ip_addresses_id` int NOT NULL,
  `hostname_id` int NOT NULL,
  `emailaddress` varchar(100) NOT NULL,
  `iphost_status` varchar(20) NOT NULL DEFAULT 'Active',
  `system_date` datetime NOT NULL DEFAULT CURRENT_TIMESTAMP,
  PRIMARY KEY (`ip_hostname_id`)
) ENGINE=InnoDB AUTO_INCREMENT=71 DEFAULT CHARSET=utf8 COLLATE=utf8_general_ci;
/*!40101 SET character_set_client = @saved_cs_client */;

--
-- Dumping data for table `ip_hostname`
--

LOCK TABLES `ip_hostname` WRITE;
/*!40000 ALTER TABLE `ip_hostname` DISABLE KEYS */;
INSERT INTO `ip_hostname` VALUES (1,21,1,'info@mls.virtual-mail-001.net','Active','2022-01-24 23:27:53'),(2,22,2,'info@mls.virtual-mail-009.net','Active','2022-01-24 23:27:54'),(3,23,3,'info@mls.virtual-mail-017.net','Active','2022-01-24 23:27:54'),(4,24,4,'info@mls.virtual-mail-025.net','Active','2022-01-24 23:27:54'),(5,25,5,'info@mls.virtual-mail-033.net','Active','2022-01-24 23:27:54'),(6,26,6,'info@mls.virtual-mail-041.net','Active','2022-01-24 23:27:54'),(7,27,7,'info@mls.virtual-mail-049.net','Active','2022-01-24 23:27:54'),(8,28,8,'info@mls.virtual-mail-057.net','Active','2022-01-24 23:27:55'),(9,31,9,'info@mls.virtual-mail-048.net','Active','2022-01-24 23:27:55'),(10,32,10,'info@mls.virtual-mail-056.net','Active','2022-01-24 23:27:55'),(11,33,11,'info@mls.virtual-mail-064.net','Active','2022-01-24 23:27:55'),(12,60,12,'info@mls.virtual-mail-002.net','Active','2022-01-25 00:04:29'),(13,61,13,'info@mls.virtual-mail-010.net','Active','2022-01-25 00:04:29'),(14,62,14,'info@mls.virtual-mail-018.net','Active','2022-01-25 00:04:29'),(15,63,15,'info@mls.virtual-mail-026.net','Active','2022-01-25 00:04:30'),(16,64,16,'info@mls.virtual-mail-034.net','Active','2022-01-25 00:04:30'),(17,65,17,'info@mls.virtual-mail-042.net','Active','2022-01-25 00:04:30'),(18,66,18,'info@mls.virtual-mail-050.net','Active','2022-01-25 00:04:30'),(19,67,19,'info@mls.virtual-mail-058.net','Active','2022-01-25 00:04:30'),(26,79,27,'info@mls.virtual-mail-006.net','Active','2022-01-25 00:57:57'),(27,80,28,'info@mls.virtual-mail-014.net','Active','2022-01-25 00:57:57'),(28,81,29,'info@mls.virtual-mail-022.net','Active','2022-01-25 00:57:57'),(29,82,30,'info@mls.virtual-mail-030.net','Active','2022-01-25 00:57:57'),(30,83,31,'info@mls.virtual-mail-038.net','Active','2022-01-25 00:57:57'),(31,84,32,'info@mls.virtual-mail-046.net','Active','2022-01-25 01:38:53'),(32,85,33,'info@mls.virtual-mail-054.net','Active','2022-01-25 01:38:53'),(33,86,34,'info@mls.virtual-mail-062.net','Active','2022-01-25 01:38:53'),(34,89,35,'info@mls.virtual-mail-008.net','Active','2022-01-25 01:46:14'),(35,90,36,'info@mls.virtual-mail-016.net','Active','2022-01-25 01:46:14'),(36,91,37,'info@mls.virtual-mail-024.net','Active','2022-01-25 01:46:14'),(37,92,38,'info@mls.virtual-mail-032.net','Active','2022-01-25 01:46:15'),(38,93,39,'info@mls.virtual-mail-040.net','Active','2022-01-25 01:46:15'),(39,94,40,'info@mls.virtual-mail-005.net','Active','2022-01-25 01:51:18'),(40,95,41,'info@mls.virtual-mail-013.net','Active','2022-01-25 01:51:18'),(41,96,42,'info@mls.virtual-mail-021.net','Active','2022-01-25 01:51:19'),(42,97,43,'info@mls.virtual-mail-029.net','Active','2022-01-25 01:51:19'),(43,98,44,'info@mls.virtual-mail-037.net','Active','2022-01-25 01:51:19'),(44,99,45,'info@mls.virtual-mail-045.net','Active','2022-01-25 01:51:19'),(45,100,46,'info@mls.virtual-mail-053.net','Active','2022-01-25 01:51:19'),(46,101,47,'info@mls.virtual-mail-061.net','Active','2022-01-25 01:51:19'),(47,107,48,'info@mls.virtual-mail-003.net','Active','2022-01-25 02:02:49'),(48,108,49,'info@mls.virtual-mail-011.net','Active','2022-01-25 02:02:49'),(49,109,50,'info@mls.virtual-mail-019.net','Active','2022-01-25 02:02:49'),(50,110,51,'info@mls.virtual-mail-027.net','Active','2022-01-25 02:02:49'),(51,111,52,'info@mls.virtual-mail-035.net','Active','2022-01-25 02:02:50'),(52,112,53,'info@mls.virtual-mail-043.net','Active','2022-01-25 02:02:50'),(53,113,54,'info@mls.virtual-mail-051.net','Active','2022-01-25 02:02:50'),(54,114,55,'info@mls.virtual-mail-059.net','Active','2022-01-25 02:02:50'),(55,120,56,'info@mls.virtual-mail-007.net','Active','2022-01-25 02:08:16'),(56,121,57,'info@mls.virtual-mail-015.net','Active','2022-01-25 02:08:16'),(57,122,58,'info@mls.virtual-mail-023.net','Active','2022-01-25 02:08:16'),(58,123,59,'info@mls.virtual-mail-031.net','Active','2022-01-25 02:08:16'),(59,124,60,'info@mls.virtual-mail-039.net','Active','2022-01-25 02:08:16'),(60,125,61,'info@mls.virtual-mail-047.net','Active','2022-01-25 02:08:16'),(61,126,62,'info@mls.virtual-mail-055.net','Active','2022-01-25 02:08:16'),(62,127,63,'info@mls.virtual-mail-063.net','Active','2022-01-25 02:08:16'),(63,133,64,'info@mls.virtual-mail-004.net','Active','2022-01-25 06:17:14'),(64,134,65,'info@mls.virtual-mail-012.net','Active','2022-01-25 06:17:14'),(65,135,66,'info@mls.virtual-mail-020.net','Active','2022-01-25 06:17:14'),(66,136,67,'info@mls.virtual-mail-028.net','Active','2022-01-25 06:17:15'),(67,137,68,'info@mls.virtual-mail-036.net','Active','2022-01-25 06:17:15'),(68,138,69,'info@mls.virtual-mail-044.net','Active','2022-01-25 06:17:15'),(69,139,70,'info@mls.virtual-mail-052.net','Active','2022-01-25 06:17:15'),(70,140,71,'info@mls.virtual-mail-060.net','Active','2022-01-25 06:17:15');
/*!40000 ALTER TABLE `ip_hostname` ENABLE KEYS */;
UNLOCK TABLES;

--
-- Table structure for table `ip_pool`
--

DROP TABLE IF EXISTS `ip_pool`;
/*!40101 SET @saved_cs_client     = @@character_set_client */;
/*!50503 SET character_set_client = utf8 */;
CREATE TABLE `ip_pool` (
  `ip_pool_id` int NOT NULL AUTO_INCREMENT,
  `ip_pool` varchar(20) NOT NULL,
  `gateway_bit` varchar(20) NOT NULL,
  `network_address` varchar(20) NOT NULL,
  `mask_bits` int NOT NULL,
  `host_bits` int NOT NULL,
  `subnet_mask` varchar(20) NOT NULL,
  `broadcast_address` varchar(20) NOT NULL,
  `gateway_address` varchar(20) NOT NULL,
  `total_hosts` int NOT NULL,
  `usable_hosts` int NOT NULL,
  `sp_id` int NOT NULL,
  `network_ip2long` varchar(20) CHARACTER SET utf8 COLLATE utf8_general_ci NOT NULL,
  `broadcast_ip2long` varchar(20) NOT NULL,
  `system_date` datetime NOT NULL DEFAULT CURRENT_TIMESTAMP,
  `pool_status` varchar(20) CHARACTER SET utf8 COLLATE utf8_general_ci NOT NULL DEFAULT 'Active',
  PRIMARY KEY (`ip_pool_id`)
) ENGINE=InnoDB AUTO_INCREMENT=12 DEFAULT CHARSET=utf8 COLLATE=utf8_general_ci;
/*!40101 SET character_set_client = @saved_cs_client */;

--
-- Dumping data for table `ip_pool`
--

LOCK TABLES `ip_pool` WRITE;
/*!40000 ALTER TABLE `ip_pool` DISABLE KEYS */;
INSERT INTO `ip_pool` VALUES (1,'202.69.48.0/26','1','202.69.48.0',26,6,'255.255.255.192','202.69.48.63','202.69.48.1',64,61,2,'3393531904','3393531967','2022-01-24 23:27:52','Active'),(2,'103.236.133.240/28','1','103.236.133.240',28,4,'255.255.255.240','103.236.133.255','103.236.133.241',16,13,1,'1743554032','1743554047','2022-01-25 00:04:29','Active'),(5,'103.236.135.208/29','1','103.236.135.208',29,3,'255.255.255.248','103.236.135.215','103.236.135.209',8,5,1,'1743554512','1743554519','2022-01-25 00:57:57','Active'),(6,'103.236.132.136/29','1','103.236.132.136',29,3,'255.255.255.248','103.236.132.143','103.236.132.137',8,5,1,'1743553672','1743553679','2022-01-25 01:38:53','Active'),(7,'103.236.132.160/29','1','103.236.132.160',29,3,'255.255.255.248','103.236.132.167','103.236.132.161',8,5,1,'1743553696','1743553703','2022-01-25 01:46:14','Active'),(8,'180.178.133.16/28','1','180.178.133.16',28,4,'255.255.255.240','180.178.133.31','180.178.133.17',16,13,3,'3031598352','3031598367','2022-01-25 01:51:18','Active'),(9,'113.203.235.0/28','1','113.203.235.0',28,4,'255.255.255.240','113.203.235.15','113.203.235.1',16,13,3,'1909189376','1909189391','2022-01-25 02:02:49','Active'),(10,'113.203.240.208/28','1','113.203.240.208',28,4,'255.255.255.240','113.203.240.223','113.203.240.209',16,13,3,'1909190864','1909190879','2022-01-25 02:08:16','Active'),(11,'103.236.133.176/28','1','103.236.133.176',28,4,'255.255.255.240','103.236.133.191','103.236.133.177',16,13,1,'1743553968','1743553983','2022-01-25 06:17:14','Active');
/*!40000 ALTER TABLE `ip_pool` ENABLE KEYS */;
UNLOCK TABLES;

--
-- Table structure for table `ipblacklist_log_temp`
--

DROP TABLE IF EXISTS `ipblacklist_log_temp`;
/*!40101 SET @saved_cs_client     = @@character_set_client */;
/*!50503 SET character_set_client = utf8 */;
CREATE TABLE `ipblacklist_log_temp` (
  `ipblacklist_log_temp_id` int NOT NULL AUTO_INCREMENT,
  `ipdetailid` int NOT NULL,
  `blacklist_query_type` varchar(30) NOT NULL,
  `query_string` varchar(100) NOT NULL,
  `mailserverid` int NOT NULL,
  `blacklist_name` varchar(500) NOT NULL,
  `blacklist_reason` varchar(1000) DEFAULT NULL,
  `delist_url` varchar(500) DEFAULT NULL,
  PRIMARY KEY (`ipblacklist_log_temp_id`)
) ENGINE=InnoDB DEFAULT CHARSET=utf8mb3;
/*!40101 SET character_set_client = @saved_cs_client */;

--
-- Dumping data for table `ipblacklist_log_temp`
--

LOCK TABLES `ipblacklist_log_temp` WRITE;
/*!40000 ALTER TABLE `ipblacklist_log_temp` DISABLE KEYS */;
/*!40000 ALTER TABLE `ipblacklist_log_temp` ENABLE KEYS */;
UNLOCK TABLES;

--
-- Table structure for table `ipdetails`
--

DROP TABLE IF EXISTS `ipdetails`;
/*!40101 SET @saved_cs_client     = @@character_set_client */;
/*!50503 SET character_set_client = utf8 */;
CREATE TABLE `ipdetails` (
  `ipdetailid` int NOT NULL AUTO_INCREMENT,
  `ipaddress` varchar(16) NOT NULL,
  `ipsubnet` varchar(16) NOT NULL,
  `ipgateway` varchar(16) NOT NULL,
  `hostname` varchar(255) NOT NULL,
  `service_providerxx` int NOT NULL,
  `emailaddress` varchar(150) NOT NULL,
  `iphourxx` varchar(2) CHARACTER SET utf8 COLLATE utf8_general_ci DEFAULT NULL,
  `ipusedatetime` datetime NOT NULL DEFAULT CURRENT_TIMESTAMP,
  `ipblack_color` varchar(10) NOT NULL DEFAULT 'white',
  `ipblack_score` int NOT NULL DEFAULT '0',
  `ipstatus` varchar(100) CHARACTER SET utf8 COLLATE utf8_general_ci DEFAULT 'Active',
  `mailserverid` int NOT NULL,
  `added_by` int NOT NULL,
  `ip_hostname_id` int NOT NULL,
  PRIMARY KEY (`ipdetailid`),
  KEY `mailserverid` (`mailserverid`),
  KEY `ipdetails_spfk` (`service_providerxx`),
  CONSTRAINT `ipdetails_ibfk_1` FOREIGN KEY (`mailserverid`) REFERENCES `mailservers` (`mailserverid`),
  CONSTRAINT `ipdetails_spfk` FOREIGN KEY (`service_providerxx`) REFERENCES `service_providers` (`sp_id`) ON DELETE RESTRICT ON UPDATE RESTRICT
) ENGINE=InnoDB AUTO_INCREMENT=65 DEFAULT CHARSET=utf8mb3;
/*!40101 SET character_set_client = @saved_cs_client */;

--
-- Dumping data for table `ipdetails`
--

LOCK TABLES `ipdetails` WRITE;
/*!40000 ALTER TABLE `ipdetails` DISABLE KEYS */;
INSERT INTO `ipdetails` VALUES (1,'202.69.48.23','255.255.255.192','202.69.48.1','mls.virtual-mail-001.net',2,'info@virtual-mail-001.net',NULL,'2021-12-20 05:33:46','green',0,'WHITELIST',1,22,1),(2,'103.236.133.242','255.255.255.240','103.236.133.241','mls.virtual-mail-002.net',1,'info@virtual-mail-002.net',NULL,'2021-12-21 02:05:38','black',10,'BLACKLIST',1,22,12),(3,'113.203.235.2','255.255.255.240','113.203.235.1','mls.virtual-mail-003.net',3,'info@virtual-mail-003.net',NULL,'2021-12-21 02:07:53','black',16,'BLACKLIST',1,22,47),(5,'180.178.133.18','255.255.255.240','180.178.133.17','mls.virtual-mail-005.net',3,'info@virtual-mail-005.net',NULL,'2021-12-21 02:11:02','orange',3,'WHITELIST',1,22,39),(6,'103.236.135.210','255.255.255.248','103.236.135.209','mls.virtual-mail-006.net',1,'info@virtual-mail-006.net',NULL,'2021-12-21 02:12:00','green',0,'WHITELIST',1,22,26),(7,'113.203.240.210','255.255.255.240','113.203.240.209','mls.virtual-mail-007.net',3,'info@virtual-mail-007.net',NULL,'2021-12-21 02:14:01','orange',3,'WHITELIST',1,22,55),(8,'103.236.132.162','255.255.255.248','103.236.132.161','mls.virtual-mail-008.net',1,'info@virtual-mail-008.net',NULL,'2021-12-21 02:15:00','green',0,'WHITELIST',1,22,34),(9,'202.69.48.24','255.255.255.192','202.69.48.1','mls.virtual-mail-009.net',2,'info@virtual-mail-009.net',NULL,'2021-12-21 02:17:58','green',0,'WHITELIST',2,22,2),(10,'103.236.133.243','255.255.255.240','103.236.133.241','mls.virtual-mail-010.net',1,'info@virtual-mail-010.net',NULL,'2021-12-21 02:19:16','green',0,'WHITELIST',2,22,13),(11,'113.203.235.3','255.255.255.240','113.203.235.1','mls.virtual-mail-011.net',3,'info@virtual-mail-011.net',NULL,'2021-12-21 02:22:03','red',6,'WHITELIST',2,22,48),(13,'180.178.133.19','255.255.255.240','180.178.133.17','mls.virtual-mail-013.net',3,'info@virtual-mail-013.net',NULL,'2021-12-21 02:32:01','orange',3,'WHITELIST',2,22,40),(14,'103.236.135.211','255.255.255.248','103.236.135.209','mls.virtual-mail-014.net',1,'info@virtual-mail-014.net',NULL,'2021-12-21 02:33:00','green',0,'WHITELIST',2,22,27),(15,'113.203.240.211','255.255.255.240','113.203.240.209','mls.virtual-mail-015.net',3,'info@virtual-mail-015.net',NULL,'2021-12-21 02:33:36','orange',3,'WHITELIST',2,22,56),(16,'103.236.132.163','255.255.255.248','103.236.132.161','mls.virtual-mail-016.net',1,'info@virtual-mail-016.net',NULL,'2021-12-21 02:34:15','green',0,'WHITELIST',2,22,35),(17,'202.69.48.25','255.255.255.192','202.69.48.1','mls.virtual-mail-017.net',2,'info@virtual-mail-017.net',NULL,'2021-12-22 00:38:09','green',0,'WHITELIST',3,22,3),(18,'103.236.133.244','255.255.255.240','103.236.133.241','mls.virtual-mail-018.net',1,'info@virtual-mail-018.net',NULL,'2021-12-22 00:39:40','green',0,'WHITELIST',3,22,14),(19,'113.203.235.4','255.255.255.240','113.203.235.1','mls.virtual-mail-019.net',3,'info@virtual-mail-019.net',NULL,'2021-12-22 00:40:37','red',6,'WHITELIST',3,22,49),(21,'180.178.133.20','255.255.255.240','180.178.133.17','mls.virtual-mail-021.net',3,'info@virtual-mail-021.net',NULL,'2021-12-22 00:43:13','orange',3,'WHITELIST',3,22,41),(22,'103.236.135.212','255.255.255.248','103.236.135.209','mls.virtual-mail-022.net',1,'info@virtual-mail-022.net',NULL,'2021-12-22 00:48:05','green',0,'WHITELIST',3,22,28),(23,'113.203.240.212','255.255.255.240','113.203.240.209','mls.virtual-mail-023.net',3,'info@virtual-mail-023.net',NULL,'2021-12-22 00:49:20','orange',3,'WHITELIST',3,22,57),(24,'103.236.132.164','255.255.255.248','103.236.132.161','mls.virtual-mail-024.net',1,'info@virtual-mail-024.net',NULL,'2021-12-22 00:50:02','green',0,'WHITELIST',3,22,36),(25,'202.69.48.26','255.255.255.192','202.69.48.1','mls.virtual-mail-025.net',2,'info@virtual-mail-025.net',NULL,'2021-12-23 00:06:11','green',0,'WHITELIST',1,22,4),(26,'103.236.133.245','255.255.255.240','103.236.133.241','mls.virtual-mail-026.net',1,'info@virtual-mail-026.net',NULL,'2021-12-23 00:09:28','green',0,'WHITELIST',1,22,15),(27,'113.203.235.5','255.255.255.240','113.203.235.1','mls.virtual-mail-027.net',3,'info@virtual-mail-027.net',NULL,'2021-12-23 00:14:39','red',6,'WHITELIST',1,22,50),(29,'180.178.133.21','255.255.255.240','180.178.133.17','mls.virtual-mail-029.net',3,'info@virtual-mail-029.net',NULL,'2021-12-23 00:18:04','orange',3,'WHITELIST',1,22,42),(30,'103.236.135.213','255.255.255.248','103.236.135.209','mls.virtual-mail-030.net',1,'info@virtual-mail-030.net',NULL,'2021-12-23 00:19:12','green',0,'WHITELIST',1,22,29),(31,'113.203.240.213','255.255.255.240','113.203.240.209','mls.virtual-mail-031.net',3,'info@virtual-mail-031.net',NULL,'2021-12-23 00:20:14','orange',3,'WHITELIST',1,22,58),(32,'103.236.132.165','255.255.255.248','103.236.132.161','mls.virtual-mail-032.net',1,'info@virtual-mail-032.net',NULL,'2021-12-23 00:21:00','green',0,'WHITELIST',1,22,37),(33,'202.69.48.27','255.255.255.192','202.69.48.1','mls.virtual-mail-033.net',2,'info@virtual-mail-033.net',NULL,'2021-12-23 00:22:12','green',0,'WHITELIST',2,22,5),(34,'103.236.133.246','255.255.255.240','103.236.133.241','mls.virtual-mail-034.net',1,'info@virtual-mail-034.net',NULL,'2021-12-23 00:22:57','green',0,'WHITELIST',2,22,16),(35,'113.203.235.6','255.255.255.240','113.203.235.1','mls.virtual-mail-035.net',3,'info@virtual-mail-035.net',NULL,'2021-12-23 00:23:46','red',6,'WHITELIST',2,22,51),(37,'180.178.133.22','255.255.255.240','180.178.133.17','mls.virtual-mail-037.net',3,'info@virtual-mail-037.net',NULL,'2021-12-23 00:25:17','orange',3,'WHITELIST',2,22,43),(38,'103.236.135.214','255.255.255.248','103.236.135.209','mls.virtual-mail-038.net',1,'info@virtual-mail-038.net',NULL,'2021-12-23 00:27:20','green',0,'WHITELIST',2,22,30),(39,'113.203.240.214','255.255.255.240','113.203.240.209','mls.virtual-mail-039.net',3,'info@virtual-mail-039.net',NULL,'2021-12-23 00:30:05','orange',3,'WHITELIST',2,22,59),(40,'103.236.132.166','255.255.255.248','103.236.132.161','mls.virtual-mail-040.net',1,'info@virtual-mail-040.net',NULL,'2021-12-23 00:32:01','green',0,'WHITELIST',2,22,38),(41,'202.69.48.28','255.255.255.192','202.69.48.1','mls.virtual-mail-041.net',2,'info@virtual-mail-041.net',NULL,'2021-12-23 00:54:03','green',0,'WHITELIST',3,22,6),(42,'103.236.133.247','255.255.255.240','103.236.133.241','mls.virtual-mail-042.net',1,'info@virtual-mail-042.net',NULL,'2021-12-23 00:54:47','green',0,'WHITELIST',3,22,17),(43,'113.203.235.7','255.255.255.240','113.203.235.1','mls.virtual-mail-043.net',3,'info@virtual-mail-043.net',NULL,'2021-12-23 00:55:33','red',6,'WHITELIST',3,22,52),(45,'180.178.133.23','255.255.255.240','180.178.133.17','mls.virtual-mail-045.net',3,'info@virtual-mail-045.net',NULL,'2021-12-23 00:58:21','black',13,'BLACKLIST',3,22,44),(46,'103.236.132.138','255.255.255.248','103.236.132.137','mls.virtual-mail-046.net',1,'info@virtual-mail-046.net',NULL,'2021-12-23 00:59:24','green',0,'WHITELIST',3,22,31),(47,'113.203.240.215','255.255.255.240','113.203.240.209','mls.virtual-mail-047.net',3,'info@virtual-mail-047.net',NULL,'2021-12-23 01:00:06','orange',3,'WHITELIST',3,22,60),(48,'202.69.48.33','255.255.255.192','202.69.48.1','mls.virtual-mail-048.net',2,'info@virtual-mail-048.net',NULL,'2021-12-23 01:01:30','green',0,'WHITELIST',3,22,9),(49,'202.69.48.29','255.255.255.192','202.69.48.1','mls.virtual-mail-049.net',2,'info@virtual-mail-049.net',NULL,'2021-12-23 04:26:05','green',0,'WHITELIST',1,22,7),(50,'103.236.133.248','255.255.255.240','103.236.133.241','mls.virtual-mail-050.net',1,'info@virtual-mail-050.net',NULL,'2021-12-23 04:26:47','green',0,'WHITELIST',1,22,18),(51,'113.203.235.8','255.255.255.240','113.203.235.1','mls.virtual-mail-051.net',3,'info@virtual-mail-051.net',NULL,'2021-12-23 04:27:20','red',6,'WHITELIST',1,22,53),(53,'180.178.133.24','255.255.255.240','180.178.133.17','mls.virtual-mail-053.net',3,'info@virtual-mail-053.net',NULL,'2021-12-23 04:28:44','orange',3,'WHITELIST',1,22,45),(54,'103.236.132.139','255.255.255.248','103.236.132.137','mls.virtual-mail-054.net',1,'info@virtual-mail-054.net',NULL,'2021-12-23 04:29:25','green',0,'WHITELIST',1,22,32),(55,'113.203.240.216','255.255.255.240','113.203.240.209','mls.virtual-mail-055.net',3,'info@virtual-mail-055.net',NULL,'2021-12-23 04:30:10','orange',3,'WHITELIST',1,22,61),(56,'202.69.48.34','255.255.255.192','202.69.48.1','mls.virtual-mail-056.net',2,'info@virtual-mail-056.net',NULL,'2021-12-23 04:30:50','green',0,'WHITELIST',1,22,10),(57,'202.69.48.30','255.255.255.192','202.69.48.1','mls.virtual-mail-057.net',2,'info@virtual-mail-057.net',NULL,'2021-12-23 04:31:35','green',0,'WHITELIST',2,22,8),(58,'103.236.133.249','255.255.255.240','103.236.133.241','mls.virtual-mail-058.net',1,'info@virtual-mail-058.net',NULL,'2021-12-23 04:34:28','green',0,'WHITELIST',2,22,19),(59,'113.203.235.9','255.255.255.240','113.203.235.1','mls.virtual-mail-059.net',3,'info@virtual-mail-059.net',NULL,'2021-12-23 04:42:18','red',6,'WHITELIST',2,22,54),(61,'180.178.133.25','255.255.255.240','180.178.133.17','mls.virtual-mail-061.net',3,'info@virtual-mail-061.net',NULL,'2021-12-23 04:43:57','orange',3,'WHITELIST',2,22,46),(62,'103.236.132.140','255.255.255.248','103.236.132.137','mls.virtual-mail-062.net',1,'info@virtual-mail-062.net',NULL,'2021-12-23 04:44:38','green',0,'WHITELIST',2,22,33),(63,'113.203.240.217','255.255.255.240','113.203.240.209','mls.virtual-mail-063.net',3,'info@virtual-mail-063.net',NULL,'2021-12-23 04:45:19','orange',3,'WHITELIST',2,22,62),(64,'202.69.48.35','255.255.255.192','202.69.48.1','mls.virtual-mail-064.net',2,'info@virtual-mail-064.net',NULL,'2021-12-23 04:46:11','green',0,'WHITELIST',2,22,11);
/*!40000 ALTER TABLE `ipdetails` ENABLE KEYS */;
UNLOCK TABLES;

--
-- Table structure for table `journal`
--

DROP TABLE IF EXISTS `journal`;
/*!40101 SET @saved_cs_client     = @@character_set_client */;
/*!50503 SET character_set_client = utf8 */;
CREATE TABLE `journal` (
  `journal_id` int NOT NULL AUTO_INCREMENT,
  `jcode` varchar(45) DEFAULT NULL,
  `journal_name` varchar(255) DEFAULT NULL,
  `journal_category` varchar(11) DEFAULT NULL,
  `journal_status` varchar(255) DEFAULT NULL,
  `activate_status` varchar(255) NOT NULL,
  PRIMARY KEY (`journal_id`),
  UNIQUE KEY `jcode` (`jcode`)
) ENGINE=InnoDB AUTO_INCREMENT=425 DEFAULT CHARSET=utf8mb3;
/*!40101 SET character_set_client = @saved_cs_client */;

--
-- Dumping data for table `journal`
--

LOCK TABLES `journal` WRITE;
/*!40000 ALTER TABLE `journal` DISABLE KEYS */;
INSERT INTO `journal` VALUES (1,'TOANDROJ','The Open Andrology Journal','oa','unexport','active'),(2,'TOANTHJ','The Open Anthropology Journal','oa','unexport','active'),(3,'TOAMJ','The Open Applied Mathematics Journal','oa','unexport','active'),(4,'TOAPJ','The Open Applied Physics Journal','oa','unexport','active'),(5,'TOATHERTJ','The Open Atherosclerosis & Thrombosis Journal','oa','unexport','active'),(6,'TOAUTOJ','The Open Autoimmunity Journal','oa','unexport','active'),(7,'TOBJ','The Open Business Journal','oa','unexport','active'),(8,'TOCVJ','The Open Circulation & Vascular Journal','oa','unexport','active'),(9,'TOALTMEDJ','The Open Complementary Medicine Journal','oa','unexport','active'),(10,'TOCONSBJ','The Open Conservation Biology Journal','oa','unexport','active'),(11,'TOCRYJ','The Open Crystallography Journal','oa','unexport','active'),(12,'TODEMOJ','The Open Demography Journal','oa','unexport','active'),(13,'TOECONSJ','The Open Economics Journal','oa','unexport','active'),(14,'JEBP','Journal of Epithelial Biology & Pharmacology','sbj','unexport','active'),(15,'TOEBMJ','The Open Environmental & Biological Monitoring Journal','oa','unexport','active'),(16,'TOEPTJ','The Open Environmental Pollution & Toxicology Journal','oa','unexport','active'),(17,'TOJ','The Open Ethics Journal','oa','unexport','active'),(18,'TOGASJ','The Open Gastroenterology Journal','oa','unexport','active'),(19,'TOGMJ','The Open General & Internal Medicine Journal','oa','unexport','active'),(20,'TOGENJ','The Open Genomics Journal','oa','unexport','active'),(21,'TOGERIMJ','The Open Geriatric Medicine Journal ','oa','unexport','active'),(22,'TOIMEJ','The Open Industrial & Manufacturing Engineering Journal','oa','unexport','active'),(23,'TOMACROJ','The Open Macromolecules Journal','oa','unexport','active'),(24,'TOMECHJ','The Open Mechanics Journal','oa','unexport','active'),(25,'TOMEDEDUJ','The Open Medical Education Journal','oa','unexport','active'),(26,'TOORJ','The Open Operational Research Journal','oa','unexport','active'),(27,'TOPATJ','The Open Pathology Journal','oa','unexport','active'),(28,'TOPROTJ','The Open Proteomics Journal','oa','unexport','active'),(29,'TOSEJ','The Open Software Engineering Journal','oa','unexport','active'),(30,'TOSPINEJ','The Open Spine Journal','oa','unexport','active'),(31,'TOUSJ','The Open Urban Studies Journal','oa','unexport','active'),(32,'TOVACJ','The Open Vaccine Journal','oa','unexport','active'),(33,'TOZJ','The Open Zoology Journal','oa','unexport','active'),(34,'TOANATJ','The Open Anatomy Journal','oa','unexport','active'),(35,'TOANTIMJ','The Open Antimicrobial Agents Journal','oa','unexport','active'),(36,'TOAINFOJ','The Open Applied Informatics Journal','oa','unexport','active'),(37,'TOALJ','The Open Applied Linguistics Journal','oa','unexport','active'),(38,'TOARSJ','The Open Area Studies Journal','oa','unexport','active'),(39,'TOARTHJ','The Open Arthritis Journal','oa','unexport','active'),(40,'TOBIOMTJ','The Open Biomaterials Journal','oa','unexport','active'),(41,'TOCARIJ','The Open Cardiovascular Imaging Journal','oa','unexport','active'),(42,'TOCBJ','The Open Cell Development & Biology Journal','oa','unexport','active'),(43,'TOCELLSJ','The Open Cell Signaling Journal','oa','unexport','active'),(44,'TOCERSJ','The Open Ceramic Science Journal','oa','unexport','active'),(45,'TOCBMJ','The Open Chemical and Biomedical Methods Journal','oa','unexport','active'),(46,'TOCPJ','The Open Chemical Physics Journal','oa','unexport','active'),(47,'TOCCJ','The Open Clinical Cancer Journal','oa','unexport','active'),(48,'TOCTJ','The Open Clinical Trials Journal','oa','unexport','active'),(49,'TOCOLLSJ','The Open Colloid Science Journal','oa','unexport','active'),(50,'TOCMPJ','The Open Condensed Matter Physics Journal','oa','unexport','active'),(51,'TOCORRJ','The Open Corrosion Journal','oa','unexport','active'),(52,'TOCCMJ','The Open Critical Care Medicine Journal','oa','unexport','active'),(53,'TODDJ','The Open Drug Delivery Journal','oa','unexport','active'),(54,'TODDISJ','The Open Drug Discovery Journal','oa','unexport','active'),(55,'TODMJ','The Open Drug Metabolism Journal','oa','unexport','active'),(56,'TODRJ','The Open Drug Resistance Journal','oa','unexport','active'),(57,'TODSJ','The Open Drug Safety Journal','oa','unexport','active'),(58,'TOEMJ','The Open Emergency Medicine Journal','oa','unexport','active'),(59,'TOEIJ','The Open Enzyme Inhibition Journal','oa','unexport','active'),(60,'TOEVOLJ','The Open Evolution Journal','oa','unexport','active'),(61,'TOFCJ','The Open Fuel Cells Journal','oa','unexport','active'),(62,'TOGTJ','The Open Gene Therapy Journal','oa','unexport','active'),(63,'TOGLYJ','Open Glycoscience','oa','unexport','active'),(64,'TOHSPJ','The Open Health Services and Policy Journal','oa','unexport','active'),(65,'TOHFJ','Open Heart Failure Journal','oa','unexport','active'),(66,'TOHEPATJ','The Open Hepatology Journal','oa','unexport','active'),(67,'TOHORTJ','The Open Horticulture Journal','oa','unexport','active'),(68,'TOINFJ','The Open Inflammation Journal','oa','unexport','active'),(69,'TOISJ','The Open Information Systems Journal','oa','unexport','active'),(70,'TOISCIJ','The Open Information Science Journal','oa','unexport','active'),(71,'TOICJ','The Open Inorganic Chemistry Journal','oa','unexport','active'),(72,'TOLAWJ','The Open Law Journal','oa','unexport','active'),(73,'TOLEUKEMIAJ','The Open Leukemia Journal','oa','unexport','active'),(74,'TOLSJ','Open Longevity Science','oa','unexport','active'),(75,'TOLCJ','The Open Lung Cancer Journal','oa','unexport','active'),(76,'TOMRJ','The Open Magnetic Resonance Journal','oa','unexport','active'),(77,'TOMANAJ','The Open Management Journal','oa','unexport','active'),(78,'TOMJ','The Open Mineralogy Journal','oa','unexport','active'),(79,'TONEUROEJ','The Open Neuroendocrinology Journal','oa','unexport','active'),(80,'TONEUROPPJ','The Open Neuropsychopharmacology Journal','oa','unexport','active'),(81,'TONOJ','The Open Nitric Oxide Journal','oa','unexport','active'),(82,'TONPPJ','The Open Nuclear & Particle Physics Journal','oa','unexport','active'),(83,'TONUMJ','The Open Numerical Methods Journal','oa','unexport','active'),(84,'TOOHSJ','The Open Occupational Health & Safety Journal','oa','unexport','active'),(85,'TOPETJ','The Open Pacing, Electrophysiology & Therapy Journal','oa','unexport','active'),(86,'TOPALOJ','The Open Paleontology Journal','oa','unexport','active'),(87,'TOPHYJ','The Open Physiology Journal','oa','unexport','active'),(88,'TOPCJ','The Open Physical Chemistry Journal','oa','unexport','active'),(89,'TOCPCJ','The Open Process Chemistry Journal','oa','unexport','active'),(90,'TOPRSJ','The Open Surgery Science Journal','oa','unexport','active'),(91,'TOSOCIJ','The Open Sociology Journal','oa','unexport','active'),(92,'TOSBJ','The Open Structural Biology Journal','oa','unexport','active'),(93,'TOSUPERJ','The Open Superconductors Journal','oa','unexport','active'),(94,'TOSOJ','The Open Surgical Oncology Journal','oa','unexport','active'),(95,'TOSYSBJ','The Open Systems Biology Journal','oa','unexport','active'),(96,'TOTEXTILEJ','The Open Textile Journal','oa','unexport','active'),(97,'TOTOXIJ','The Open Toxicology Journal','oa','unexport','active'),(98,'TOTNJ','The Open Toxinology Journal','oa','unexport','active'),(99,'TOTRANSMJ','The Open Translational Medicine Journal','oa','unexport','active'),(100,'TOTPJ','The Open Transport Phenomena Journal','oa','unexport','active'),(101,'TOVRJ','The Open Virtual Reality Journal','oa','unexport','active'),(102,'TOWHJ','The Open Women\'s Health Journal','oa','unexport','active'),(103,'VDP','Vascular Disease Prevention','sbj','unexport','active'),(104,'COMPSCI','Open Computer Science Journal','oa','unexport','active'),(105,'OENG','Open Engineering Sciences Journal','oa','unexport','active'),(106,'ETHICS','Open Ethics and Law Journal','oa','unexport','active'),(107,'NANOTECH','Open Nanotechnology and Nanomedicine Journal','oa','unexport','active'),(108,'TOAAJ','The Open Astronomy Journal','oa','unexport','active'),(109,'TOACJ','The Open Analytical Chemistry Journal','oa','unexport','active'),(110,'TOACOJ','The Open Acoustics Journal','oa','unexport','active'),(111,'TOADDJ','The Open Addiction Journal','oa','unexport','active'),(112,'TOBCANJ','The Open Breast Cancer Journal','oa','unexport','active'),(113,'TOBONEJ','The Open Bone Journal','oa','unexport','active'),(114,'TOBSJ','The Open Behavioral Science Journal','oa','unexport','active'),(115,'TOCATJ','The Open Catalysis Journal','oa','unexport','active'),(116,'TOCJ','The Open Cancer Journal ','oa','unexport','active'),(117,'TOCOLCJ','The Open Colorectal Cancer Journal','oa','unexport','active'),(118,'TOCOMMJ','The Open Communication Journal','oa','unexport','active'),(119,'TOCRIJ','The Open Criminology Journal','oa','unexport','active'),(120,'TOCTSJ','The Open Cardiovascular and Thoracic Surgery Journal','oa','unexport','active'),(121,'TOEDUJ','The Open Education Journal','oa','unexport','active'),(122,'TOEJ','The Open Endocrinology Journal','oa','unexport','active'),(123,'TOELECJ','The Open Electrochemistry Journal','oa','unexport','active'),(124,'TOENTOJ','The Open Entomology Journal','oa','unexport','active'),(125,'TOENVIEJ','The Open Environmental Engineering Journal','oa','unexport','active'),(126,'TOFORSJ','The Open Forensic Science Journal','oa','unexport','active'),(127,'TOFSCIJ','The Open Forest Science Journal','oa','unexport','active'),(128,'TOGEOGJ','The Open Geography Journal','oa','unexport','active'),(129,'TOGEOJ','The Open Geology Journal ','oa','unexport','active'),(130,'TOHYDJ','The Open Hydrology Journal ','oa','unexport','active'),(131,'TOMATJ','The Open Mathematics Journal ','oa','unexport','active'),(132,'TOMBJ','The Open Marine Biology Journal','oa','unexport','active'),(133,'TOMPJ','The Open Mineral Processing Journal','oa','unexport','active'),(134,'TOMYCJ','The Open Mycology Journal ','oa','unexport','active'),(135,'TONEURJ','The Open Neuroscience Journal ','oa','unexport','active'),(136,'TONANOJ','The Open Nanoscience Journal ','oa','unexport','active'),(137,'TONEUROSJ','The Open Neurosurgery Journal','oa','unexport','active'),(138,'TONMEDJ','The Open Nuclear Medicine Journal','oa','unexport','active'),(139,'TONPJ','The Open Natural Products Journal','oa','unexport','active'),(140,'TONUTRAJ','The Open Nutraceuticals Journal','oa','unexport','active'),(141,'TOOCEAJ','The Open Oceanography Journal','oa','unexport','active'),(142,'TOOCJ','The Open Organic Chemistry Journal','oa','unexport','active'),(143,'TOOEJ','The Open Ocean Engineering Journal','oa','unexport','active'),(144,'TOOPTSJ','The Open Optics Journal','oa','unexport','active'),(145,'TOOTORJ','The Open Otorhinolaryngology Journal ','oa','unexport','active'),(146,'TOPCANJ','The Open Prostate Cancer Journal','oa','unexport','active'),(147,'TOPJ','The Open Psychiatry Journal','oa','unexport','active'),(148,'TOPOLISJ','The Open Political Science Journal','oa','unexport','active'),(149,'TOPPJ','The Open Plasma Physics Journal','oa','unexport','active'),(150,'TOREHJ','The Open Rehabilitation Journal','oa','unexport','active'),(151,'TOREJ','The Open Renewable Energy Journal','oa','unexport','active'),(152,'TORMSJ','The Open Remote Sensing Journal','oa','unexport','active'),(153,'TORSJ','The Open Reproductive Science Journal','oa','unexport','active'),(154,'TOSJ','The Open Surgery Journal','oa','unexport','active'),(155,'TOSLPJ','The Open Sleep Journal','oa','unexport','active'),(156,'TOSMJ','The Open Sports Medicine Journal','oa','unexport','active'),(157,'TOSPECJ','The Open Spectroscopy Journal','oa','unexport','active'),(158,'TOSSCIJ','The Open Social Science Journal','oa','unexport','active'),(159,'TOSURSJ','The Open Surface Science Journal','oa','unexport','active'),(160,'TOTERMJ','The Open Tissue Engineering and Regenerative Medicine Journal ','oa','unexport','active'),(161,'TOTHERJ','The Open Thermodynamics Journal','oa','unexport','active'),(162,'TOTMJ','The Open Tropical Medicine Journal','oa','unexport','active'),(163,'TOTRANSJ','The Open Transplantation Journal','oa','unexport','active'),(164,'TOVSJ','The Open Veterinary Science Journal','oa','unexport','active'),(165,'JLR','Journal of Lightning Research','sbj','unexport','active'),(166,'EMJ','Open Economics and Management Journal','oa','unexport','active'),(167,'TOPHARMCJ','Pharmaceutical Crops','sbj','unexport','active'),(168,'OUSDJ','Open Urban Studies and Demography Journal','oa','unexport','active'),(169,'TOEFJ','The Open Fuels & Energy Science Journal','oa','unexport','active'),(170,'CCGTM','Current Chemical Genomics and Translational Medicine','sbj','unexport','active'),(171,'TOENVIRJ','Open Environmental Sciences','oa','unexport','active'),(172,'TOCSJ','The Open Cybernetics & Systemics Journal','oa','unexport','active'),(173,'TOERGJ','The Ergonomics Open Journal','oa','unexport','active'),(174,'TOPSJ','The Open Plant Science Journal','oa','unexport','active'),(175,'BIOLSCI','Open Biological Sciences Journal','oa','unexport','active'),(176,'TOAUTOCJ','The Open Automation and Control Systems Journal (Closed Title)','oa','unexport','active'),(177,'TOFISHSJ','The Open Fish Science Journal','oa','unexport','active'),(178,'PHY','Open Physics Journal','oa','unexport','active'),(179,'PHARMSCI','Open Pharmaceutical Sciences Journal','oa','unexport','active'),(180,'ACCTRA','Applied Drug Research, Clinical Trials and Regulatory Affairs','sbj','unexport','active'),(181,'CIR','Current Immunology Reviews ','sbj','unexport','active'),(182,'CRMR','Current Respiratory Medicine Reviews','sbj','unexport','active'),(183,'CCHTS','Combinatorial Chemistry & High Throughput Screening ','sbj','unexport','active'),(184,'CGT','Current Gene Therapy','sbj','unexport','active'),(185,'CNSAMC','Central Nervous System Agents In Medicinal Chemistry ','sbj','unexport','active'),(186,'CDRR','Current Drug Research Reviews ','sbj','unexport','active'),(187,'CSM','Current Smart Materials ','sbj','unexport','active'),(188,'CNR','Current Neurovascular Research ','sbj','unexport','active'),(189,'CMSB','Current Metabolomics and Systems Biology','sbj','unexport','active'),(190,'CPSP','Current Psychopharmacology ','sbj','unexport','active'),(191,'CMP','Current Molecular Pharmacology','sbj','unexport','active'),(192,'CG','Current Genomics ','sbj','unexport','active'),(193,'JSWCC','International Journal of Sensors, Wireless Communications and Control ','sbj','unexport','active'),(194,'CBIO','Current Bioinformatics','sbj','unexport','active'),(195,'CP','Current Proteomics','sbj','unexport','active'),(196,'RRCT','Reviews on Recent Clinical Trials','sbj','unexport','active'),(197,'COC','Current Organic Chemistry','sbj','unexport','active'),(198,'CMM','Current Molecular Medicine ','sbj','unexport','active'),(199,'DDL','Drug Delivery Letters ','sbj','unexport','active'),(200,'CHIVR','Current HIV Research ','sbj','unexport','active'),(201,'DDF','Recent Patents on Drug Delivery & Formulation','sbj','unexport','active'),(202,'TTE','Technology Transfer and Entrepreneurship ','sbj','unexport','active'),(203,'PRI','Recent Patents on Anti-Infective Drug Discovery ','sbj','unexport','active'),(204,'ICMS','Innovations in Corrosion and Materials Science ','sbj','unexport','active'),(205,'CEI','Current Enzyme Inhibition ','sbj','unexport','active'),(206,'CCAT','Current Catalysis ','sbj','unexport','active'),(207,'BIOT','Recent Patents on Biotechnology ','sbj','unexport','active'),(208,'PRA','Recent Patents on Anti-Cancer Drug Discovery ','sbj','unexport','active'),(209,'RICE','Recent Innovations in Chemical Engineering ','sbj','unexport','active'),(210,'AIAAMC','Anti-Inflammatory & Anti-Allergy Agents in Medicinal Chemistry','sbj','unexport','active'),(211,'CPD','Current Pharmaceutical Design ','sbj','unexport','active'),(212,'CDM','Current Drug Metabolism ','sbj','unexport','active'),(213,'CPB','Current Pharmaceutical Biotechnology ','sbj','unexport','active'),(214,'CTMC','Current Topics in Medicinal Chemistry ','sbj','unexport','active'),(215,'CMC','Current Medicinal Chemistry ','sbj','unexport','active'),(216,'CBE','Current Biochemical Engineering ','sbj','unexport','active'),(217,'CAE','Current Alternative Energy ','sbj','unexport','active'),(218,'CGS','Current Graphene Science','sbj','unexport','active'),(219,'CCAND','Clinical Cancer Drugs ','sbj','unexport','active'),(220,'MATS','Recent Patents on Materials Science ','sbj','unexport','inactive'),(221,'DML','Drug Metabolism Letters ','sbj','unexport','active'),(222,'APS','Adolescent Psychiatry ','sbj','unexport','active'),(223,'CHAMC','Cardiovascular & Hematological Agents in Medicinal Chemistry ','sbj','unexport','active'),(224,'PPL','Protein & Peptide Letters ','sbj','unexport','active'),(225,'CN','Current Neuropharmacology ','sbj','unexport','active'),(226,'CNSNDDT','CNS & Neurological Disorders - Drug Targets ','sbj','unexport','active'),(227,'CMIC','Current Microwave Chemistry ','sbj','unexport','active'),(228,'CBIOT','Current Biotechnology ','sbj','unexport','active'),(229,'CPC','Current Physical Chemistry ','sbj','unexport','active'),(230,'CDT','Current Drug Targets ','sbj','unexport','active'),(231,'CAS','Current Aging Science ','sbj','unexport','active'),(232,'CCHG','Current Chromatography ','sbj','unexport','active'),(233,'CPSR','Current Psychiatry Reviews','sbj','unexport','inactive'),(234,'CPPM','Current Pharmacogenomics and Personalized Medicine','sbj','unexport','active'),(235,'MNS','Micro and Nanosystems','sbj','unexport','active'),(236,'CNM','Current Nanomaterials ','sbj','unexport','active'),(237,'CGC','Current Green Chemistry ','sbj','unexport','active'),(238,'CEM','Current Environmental Management','sbj','unexport','active'),(239,'CAPS','Current Applied Polymer Science ','sbj','unexport','active'),(240,'CPR','Current Pediatric Reviews ','sbj','unexport','active'),(241,'CAR','Current Alzheimer Research ','sbj','unexport','active'),(242,'CPPS','Current Protein & Peptide Science ','sbj','unexport','active'),(243,'PNT','Pharmaceutical Nanotechnology ','sbj','unexport','active'),(244,'AIA','Anti-Infective Agents ','sbj','unexport','active'),(245,'CRP','Current Radiopharmaceuticals ','sbj','unexport','active'),(246,'CHR','Current Hypertension Reviews ','sbj','unexport','active'),(247,'IDDT','Infectious Disorders - Drug Targets ','sbj','unexport','active'),(248,'CWHR','Current Women\'s Health Reviews ','sbj','unexport','active'),(249,'CCDT','Current Cancer Drug Targets ','sbj','unexport','active'),(250,'CCR','Current Cardiology Reviews ','sbj','unexport','active'),(251,'CRR','Current Rheumatology Reviews ','sbj','unexport','active'),(252,'IAD','Recent Advances in Inflammation & Allergy Drug Discovery\r\n','sbj','unexport','active'),(253,'CDTH','Current Drug Therapy ','sbj','unexport','active'),(254,'CNANOM','Current Nanomedicine ','sbj','unexport','active'),(255,'MICRORNA','MicroRNA ','sbj','unexport','active'),(256,'CTM','Current Traditional Medicine ','sbj','unexport','active'),(257,'MENG','Recent Patents on Mechanical Engineering ','sbj','unexport','active'),(258,'NANOTEC','Recent Patents on Nanotechnology ','sbj','unexport','active'),(259,'CCTR','Current Cancer Therapy Reviews ','sbj','unexport','active'),(260,'FNA','Recent Patents on Food, Nutrition & Agriculture','sbj','unexport','active'),(261,'CCP','Current Clinical Pharmacology ','sbj','unexport','active'),(262,'CSCRT','Current Stem Cell Research & Therapy ','sbj','unexport','active'),(263,'CCB','Current Chemical Biology ','sbj','unexport','active'),(264,'CDS','Current Drug Safety ','sbj','unexport','active'),(265,'MC','Medicinal Chemistry ','sbj','unexport','active'),(266,'COS','Current Organic Synthesis ','sbj','unexport','active'),(267,'CDD','Current Drug Delivery ','sbj','unexport','active'),(268,'MROC','Mini-Reviews in Organic Chemistry','sbj','unexport','active'),(269,'EMIDDT','Endocrine, Metabolic & Immune Disorders - Drug Targets ','sbj','unexport','active'),(270,'ACAMC','Anti-Cancer Agents in Medicinal Chemistry ','sbj','unexport','active'),(271,'CHDDT','Cardiovascular & Hematological Disorders-Drug Targets ','sbj','unexport','active'),(272,'NNA','Nanoscience & Nanotechnology-Asia ','sbj','unexport','active'),(273,'NPJ','Natural Product Journal ','sbj','unexport','active'),(274,'CSTT','Current Signal Transduction Therapy ','sbj','unexport','active'),(275,'CBC','Current Bioactive Compounds ','sbj','unexport','active'),(276,'CCADD','Current Computer-Aided Drug Design ','sbj','unexport','active'),(277,'CAC','Current Analytical Chemistry ','sbj','unexport','active'),(278,'CDDT','Current Drug Discovery Technologies ','sbj','unexport','active'),(279,'ENG','Recent Patents on Engineering ','sbj','unexport','active'),(280,'CSENG','Recent Patents on Computer Science ','sbj','unexport','active'),(281,'CMIM','Current Medical Imaging','sbj','unexport','active'),(282,'RAEENG','Recent Advances in Electrical and Electronic Engineering ','sbj','unexport','active'),(283,'COCAT','Current Organocatalysis ','sbj','unexport','active'),(284,'MRMC','Mini-Reviews in Medicinal Chemistry ','sbj','unexport','active'),(285,'CVP','Current Vascular Pharmacology ','sbj','unexport','active'),(286,'CDR','Current Diabetes Review','sbj','unexport','active'),(287,'LDDD','Letters in Drug Design & Discovery ','sbj','unexport','active'),(288,'CNANO','Current Nanoscience','sbj','unexport','active'),(289,'CPA','Current Pharmaceutical Analysis','sbj','unexport','active'),(290,'LOC','Letters in Organic Chemistry ','sbj','unexport','active'),(291,'CNF','Current Nutrition and Food Science','sbj','unexport','active'),(292,'CDENT','Current Dentistry','sbj','unexport','active'),(293,'SWCC','International Journal of Sensors, Wireless Communications and Control','sbj','unexport','active'),(294,'CDAR','Current Drug Abuse Reviews','sbj','unexport','active'),(295,'TOCIEJ','The open civil engineering journal','oa','unexport','active'),(296,'TOBIOIJ','The Open Bioinformatics Journal','oa','unexport','active'),(297,'EENG','Recent Advances in Electrical & Electronic Engineering','sbj','unexport','active'),(298,'TOMICROJ','The Open Microbiology Journal','oa','unexport','active'),(299,'MEDJ','Open Medicine Journal','oa','unexport','active'),(300,'TOATJ','The Open Anesthesia','oa','unexport','active'),(301,'TODENTJ','The Open Dentistry Journal','oa','unexport','active'),(302,'TOBCTJ','The Open Construction & Building Technology Journal\r\n','oa','unexport','active'),(303,'TOIJ','The Open Immunology Journal','oa','unexport','active'),(304,'BILAL_JOURNAL','billal_ahmad_khan','sbj','unexport','active'),(305,'TONEUJ','The Open Neurology Journal','oa','unexport','active'),(306,'TOBEJ','The Open Biomedical Engineering Journal','oa','unexport','active'),(307,'TOASJ','The Open Agriculture Journal','oa','unexport','active'),(308,'CORT','Current Obesity Research & Therapy','sbj','unexport','active'),(309,'CRM','Current Regenerative Medicine','sbj','unexport','active'),(310,'CTE','Current Tissue Engineering','sbj','unexport','active'),(311,'EDT','Epigenetic Diagnosis & Therapy','sbj','unexport','active'),(312,'IEMAMC','Immunology, Endocrine & Metabolic Agents in Medicinal Chemistry','sbj','unexport','active'),(313,'CIC','Current Inorganic Chemistry','sbj','unexport','active'),(314,'NBE','Neuroscience and Biomedical Engineering','sbj','unexport','active'),(315,'CHEM','Open Chemistry Journal','oa','unexport','active'),(316,'TOCENGJ','The Open Chemical Engineering Journal','oa','unexport','active'),(317,'RACNT','Recent Advances in Communications and Networking Technology','sbj','unexport','active'),(318,'SDRM','Sustainability and Disaster Risk Management','sbj','unexport','active'),(319,'TOMIJ','The Open Medical Imaging Journal','oa','unexport','active'),(320,'TOOPHTJ','The Open Ophthalmology Journal','oa','unexport','active'),(321,'TOAEJ','The Open Aerospace Engineering Journal','oa','unexport','active'),(322,'TOAIDJ','The Open AIDS Journal','oa','unexport','active'),(323,'TOALLJ','The Open Allergy Journal','oa','unexport','active'),(324,'TOAIJ','The Open Artificial Intelligence Journal','oa','unexport','active'),(325,'TOASCJ','The Open Atmospheric Science Journal','oa','unexport','active'),(326,'TOBCJ','The Open Bioactive Compounds Journal','oa','unexport','active'),(327,'TOBIOCJ','The Open Biochemistry Journal','oa','unexport','active'),(328,'TOBIOJ','The Open Biology Journal','oa','unexport','active'),(329,'TOBIOMJ','The Open Biomarkers Journal','oa','unexport','active'),(330,'TOBIOTJ','The Open Biotechnology Journal','oa','unexport','active'),(331,'TOCIJ','The Open Cancer Immunology Journal','oa','unexport','active'),(332,'TOPROCJ','The Open Conference Proceedings Journal','oa','unexport','active'),(333,'TODJ','The Open Dermatology Journal','oa','unexport','active'),(334,'TODIAJ','The Open Diabetes Journal','oa','unexport','active'),(335,'TOEEJ','The Open Electrical & Electronic Engineering Journal','oa','unexport','active'),(336,'TOEPIJ','The Open Epidemiology Journal','oa','unexport','active'),(337,'TOFAMSJ','The Open Family Studies Journal','oa','unexport','active'),(338,'TOFSJ','The Open Food Science Journal','oa','unexport','active'),(339,'TOHJ','The Open Hematology Journal','oa','unexport','active'),(340,'TOHYPERJ','The Open Hypertension Journal','oa','unexport','active'),(341,'TOIDJ','The Open Infectious Diseases Journal','oa','unexport','active'),(342,'TOMSJ','The Open Materials Science Journal','oa','unexport','active'),(343,'TOMEJ','The Open Mechanical Engineering Journal','oa','unexport','active'),(344,'TOMDJ','The Open Medical Devices Journal','oa','unexport','active'),(345,'TOMINFOJ','The Open Medical Informatics Journal','oa','unexport','active'),(346,'TOMCJ','The Open Medicinal Chemistry Journal','oa','unexport','active'),(347,'TONMNJ','The Open Nanomedicine and Nanotechnology Journal','oa','unexport','active'),(348,'TONIJ','The Open Neuroimaging Journal','oa','unexport','active'),(349,'TONURSJ','The Open Nursing Journal','oa','unexport','active'),(350,'TONUTRJ','The Open Nutrition Journal','oa','unexport','active'),(351,'TOOBESJ','The Open Obesity Journal','oa','unexport','active'),(352,'TOOENIJ','The Open Ornithology Journal','oa','unexport','active'),(353,'TOORTHJ','The Open Orthopaedics Journal','oa','unexport','active'),(354,'TOPAINJ','The Open Pain Journal','oa','unexport','active'),(355,'TOPARAJ','The Open Parasitology Journal','oa','unexport','active'),(356,'TOPEDJ','The Open Pediatric Medicine Journal','oa','unexport','active'),(357,'TOPEJ','The Open Petroleum Engineering Journal','oa','unexport','active'),(358,'TOPHARMEJ','The Open Pharmacoeconomics & Health Economics Journal','oa','unexport','active'),(359,'TOPHARMJ','The Open Pharmacology Journal','oa','unexport','active'),(360,'TOPSYJ','The Open Psychology Journal','oa','unexport','active'),(361,'TOPHJ','The Open Public Health Journal','oa','unexport','active'),(362,'TORMJ','The Open Respiratory Medicine Journal','oa','unexport','active'),(363,'TORJ','The Open Rheumatology Journal','oa','unexport','active'),(364,'TOSIGPJ','The Open Signal Processing Journal','oa','unexport','active'),(365,'TOSSJ','The Open Sports Sciences Journal','oa','unexport','active'),(366,'TOMSPJ','The Open Mathematics, Statistics and Probability Journal','oa','unexport','active'),(367,'TOSCJ','The Open Stem Cell Journal','oa','unexport','active'),(368,'TOTJ','The Open Transportation Journal','oa','unexport','active'),(369,'TOUNJ','The Open Urology & Nephrology Journal','oa','unexport','active'),(370,'TOVJ','The Open Virology Journal','oa','unexport','active'),(371,'TOWMJ','The Open Waste Management Journal','oa','unexport','active'),(372,'TOCMJ','The Open Cardiovascular Medicine Journal','oa','unexport','active'),(373,'TOCCHEMJ','The Open Clinical Biochemistry Journal','oa','unexport','active'),(374,'TOERJ','The Open Environmental Research Journal','oa','unexport','active'),(375,'EB','e-Books','sbj','unexport','active'),(376,'CPEMH','Clinical Practice & Epidemiology in Mental Health','sbj','unexport','active'),(377,'CPRR','Current Psychiatry Research and Reviews','sbj','unexport','active'),(378,'TEST','testing','sbj','unexport','active'),(379,'TOBMSJ','The Open Biomaterials Science Journal','oa','unexport','active'),(380,'CMS','Current Materials Science','sbj','unexport','active'),(381,'QASIT','Qasit Malik Testing','sbj','unexport','active'),(382,'TOMB','The Open Microalgae Biotechnology','oa','unexport','active'),(383,'TOME','The Open Materials Engineering','oa','unexport','active'),(384,'TOSCDJ','The Open Stroke and Cerebrovascular Diseases journal','oa','unexport','active'),(385,'TOECOLJ','The Open Ecology Journal','oa','unexport','active'),(386,'CNT','Current Nutraceuticals','sbj','unexport','active'),(387,'CCCS','Current Chinese Computer Science','sbj','unexport','active'),(388,'CCCHEM','Current Chinese Chemistry','sbj','unexport','active'),(389,'NEMJ','New Emirates Medical Journal','sbj','unexport','active'),(390,'PHOTOCAT','Journal of Photocatalysis','sbj','unexport','active'),(391,'CCMS','Current Chinese Medical Science','sbj','unexport','active'),(392,'VAT','Venoms and Toxins','sbj','unexport','active'),(393,'RACSC','Recent Advances in Computer Science and Communications','sbj','unexport','active'),(394,'CENG','Current Chinese Engineering Science','sbj','unexport','active'),(395,'CMAM','Current Mechanics and Advanced Materials','sbj','unexport','active'),(396,'CEE','Current Enviromental Engineering','sbj','unexport','active'),(397,'CNTP','Current Nanotoxicity and Prevention','sbj','unexport','active'),(398,'teeeeet','tesssting romaisa','sbj','unexport','active'),(399,'TONMJ','The Open Nanomedicine Journal','oa','unexport','active'),(400,'FLME','Fuzzy Logic and Modeling in Engineering','sbj','unexport','active'),(401,'COVID','Coronaviruses','sbj','unexport','active'),(402,'CELECTROCAT','Current Electrocatalysis','sbj','unexport','active'),(403,'CCOS','Current Cosmetics Science','sbj','unexport','active'),(404,'CCS','current chinese science','sbj','unexport','active'),(405,'IJGHD','International Journal of Gastroenterology and Hepatology Diseases','sbj','unexport','active'),(406,'CA','Current Autoimmunity','sbj','unexport','active'),(407,'ECS','Energy Conversion and Storage','sbj','unexport','active'),(408,'TOCOVIDJ','The Open COVID Journal','oa','unexport','active'),(409,'CAM','Current Applied MAterials','sbj','unexport','active'),(410,'CJAI','The Chinese Journal of Artificial Intelligence','SBJ','unexport','active'),(411,'CQML','CURRENT QUANTUM MACHINE LEARNING','sbj','unexport','active'),(412,'CFS','Current Forensic Science','sbj','unexport','active'),(413,'CBCR','Current Biomarkers in Clinical Research','sbj','unexport','active'),(414,'PAC','Pharmaceutical Analysis Communications','sbj','unexport','active'),(415,'CSMAR','Current Sports Medicine, Arthroscopy and Rehabilitation','sbj','unexport','active'),(416,'CS','Cell Sciences','sbj','unexport','active'),(417,'CASCI','Current Animal Sciences','sbj','unexport','active'),(418,'PROBIOT','Current Probiotics','sbj','unexport','active'),(419,'NAEMID','New Advances on Endocrine Metabolic and Immune Diseases','sbj','unexport','active'),(420,'CFF','Current Functional Foods','sbj','unexport','active'),(421,'CECON','CURRENT ECONOMICS','sbj','unexport','active'),(422,'CBD','CURRENT ADVANCES IN BIG DATA','sbj','unexport','active'),(423,'CROBOT','Current Robotics','sbj','unexport','active'),(424,'CHEAL','CURRENT HEALTH RESEARCH','sbj','unexport','active');
/*!40000 ALTER TABLE `journal` ENABLE KEYS */;
UNLOCK TABLES;

--
-- Table structure for table `mailserver-orgunit`
--

DROP TABLE IF EXISTS `mailserver-orgunit`;
/*!40101 SET @saved_cs_client     = @@character_set_client */;
/*!50503 SET character_set_client = utf8 */;
CREATE TABLE `mailserver-orgunit` (
  `mailserver-orgunitid` int NOT NULL AUTO_INCREMENT,
  `mailserverid` int NOT NULL,
  `orgunit_id` int NOT NULL,
  PRIMARY KEY (`mailserver-orgunitid`),
  KEY `fkmailserver` (`mailserverid`),
  KEY `fkorgunit` (`orgunit_id`),
  CONSTRAINT `fkmailserver` FOREIGN KEY (`mailserverid`) REFERENCES `mailservers` (`mailserverid`),
  CONSTRAINT `fkorgunit` FOREIGN KEY (`orgunit_id`) REFERENCES `tbl_organizational_unit` (`orgunit_id`)
) ENGINE=InnoDB AUTO_INCREMENT=8 DEFAULT CHARSET=utf8mb3;
/*!40101 SET character_set_client = @saved_cs_client */;

--
-- Dumping data for table `mailserver-orgunit`
--

LOCK TABLES `mailserver-orgunit` WRITE;
/*!40000 ALTER TABLE `mailserver-orgunit` DISABLE KEYS */;
INSERT INTO `mailserver-orgunit` VALUES (1,1,1),(2,1,5),(3,2,1),(4,2,8),(5,1,3),(6,2,3),(7,3,3);
/*!40000 ALTER TABLE `mailserver-orgunit` ENABLE KEYS */;
UNLOCK TABLES;

--
-- Table structure for table `mailservers`
--

DROP TABLE IF EXISTS `mailservers`;
/*!40101 SET @saved_cs_client     = @@character_set_client */;
/*!50503 SET character_set_client = utf8 */;
CREATE TABLE `mailservers` (
  `mailserverid` int NOT NULL AUTO_INCREMENT,
  `vmname` varchar(100) NOT NULL,
  `vmdate` datetime NOT NULL DEFAULT CURRENT_TIMESTAMP,
  `vmstatus` varchar(100) NOT NULL DEFAULT 'In Active',
  `ethernet_name` varchar(100) DEFAULT NULL,
  `mac_address` varchar(100) DEFAULT NULL,
  `added_by` int NOT NULL,
  PRIMARY KEY (`mailserverid`),
  UNIQUE KEY `mac_address` (`mac_address`)
) ENGINE=InnoDB AUTO_INCREMENT=4 DEFAULT CHARSET=utf8mb3;
/*!40101 SET character_set_client = @saved_cs_client */;

--
-- Dumping data for table `mailservers`
--

LOCK TABLES `mailservers` WRITE;
/*!40000 ALTER TABLE `mailservers` DISABLE KEYS */;
INSERT INTO `mailservers` VALUES (1,'IpSwitchVM1','2021-12-20 05:29:34','Active','ens224','00:0c:29:fd:2a:fc',22),(2,'IpSwitchVM2','2021-12-21 02:16:45','Active','ens192','00:0c:29:99:10:bd',22),(3,'IpSwitchVM3','2021-12-22 00:37:15','Active','ens192','00:0c:29:a2:9c:7c',22);
/*!40000 ALTER TABLE `mailservers` ENABLE KEYS */;
UNLOCK TABLES;

--
-- Table structure for table `networkconnectivity_loss`
--

DROP TABLE IF EXISTS `networkconnectivity_loss`;
/*!40101 SET @saved_cs_client     = @@character_set_client */;
/*!50503 SET character_set_client = utf8 */;
CREATE TABLE `networkconnectivity_loss` (
  `networkloss_id` int NOT NULL AUTO_INCREMENT,
  `mailserverid` int NOT NULL,
  PRIMARY KEY (`networkloss_id`),
  KEY `fkmailserver-network` (`mailserverid`),
  CONSTRAINT `fkmailserver-network` FOREIGN KEY (`mailserverid`) REFERENCES `mailservers` (`mailserverid`)
) ENGINE=InnoDB DEFAULT CHARSET=utf8mb3;
/*!40101 SET character_set_client = @saved_cs_client */;

--
-- Dumping data for table `networkconnectivity_loss`
--

LOCK TABLES `networkconnectivity_loss` WRITE;
/*!40000 ALTER TABLE `networkconnectivity_loss` DISABLE KEYS */;
/*!40000 ALTER TABLE `networkconnectivity_loss` ENABLE KEYS */;
UNLOCK TABLES;

--
-- Table structure for table `org_catalogue`
--

DROP TABLE IF EXISTS `org_catalogue`;
/*!40101 SET @saved_cs_client     = @@character_set_client */;
/*!50503 SET character_set_client = utf8 */;
CREATE TABLE `org_catalogue` (
  `org_catalogue_id` int NOT NULL AUTO_INCREMENT,
  `orgunit_id` int NOT NULL,
  `catalogue_id` int NOT NULL,
  PRIMARY KEY (`org_catalogue_id`),
  KEY `fk_cat_org_catalogue` (`catalogue_id`),
  KEY `fk_org_org_catalogue` (`orgunit_id`),
  CONSTRAINT `fk_cat_org_catalogue` FOREIGN KEY (`catalogue_id`) REFERENCES `catalogue` (`catalogue_id`),
  CONSTRAINT `fk_org_org_catalogue` FOREIGN KEY (`orgunit_id`) REFERENCES `tbl_organizational_unit` (`orgunit_id`)
) ENGINE=InnoDB DEFAULT CHARSET=utf8mb3;
/*!40101 SET character_set_client = @saved_cs_client */;

--
-- Dumping data for table `org_catalogue`
--

LOCK TABLES `org_catalogue` WRITE;
/*!40000 ALTER TABLE `org_catalogue` DISABLE KEYS */;
/*!40000 ALTER TABLE `org_catalogue` ENABLE KEYS */;
UNLOCK TABLES;

--
-- Table structure for table `orgunit-systemsetting`
--

DROP TABLE IF EXISTS `orgunit-systemsetting`;
/*!40101 SET @saved_cs_client     = @@character_set_client */;
/*!50503 SET character_set_client = utf8 */;
CREATE TABLE `orgunit-systemsetting` (
  `org_settingid` int NOT NULL AUTO_INCREMENT,
  `orgunit_id` int NOT NULL,
  `org_embargo_duration` int NOT NULL,
  `embargo_duration_type` varchar(50) NOT NULL,
  `embargo_implementation_type` varchar(100) NOT NULL,
  `unsubscription_type` varchar(50) NOT NULL,
  `domain_block_type` varchar(50) NOT NULL,
  `url_block_type` varchar(50) NOT NULL,
  `max_records_type` varchar(50) NOT NULL,
  `data_loading_type` varchar(15) NOT NULL DEFAULT 'manual',
  `max_records` varchar(100) NOT NULL,
  `ipblack_allowed_type` varchar(50) NOT NULL,
  `ipblack_max_allowed_score` int NOT NULL,
  `ipblack_allowed_color` varchar(10) NOT NULL DEFAULT 'green',
  `api_type` varchar(50) NOT NULL,
  `api_key` varchar(100) DEFAULT NULL,
  `url` varchar(100) DEFAULT NULL,
  `customizable_camp_embargo` varchar(5) CHARACTER SET utf8 COLLATE utf8_general_ci NOT NULL DEFAULT 'No',
  `use_date` datetime NOT NULL DEFAULT CURRENT_TIMESTAMP,
  `status` varchar(100) NOT NULL DEFAULT 'Active',
  PRIMARY KEY (`org_settingid`),
  KEY `fk_orgunit-systemsetting_org` (`orgunit_id`),
  CONSTRAINT `fk_orgunit-systemsetting_org` FOREIGN KEY (`orgunit_id`) REFERENCES `tbl_organizational_unit` (`orgunit_id`)
) ENGINE=InnoDB AUTO_INCREMENT=5 DEFAULT CHARSET=utf8mb3;
/*!40101 SET character_set_client = @saved_cs_client */;

--
-- Dumping data for table `orgunit-systemsetting`
--

LOCK TABLES `orgunit-systemsetting` WRITE;
/*!40000 ALTER TABLE `orgunit-systemsetting` DISABLE KEYS */;
INSERT INTO `orgunit-systemsetting` VALUES (2,1,30,'sys-defined','sys-defined','ou-dedicated','ou-dedicated','sys-defined','sys-defined','Automatic','20000','sys-defined',9,'green','sys-defined','6e287801-6a7d-438a-8528-b09994d5c406','https://mxtoolbox.com/api/v1/lookup/blacklist/','no','2021-11-19 02:44:26','Active'),(3,2,45,'ou-defined','sys-defined','sys-defined','sys-defined','sys-defined','sys-defined','Manual','20000','sys-defined',9,'green','sys-defined','6e287801-6a7d-438a-8528-b09994d5c406','https://mxtoolbox.com/api/v1/lookup/blacklist/','no','2021-11-19 02:44:59','Active'),(4,3,30,'sys-defined','sys-defined','ou-hybrid','sys-defined','sys-defined','sys-defined','Manual','20000','sys-defined',9,'green','sys-defined','6e287801-6a7d-438a-8528-b09994d5c406','https://mxtoolbox.com/api/v1/lookup/blacklist/','no','2021-11-19 06:16:47','Active');
/*!40000 ALTER TABLE `orgunit-systemsetting` ENABLE KEYS */;
UNLOCK TABLES;

--
-- Table structure for table `orgunit-systemsetting_archive`
--

DROP TABLE IF EXISTS `orgunit-systemsetting_archive`;
/*!40101 SET @saved_cs_client     = @@character_set_client */;
/*!50503 SET character_set_client = utf8 */;
CREATE TABLE `orgunit-systemsetting_archive` (
  `system_setting_archiveid` int NOT NULL AUTO_INCREMENT,
  `org_settingid` int NOT NULL,
  `orgunit_id` int NOT NULL,
  `org_embargo_duration` int NOT NULL,
  `embargo_duration_type` varchar(50) NOT NULL,
  `embargo_implementation_type` varchar(100) NOT NULL,
  `unsubscription_type` varchar(50) NOT NULL,
  `domain_block_type` varchar(50) NOT NULL,
  `url_block_type` varchar(50) NOT NULL,
  `max_records_type` varchar(50) NOT NULL,
  `data_loading_type` varchar(15) NOT NULL DEFAULT 'manual',
  `max_records` varchar(100) NOT NULL,
  `ipblack_allowed_type` varchar(50) NOT NULL,
  `ipblack_max_allowed_score` int NOT NULL,
  `ipblack_allowed_color` varchar(10) NOT NULL DEFAULT 'green',
  `api_type` varchar(50) NOT NULL,
  `api_key` varchar(100) DEFAULT NULL,
  `url` varchar(100) DEFAULT NULL,
  `customizable_camp_embargo` varchar(5) CHARACTER SET utf8 COLLATE utf8_general_ci NOT NULL DEFAULT 'No',
  `use_date` datetime NOT NULL DEFAULT CURRENT_TIMESTAMP,
  `status` varchar(100) NOT NULL DEFAULT 'In Active',
  PRIMARY KEY (`system_setting_archiveid`),
  KEY `fk_orgunit-systemsetting_org` (`orgunit_id`)
) ENGINE=InnoDB AUTO_INCREMENT=2 DEFAULT CHARSET=utf8mb3;
/*!40101 SET character_set_client = @saved_cs_client */;

--
-- Dumping data for table `orgunit-systemsetting_archive`
--

LOCK TABLES `orgunit-systemsetting_archive` WRITE;
/*!40000 ALTER TABLE `orgunit-systemsetting_archive` DISABLE KEYS */;
INSERT INTO `orgunit-systemsetting_archive` VALUES (1,1,1,30,'sys-defined','sys-defined','sys-defined','sys-defined','','sys-defined','manual','20000','sys-defined',9,'green','sys-defined','6e287801-6a7d-438a-8528-b09994d5c406','https://mxtoolbox.com/api/v1/lookup/blacklist/','no','2021-11-16 12:06:45','In Active');
/*!40000 ALTER TABLE `orgunit-systemsetting_archive` ENABLE KEYS */;
UNLOCK TABLES;

--
-- Table structure for table `orgunit_role_prev`
--

DROP TABLE IF EXISTS `orgunit_role_prev`;
/*!40101 SET @saved_cs_client     = @@character_set_client */;
/*!50503 SET character_set_client = utf8 */;
CREATE TABLE `orgunit_role_prev` (
  `or_id` int NOT NULL AUTO_INCREMENT,
  `orgunit_id` int NOT NULL,
  `role_prev_id` int NOT NULL,
  PRIMARY KEY (`or_id`),
  KEY `fk_org_org_role` (`orgunit_id`),
  KEY `fk_role_org_role` (`role_prev_id`),
  CONSTRAINT `fk_role_org_role` FOREIGN KEY (`role_prev_id`) REFERENCES `tbl_role_privilege` (`role_prev_id`)
) ENGINE=InnoDB AUTO_INCREMENT=40 DEFAULT CHARSET=utf8mb3;
/*!40101 SET character_set_client = @saved_cs_client */;

--
-- Dumping data for table `orgunit_role_prev`
--

LOCK TABLES `orgunit_role_prev` WRITE;
/*!40000 ALTER TABLE `orgunit_role_prev` DISABLE KEYS */;
INSERT INTO `orgunit_role_prev` VALUES (12,1,1),(13,2,1),(14,3,1),(16,2,8),(19,1,7),(20,2,11),(21,3,7),(22,3,13),(23,3,4),(24,3,2),(25,1,2),(26,4,1),(27,5,1),(28,6,1),(29,6,1),(30,6,2),(31,7,1),(32,7,8),(33,8,1),(34,8,2),(35,8,7),(36,9,1),(37,9,2),(38,10,1),(39,10,2);
/*!40000 ALTER TABLE `orgunit_role_prev` ENABLE KEYS */;
UNLOCK TABLES;

--
-- Table structure for table `orgunit_unsubscriber`
--

DROP TABLE IF EXISTS `orgunit_unsubscriber`;
/*!40101 SET @saved_cs_client     = @@character_set_client */;
/*!50503 SET character_set_client = utf8 */;
CREATE TABLE `orgunit_unsubscriber` (
  `orgunit_unsubscriber_id` int NOT NULL AUTO_INCREMENT,
  `orgunit_id` int DEFAULT NULL,
  `UnsubscribeID` int NOT NULL,
  `UnsubscriberEmail` varchar(255) NOT NULL,
  `system_date` datetime NOT NULL DEFAULT CURRENT_TIMESTAMP,
  PRIMARY KEY (`orgunit_unsubscriber_id`),
  KEY `fk_org_uns_org` (`orgunit_id`),
  KEY `fk_org_uns_unsub` (`UnsubscribeID`),
  CONSTRAINT `fk_org_uns_org` FOREIGN KEY (`orgunit_id`) REFERENCES `tbl_organizational_unit` (`orgunit_id`),
  CONSTRAINT `fk_org_uns_unsub` FOREIGN KEY (`UnsubscribeID`) REFERENCES `unsubscriber` (`UnsubscribeID`)
) ENGINE=InnoDB AUTO_INCREMENT=13 DEFAULT CHARSET=utf8mb3;
/*!40101 SET character_set_client = @saved_cs_client */;

--
-- Dumping data for table `orgunit_unsubscriber`
--

LOCK TABLES `orgunit_unsubscriber` WRITE;
/*!40000 ALTER TABLE `orgunit_unsubscriber` DISABLE KEYS */;
INSERT INTO `orgunit_unsubscriber` VALUES (1,2,2,'andrew.lewis@fda.hhs.gov','2021-10-29 12:45:19'),(2,1,3,'nabilsemmar5@gmail.com','2021-10-29 12:45:19'),(4,1,2363,'sly@zzu.edu.cn','2021-10-29 12:45:19'),(8,2,2363,'sly@zzu.edu.cn','2021-10-29 12:45:19'),(9,2,2849,'fres34@gmail.com','2021-10-29 12:45:19'),(10,1,2851,'test2@trail.com','2021-12-21 01:51:44'),(11,3,2852,'trail@123.com','2021-12-21 01:58:18'),(12,1,2853,'faisal@benthamscience.net','2021-12-21 04:48:38');
/*!40000 ALTER TABLE `orgunit_unsubscriber` ENABLE KEYS */;
UNLOCK TABLES;

--
-- Table structure for table `permanently_blocked_url`
--

DROP TABLE IF EXISTS `permanently_blocked_url`;
/*!40101 SET @saved_cs_client     = @@character_set_client */;
/*!50503 SET character_set_client = utf8 */;
CREATE TABLE `permanently_blocked_url` (
  `permanently_blocked_urlid` int NOT NULL AUTO_INCREMENT,
  `url` varchar(500) NOT NULL,
  `system_date` datetime NOT NULL DEFAULT CURRENT_TIMESTAMP,
  `status` varchar(20) NOT NULL,
  `added_by` varchar(50) NOT NULL,
  PRIMARY KEY (`permanently_blocked_urlid`)
) ENGINE=InnoDB AUTO_INCREMENT=4 DEFAULT CHARSET=utf8 COLLATE=utf8_general_ci;
/*!40101 SET character_set_client = @saved_cs_client */;

--
-- Dumping data for table `permanently_blocked_url`
--

LOCK TABLES `permanently_blocked_url` WRITE;
/*!40000 ALTER TABLE `permanently_blocked_url` DISABLE KEYS */;
INSERT INTO `permanently_blocked_url` VALUES (1,'mailshub.net','2021-12-09 23:20:46','Active','2'),(2,'benthamscience.com','2021-12-09 23:21:22','Active','2'),(3,'benthamscience.org','2021-12-09 23:21:27','Active','2');
/*!40000 ALTER TABLE `permanently_blocked_url` ENABLE KEYS */;
UNLOCK TABLES;

--
-- Table structure for table `products`
--

DROP TABLE IF EXISTS `products`;
/*!40101 SET @saved_cs_client     = @@character_set_client */;
/*!50503 SET character_set_client = utf8 */;
CREATE TABLE `products` (
  `productid` int NOT NULL AUTO_INCREMENT,
  `product_name` varchar(1000) NOT NULL,
  `product_code` varchar(100) NOT NULL,
  `product_desc` varchar(1000) DEFAULT NULL,
  `ISSN` varchar(30) DEFAULT NULL,
  `E-ISSN` varchar(30) DEFAULT NULL,
  `ISBN` varchar(30) DEFAULT NULL,
  `E_ISBN` varchar(30) DEFAULT NULL,
  `status` varchar(30) NOT NULL DEFAULT 'Active',
  PRIMARY KEY (`productid`)
) ENGINE=InnoDB AUTO_INCREMENT=2 DEFAULT CHARSET=utf8mb3;
/*!40101 SET character_set_client = @saved_cs_client */;

--
-- Dumping data for table `products`
--

LOCK TABLES `products` WRITE;
/*!40000 ALTER TABLE `products` DISABLE KEYS */;
INSERT INTO `products` VALUES (1,'Other','OT',NULL,NULL,NULL,NULL,NULL,'Active');
/*!40000 ALTER TABLE `products` ENABLE KEYS */;
UNLOCK TABLES;

--
-- Table structure for table `reply_to_emails`
--

DROP TABLE IF EXISTS `reply_to_emails`;
/*!40101 SET @saved_cs_client     = @@character_set_client */;
/*!50503 SET character_set_client = utf8 */;
CREATE TABLE `reply_to_emails` (
  `rtemid` int NOT NULL AUTO_INCREMENT,
  `reply_to_email` varchar(150) NOT NULL,
  `rtem_include_date` datetime NOT NULL DEFAULT CURRENT_TIMESTAMP,
  `rtem_status` varchar(100) CHARACTER SET utf8 COLLATE utf8_general_ci NOT NULL DEFAULT 'In Active',
  `rtem_reason` varchar(500) DEFAULT NULL,
  `added_by` varchar(50) DEFAULT NULL,
  `updated_by` varchar(50) DEFAULT NULL,
  PRIMARY KEY (`rtemid`)
) ENGINE=InnoDB AUTO_INCREMENT=45 DEFAULT CHARSET=utf8mb3;
/*!40101 SET character_set_client = @saved_cs_client */;

--
-- Dumping data for table `reply_to_emails`
--

LOCK TABLES `reply_to_emails` WRITE;
/*!40000 ALTER TABLE `reply_to_emails` DISABLE KEYS */;
INSERT INTO `reply_to_emails` VALUES (1,'dummyemail@gmail.com','2021-06-30 00:00:00','Active',NULL,NULL,NULL),(2,'dummyemail2@gmail.com','2021-08-10 16:37:12','In Active','some reason',NULL,NULL),(7,'durtyymmyemail@gmail.com','2021-08-11 10:47:50','Active',NULL,NULL,NULL),(9,'some@yahoo.com','2021-08-13 15:26:47','Active',NULL,NULL,NULL),(10,'someat@infor.com','2021-08-13 15:27:00','Active',NULL,NULL,NULL),(11,'mewrptemail@hotmail.com','2021-10-12 09:35:58','Active',NULL,NULL,NULL),(12,'test12@gmail.com','2021-11-16 05:00:43','Active',NULL,NULL,NULL),(13,'test13@gmail.com','2021-11-16 05:00:58','Active',NULL,NULL,NULL),(14,'test3@gmail.com','2021-11-16 05:01:10','Active',NULL,NULL,NULL),(15,'test1@gmail.com','2021-11-16 05:01:26','Active',NULL,NULL,NULL),(16,'test4@gmail.com','2021-11-16 05:01:38','Active',NULL,NULL,NULL),(17,'test5@gmail.com','2021-11-16 05:01:51','Active',NULL,NULL,NULL),(18,'test6@gmail.com','2021-11-16 05:02:08','Active',NULL,NULL,NULL),(19,'qasit@gmail.com','2021-11-22 00:24:28','Active',NULL,NULL,NULL),(20,'test30@123.com','2021-11-30 05:01:37','Active',NULL,NULL,NULL),(21,'graph@123.com','2021-12-01 01:41:37','Active','',NULL,'2'),(22,'newurl.@newurl.com','2021-12-13 02:44:45','Active',NULL,NULL,NULL),(23,'aaaste.@aaastest.org','2021-12-13 02:46:16','In Active','there is some reason',NULL,NULL),(24,'test44@hotmail.com','2021-12-13 05:45:40','Active',NULL,NULL,NULL),(25,'newrtemweb@hotmail.com','2021-12-15 00:43:50','Active',NULL,NULL,NULL),(26,'dummyemail45@gmail.com','2021-12-15 01:02:19','Active',NULL,NULL,NULL),(28,'freshlyaddedrtem@test.com','2021-12-15 02:48:52','Active',NULL,NULL,NULL),(29,'new_email@gm.com','2021-12-15 04:41:41','Active',NULL,NULL,NULL),(39,'new_45email@gm.com','2021-12-21 05:58:42','In Active','entry level',NULL,NULL),(40,'some_retoemail@domain.com','2021-12-21 06:01:06','Active','',NULL,NULL),(41,'janrtem@yahoo.com','2022-01-04 04:24:53','Active','','2','2'),(42,'jantuesday@yahoo.com','2022-01-04 04:27:45','Active',NULL,'2',NULL),(43,'testjan6@replytoemail.com','2022-01-06 04:27:41','Active','','2',NULL),(44,'stest8@gmail.com','2022-01-20 04:51:15','Active','','15',NULL);
/*!40000 ALTER TABLE `reply_to_emails` ENABLE KEYS */;
UNLOCK TABLES;

--
-- Table structure for table `service_providers`
--

DROP TABLE IF EXISTS `service_providers`;
/*!40101 SET @saved_cs_client     = @@character_set_client */;
/*!50503 SET character_set_client = utf8 */;
CREATE TABLE `service_providers` (
  `sp_id` int NOT NULL AUTO_INCREMENT,
  `sp_name` varchar(150) NOT NULL,
  `Contact_person_name` varchar(100) DEFAULT NULL,
  `Contact_person_email` varchar(100) DEFAULT NULL,
  `Contact_person_phone` varchar(20) DEFAULT NULL,
  `website` varchar(100) DEFAULT NULL,
  `sp_status` varchar(50) CHARACTER SET utf8 COLLATE utf8_general_ci NOT NULL DEFAULT 'Active',
  `system_date` datetime NOT NULL DEFAULT CURRENT_TIMESTAMP,
  PRIMARY KEY (`sp_id`)
) ENGINE=InnoDB AUTO_INCREMENT=5 DEFAULT CHARSET=utf8 COLLATE=utf8_general_ci;
/*!40101 SET character_set_client = @saved_cs_client */;

--
-- Dumping data for table `service_providers`
--

LOCK TABLES `service_providers` WRITE;
/*!40000 ALTER TABLE `service_providers` DISABLE KEYS */;
INSERT INTO `service_providers` VALUES (1,'Eureka Net',NULL,NULL,NULL,NULL,'Active','2021-12-24 02:04:28'),(2,'Gerry\'s Net',NULL,NULL,NULL,NULL,'Active','2021-12-24 02:04:28'),(3,'SharpTel',NULL,NULL,NULL,NULL,'Active','2021-12-24 02:05:58'),(4,'test','test','','','','Active','2022-01-26 06:58:57');
/*!40000 ALTER TABLE `service_providers` ENABLE KEYS */;
UNLOCK TABLES;

--
-- Table structure for table `subject`
--

DROP TABLE IF EXISTS `subject`;
/*!40101 SET @saved_cs_client     = @@character_set_client */;
/*!50503 SET character_set_client = utf8 */;
CREATE TABLE `subject` (
  `subject_id` int NOT NULL AUTO_INCREMENT,
  `subject_code` varchar(24) DEFAULT NULL,
  `subject_name` varchar(255) DEFAULT NULL,
  `subject_status` varchar(11) NOT NULL,
  PRIMARY KEY (`subject_id`)
) ENGINE=InnoDB AUTO_INCREMENT=63 DEFAULT CHARSET=latin1;
/*!40101 SET character_set_client = @saved_cs_client */;

--
-- Dumping data for table `subject`
--

LOCK TABLES `subject` WRITE;
/*!40000 ALTER TABLE `subject` DISABLE KEYS */;
INSERT INTO `subject` VALUES (1,'S16','Medical Sciences','active'),(2,'S5','Chemistry','active'),(3,'S7','Drug Design, Discovery and Therapy','active'),(4,'S22','Neuroscience','active'),(5,'S9','Energy Science and Technology','active'),(6,'S15','Materials Sciences','active'),(7,'S18','Nanoscience & Nanotechnology','active'),(8,'S14','Life Sciences','active'),(9,'S21','Pharmacology','active'),(10,'S11','Food Science and Nutrition and Dietetics','active'),(11,'S6','Computer and Information Science','active'),(12,'S13','Health Sciences & Nursing','active'),(13,'S4','Business and Economics and Finance and Accounting','active'),(14,'S19','Physics and Astronomy and Optics and Photonics','inactive'),(15,'SC35','Psychiatry','active'),(16,'SC3','Pharmaceutical and Medicinal Chemistry','active'),(17,'SC28','Oncology','active'),(18,'SC26','Anti-Infectives and Infectious Diseases','active'),(19,'SC33','Immunology, Inflammation and Allergy','active'),(20,'SC7','Clinical Trials and Regulatory Affairs','active'),(21,'SC29','Cardiology','active'),(22,'SC38','Hematology','active'),(23,'SC10','Drug Design and Discovery','active'),(24,'SC34','Neurology','active'),(25,'SC11','Drug Metabolism','active'),(26,'SC30','Endocrinology','active'),(27,'SC103','Combinatorial Chemistry and High throughput Screening','active'),(28,'SC67','Energy','active'),(29,'SC85','Polymer Science','active'),(30,'SC1','Analytical Chemistry','active'),(31,'SC69','Biochemical Engineering','active'),(32,'SC98','Biotechnology','active'),(33,'SC106','Systems Biology & Bioinformatics','active'),(34,'SC12','Drug Therapy','active'),(35,'SC86','Surfaces, Interfaces, Thin Films, Corrosion, Coatings','active'),(36,'SC14','Biochemistry','active'),(37,'SC13','Pharmacology','active'),(38,'SC6','Computational Chemistry','active'),(39,'SC9','Drug Delivery','active'),(40,'SC15','Enzymology','active'),(41,'SC76','Current Environmental Engineering','inactive'),(42,'SC99','Genetics & Genomics','active'),(43,'SC5','Physical Chemistry','active'),(44,'SC102','Hypertension','active'),(45,'SC2','Inorganic Chemistry','inactive'),(46,'SC32','Imaging','active'),(47,'SC80','Food Science and Nutrition','active'),(48,'SC82','Biomaterials and Natural Materials','active'),(49,'SC4','Organic Chemistry','active'),(50,'SC57','General','active'),(51,'SC58','Pediatrics','active'),(52,'SC18','Protein and Peptide Sciences','active'),(53,'SC40','Pulmonology','active'),(54,'SC59','Rheumatology','active'),(55,'SC20','Signal Transduction','active'),(56,'SC36','Regenerative Medicine','active'),(57,'SC31','Gynecology','active'),(58,'SC75','Electrical & Electronics Engineering','inactive'),(59,'SC71','Chemical Engineering','active'),(60,'SC77','Engineering','active'),(61,'SC60','Dentistry','active'),(62,'SC104','Current Chinese Chemistry','active');
/*!40000 ALTER TABLE `subject` ENABLE KEYS */;
UNLOCK TABLES;

--
-- Table structure for table `system_entity`
--

DROP TABLE IF EXISTS `system_entity`;
/*!40101 SET @saved_cs_client     = @@character_set_client */;
/*!50503 SET character_set_client = utf8 */;
CREATE TABLE `system_entity` (
  `system_entityid` int NOT NULL AUTO_INCREMENT,
  `system_entity_type` varchar(100) NOT NULL,
  PRIMARY KEY (`system_entityid`)
) ENGINE=InnoDB AUTO_INCREMENT=4 DEFAULT CHARSET=utf8mb3;
/*!40101 SET character_set_client = @saved_cs_client */;

--
-- Dumping data for table `system_entity`
--

LOCK TABLES `system_entity` WRITE;
/*!40000 ALTER TABLE `system_entity` DISABLE KEYS */;
INSERT INTO `system_entity` VALUES (1,'Administrative'),(2,'Operation'),(3,'Technical');
/*!40000 ALTER TABLE `system_entity` ENABLE KEYS */;
UNLOCK TABLES;

--
-- Table structure for table `system_setting`
--

DROP TABLE IF EXISTS `system_setting`;
/*!40101 SET @saved_cs_client     = @@character_set_client */;
/*!50503 SET character_set_client = utf8 */;
CREATE TABLE `system_setting` (
  `system_settingid` int NOT NULL AUTO_INCREMENT,
  `embargo_duration` int NOT NULL DEFAULT '30',
  `embargo_archive_days` int NOT NULL DEFAULT '60',
  `customizable_camp_embargo` varchar(5) CHARACTER SET utf8 COLLATE utf8_general_ci NOT NULL DEFAULT 'No',
  `mail_sending_execution` varchar(9) NOT NULL DEFAULT 'Enable',
  `max_camp_per_server_percentage` int NOT NULL DEFAULT '10',
  `mailserver_min_active_ips` varchar(100) CHARACTER SET utf8 COLLATE utf8_general_ci DEFAULT '4',
  `max_records` varchar(100) CHARACTER SET utf8 COLLATE utf8_general_ci NOT NULL DEFAULT '20000',
  `data_loading_type` varchar(15) CHARACTER SET utf8 COLLATE utf8_general_ci NOT NULL DEFAULT 'Both',
  `ipblack_max_allowed_score` int NOT NULL DEFAULT '9',
  `ipblack_allowed_color` varchar(10) CHARACTER SET utf8 COLLATE utf8_general_ci NOT NULL DEFAULT 'green',
  `ip_switching_execution` varchar(9) NOT NULL DEFAULT 'Enable',
  `ip_switch_criteria` varchar(100) CHARACTER SET utf8 COLLATE utf8_general_ci NOT NULL DEFAULT 'Standard-Switch',
  `ip_switch_criteria_code` varchar(3) CHARACTER SET utf8 COLLATE utf8_general_ci NOT NULL DEFAULT 'SSW',
  `ip_switch_min_interval` int NOT NULL DEFAULT '45',
  `ip_switch_max_interval` int NOT NULL DEFAULT '75',
  `ip_switch_standard_interval` int NOT NULL DEFAULT '60',
  `ip_selection_criteria` varchar(30) NOT NULL DEFAULT 'Sequential-Selection',
  `ip_selection_criteria_code` varchar(7) NOT NULL DEFAULT 'SSL',
  `random_ip_selection_offset` int DEFAULT '4',
  `ms_email_prefix` varchar(50) CHARACTER SET utf8 COLLATE utf8_general_ci NOT NULL DEFAULT 'Info',
  `instance_email_send` int NOT NULL DEFAULT '50',
  `email_send_criteria` varchar(50) CHARACTER SET utf8 COLLATE utf8_general_ci NOT NULL DEFAULT 'Standard-Send-Time',
  `email_send_criteria_code` varchar(7) CHARACTER SET utf8 COLLATE utf8_general_ci NOT NULL DEFAULT 'SST',
  `email_quantity_criteria` varchar(50) CHARACTER SET utf8 COLLATE utf8_general_ci NOT NULL DEFAULT 'Standard-Quantity',
  `email_quantity_criteria_code` varchar(7) CHARACTER SET utf8 COLLATE utf8_general_ci NOT NULL DEFAULT 'SQ',
  `email_qty_lower_random_limit` float NOT NULL DEFAULT '0.5',
  `email_qty_upper_random_limit` float NOT NULL DEFAULT '1',
  `random_min_send_interval` int NOT NULL DEFAULT '45',
  `random_max_send_interval` int NOT NULL DEFAULT '75',
  `standard_send_interval` int NOT NULL DEFAULT '60',
  `api_key` varchar(100) NOT NULL,
  `url` varchar(100) NOT NULL,
  `use_date` datetime NOT NULL DEFAULT CURRENT_TIMESTAMP,
  `status` varchar(100) NOT NULL DEFAULT 'Active',
  PRIMARY KEY (`system_settingid`)
) ENGINE=InnoDB AUTO_INCREMENT=7 DEFAULT CHARSET=utf8mb3;
/*!40101 SET character_set_client = @saved_cs_client */;

--
-- Dumping data for table `system_setting`
--

LOCK TABLES `system_setting` WRITE;
/*!40000 ALTER TABLE `system_setting` DISABLE KEYS */;
INSERT INTO `system_setting` VALUES (6,30,60,'no','Enable',10,'4','50000','Both',9,'green','Enable','Sequential','SS',45,75,60,'Sequential-Selection','SSL',NULL,'info',50,'Standard-Send-Time','SST','Standard-Quantity','SQ',1,1,45,75,60,'6e287801-6a7d-438a-8528-b09994d5c406','https://mxtoolbox.com/api/v1/lookup/blacklist/','2021-12-24 00:45:01','Active');
/*!40000 ALTER TABLE `system_setting` ENABLE KEYS */;
UNLOCK TABLES;

--
-- Table structure for table `system_setting_archive`
--

DROP TABLE IF EXISTS `system_setting_archive`;
/*!40101 SET @saved_cs_client     = @@character_set_client */;
/*!50503 SET character_set_client = utf8 */;
CREATE TABLE `system_setting_archive` (
  `system_setting_archiveid` int NOT NULL AUTO_INCREMENT,
  `system_settingid` int NOT NULL,
  `embargo_duration` int NOT NULL DEFAULT '30',
  `embargo_archive_days` int NOT NULL DEFAULT '60',
  `customizable_camp_embargo` varchar(5) CHARACTER SET utf8 COLLATE utf8_general_ci NOT NULL DEFAULT 'No',
  `mail_sending_execution` varchar(9) NOT NULL DEFAULT 'Enable',
  `max_camp_per_server_percentage` int NOT NULL DEFAULT '10',
  `mailserver_min_active_ips` varchar(100) CHARACTER SET utf8 COLLATE utf8_general_ci DEFAULT '4',
  `max_records` varchar(100) CHARACTER SET utf8 COLLATE utf8_general_ci NOT NULL DEFAULT '20000',
  `data_loading_type` varchar(15) CHARACTER SET utf8 COLLATE utf8_general_ci NOT NULL DEFAULT 'Both',
  `ipblack_max_allowed_score` int NOT NULL DEFAULT '9',
  `ipblack_allowed_color` varchar(10) CHARACTER SET utf8 COLLATE utf8_general_ci NOT NULL DEFAULT 'green',
  `ip_switching_execution` varchar(9) NOT NULL DEFAULT 'Enable',
  `ip_switch_criteria` varchar(100) CHARACTER SET utf8 COLLATE utf8_general_ci NOT NULL DEFAULT 'Standard-Switch',
  `ip_switch_criteria_code` varchar(3) CHARACTER SET utf8 COLLATE utf8_general_ci NOT NULL DEFAULT 'SSW',
  `ip_switch_min_interval` int NOT NULL DEFAULT '45',
  `ip_switch_max_interval` int NOT NULL DEFAULT '75',
  `ip_switch_standard_interval` int NOT NULL DEFAULT '60',
  `ip_selection_criteria` varchar(30) NOT NULL DEFAULT 'Sequential-Selection',
  `ip_selection_criteria_code` varchar(7) NOT NULL DEFAULT 'SSL',
  `random_ip_selection_offset` int DEFAULT '4',
  `ms_email_prefix` varchar(50) CHARACTER SET utf8 COLLATE utf8_general_ci NOT NULL DEFAULT 'Info',
  `instance_email_send` int NOT NULL DEFAULT '50',
  `email_send_criteria` varchar(50) CHARACTER SET utf8 COLLATE utf8_general_ci NOT NULL DEFAULT 'Standard-Send-Time',
  `email_send_criteria_code` varchar(7) CHARACTER SET utf8 COLLATE utf8_general_ci NOT NULL DEFAULT 'SST',
  `email_quantity_criteria` varchar(50) CHARACTER SET utf8 COLLATE utf8_general_ci NOT NULL DEFAULT 'Standard-Quantity',
  `email_quantity_criteria_code` varchar(7) CHARACTER SET utf8 COLLATE utf8_general_ci NOT NULL DEFAULT 'SQ',
  `email_qty_lower_random_limit` float NOT NULL DEFAULT '0.5',
  `email_qty_upper_random_limit` float NOT NULL DEFAULT '1',
  `random_min_send_interval` int NOT NULL DEFAULT '45',
  `random_max_send_interval` int NOT NULL DEFAULT '75',
  `standard_send_interval` int NOT NULL DEFAULT '60',
  `api_key` varchar(100) NOT NULL,
  `url` varchar(100) NOT NULL,
  `use_date` datetime NOT NULL DEFAULT CURRENT_TIMESTAMP,
  `status` varchar(100) NOT NULL DEFAULT 'Active',
  PRIMARY KEY (`system_setting_archiveid`)
) ENGINE=InnoDB DEFAULT CHARSET=utf8mb3;
/*!40101 SET character_set_client = @saved_cs_client */;

--
-- Dumping data for table `system_setting_archive`
--

LOCK TABLES `system_setting_archive` WRITE;
/*!40000 ALTER TABLE `system_setting_archive` DISABLE KEYS */;
/*!40000 ALTER TABLE `system_setting_archive` ENABLE KEYS */;
UNLOCK TABLES;

--
-- Table structure for table `tbl_activity`
--

DROP TABLE IF EXISTS `tbl_activity`;
/*!40101 SET @saved_cs_client     = @@character_set_client */;
/*!50503 SET character_set_client = utf8 */;
CREATE TABLE `tbl_activity` (
  `activity_id` int NOT NULL AUTO_INCREMENT,
  `activity_name` varchar(200) NOT NULL,
  `activity_desc` varchar(500) DEFAULT NULL,
  `added_by` varchar(100) DEFAULT NULL,
  `activity_code` varchar(50) DEFAULT NULL,
  `activity_url` varchar(500) DEFAULT NULL,
  PRIMARY KEY (`activity_id`),
  UNIQUE KEY `activity_code` (`activity_code`)
) ENGINE=InnoDB AUTO_INCREMENT=35 DEFAULT CHARSET=utf8mb3;
/*!40101 SET character_set_client = @saved_cs_client */;

--
-- Dumping data for table `tbl_activity`
--

LOCK TABLES `tbl_activity` WRITE;
/*!40000 ALTER TABLE `tbl_activity` DISABLE KEYS */;
INSERT INTO `tbl_activity` VALUES (1,'DSN BL management','','Alishba','DBL',''),(2,'add campaign','','Alishba','AC',''),(3,'resume campaign','','Alishba','RC',''),(4,'hold campaign','','Alishba','HC',''),(5,'view unsubcriber','','Alishba','VU',''),(6,'edit unsubscriber','','Alishba','EU',''),(7,'delete unsunbscriber','','Alishba','DU',''),(8,'add reply to emails','','Alishba','ADRE',''),(9,'assign reply to emails','','Alishba','ASRE',''),(10,'user management','','Alishba','UM',''),(11,'role management','','Alishba','RM',''),(12,'mailserver management','','Alishba','MM',''),(13,'ip-domain management','','Alishba','IPM',''),(14,'system settings management','','Alishba','SS',''),(15,'org unit management','','Alishba','OUM',''),(16,'activity management','','Alishba','AM',''),(17,'add unsubscriber',NULL,'Alishba','AU',NULL),(19,'unsubscriber management',NULL,'Alishba','USUBM',NULL),(20,'reply to email management',NULL,'Alishba','RTEM',NULL),(21,'activate campaign',NULL,'Alishba','ACTC',NULL),(22,'verification alert monitoring',NULL,'Alishba','VAM',NULL),(23,'orgunit-systemsetting management',NULL,'Alishba','OSM',NULL),(24,'mailserver-orgunit management',NULL,'Alishba','MOM',NULL),(25,'add user with dpt',NULL,'Alishba','AUWD',NULL),(26,'add user within dpt',NULL,'Alishba','AUID',NULL),(27,'delete dnsbl',NULL,'Alishba','DDBL',NULL),(30,'user, role & activity management','','Alishba','URAM',''),(31,'Add Super Admin','','Alishba','ASA',NULL),(32,'Manage Organization',NULL,'Alsihba','MO',NULL),(33,'embargo type',NULL,'Alishba','ET',NULL),(34,'org settings',NULL,'Alishba','OS',NULL);
/*!40000 ALTER TABLE `tbl_activity` ENABLE KEYS */;
UNLOCK TABLES;

--
-- Table structure for table `tbl_ipblacklist_log`
--

DROP TABLE IF EXISTS `tbl_ipblacklist_log`;
/*!40101 SET @saved_cs_client     = @@character_set_client */;
/*!50503 SET character_set_client = utf8 */;
CREATE TABLE `tbl_ipblacklist_log` (
  `ipblacklist_id` int NOT NULL AUTO_INCREMENT,
  `ip_blacklist_status` varchar(10) DEFAULT NULL,
  `hostname_blacklist_status` varchar(10) DEFAULT NULL,
  `blacklist_reason` varchar(1000) DEFAULT NULL,
  `delist_url` varchar(500) DEFAULT NULL,
  `blacklist_date` datetime NOT NULL DEFAULT CURRENT_TIMESTAMP,
  `whitelist_date` datetime DEFAULT NULL,
  `blacklist_duration` int DEFAULT NULL,
  `blacklist_color` varchar(10) NOT NULL,
  `blacklist_score` int NOT NULL,
  `status` varchar(10) NOT NULL,
  `dnsbl_id` int NOT NULL,
  `ipdetailid` int NOT NULL,
  PRIMARY KEY (`ipblacklist_id`),
  KEY `ipdetailid` (`ipdetailid`),
  KEY `dnsbl_id` (`dnsbl_id`),
  CONSTRAINT `fk_blacklist` FOREIGN KEY (`ipdetailid`) REFERENCES `ipdetails` (`ipdetailid`) ON DELETE RESTRICT ON UPDATE RESTRICT,
  CONSTRAINT `tbl_ipblacklist_log_ibfk_1` FOREIGN KEY (`dnsbl_id`) REFERENCES `dnsbl` (`dnsbl_id`)
) ENGINE=InnoDB AUTO_INCREMENT=236 DEFAULT CHARSET=utf8mb3;
/*!40101 SET character_set_client = @saved_cs_client */;

--
-- Dumping data for table `tbl_ipblacklist_log`
--

LOCK TABLES `tbl_ipblacklist_log` WRITE;
/*!40000 ALTER TABLE `tbl_ipblacklist_log` DISABLE KEYS */;
INSERT INTO `tbl_ipblacklist_log` VALUES (1,'YES','YES','List of hosts that have been noted as sending spam/UCE/UBE to the admins of SORBS at any time, and not subsequently resolving the matter and/or requesting a delisting. (Includes both old.spam.dnsbl.sorbs.net and escalations.dnsbl.sorbs.net)','http://www.sorbs.net/lookup.shtml','2021-12-22 00:00:00',NULL,NULL,'black',10,'BLACKLIST',76,2),(2,'YES','YES','IP within an ASN is not approved or clean','http://www.uceprotect.net/en/rblcheck.php','2021-12-22 00:00:00','2021-12-28 00:00:00',6,'yellow',1,'WHITELIST',90,2),(4,'YES','YES','IP within an ASN is not approved or clean','http://www.uceprotect.net/en/rblcheck.php','2021-12-22 00:00:00','2021-12-28 00:00:00',6,'yellow',1,'WHITELIST',90,1),(5,'YES','YES','Listed','http://www.spamrats.com/removal.php','2021-12-22 00:00:00',NULL,NULL,'orange',3,'BLACKLIST',54,3),(6,'YES','YES','Listed','http://www.spamrats.com/removal.php','2021-12-22 00:00:00',NULL,NULL,'orange',3,'BLACKLIST',55,3),(7,'YES','YES','List of hosts that have been noted as sending spam/UCE/UBE to the admins of SORBS at any time, and not subsequently resolving the matter and/or requesting a delisting. (Includes both old.spam.dnsbl.sorbs.net and escalations.dnsbl.sorbs.net)','http://www.sorbs.net/lookup.shtml','2021-12-22 00:00:00',NULL,NULL,'black',10,'BLACKLIST',76,3),(11,'YES','YES','Listed','http://www.spamrats.com/removal.php','2021-12-22 00:00:00',NULL,NULL,'orange',3,'BLACKLIST',55,5),(12,'YES','YES','Listed','http://barracudacentral.org/rbl/removal-request','2021-12-22 00:00:00','2022-01-05 00:00:00',14,'black',10,'WHITELIST',8,6),(13,'YES','YES','List of hosts that have been noted as sending spam/UCE/UBE to the admins of SORBS at any time, and not subsequently resolving the matter and/or requesting a delisting. (Includes both old.spam.dnsbl.sorbs.net and escalations.dnsbl.sorbs.net)','http://www.sorbs.net/lookup.shtml','2021-12-22 00:00:00','2021-12-27 00:00:00',5,'black',10,'WHITELIST',76,6),(14,'YES','YES','IP within an ASN is not approved or clean','http://www.uceprotect.net/en/rblcheck.php','2021-12-22 00:00:00','2021-12-28 00:00:00',6,'yellow',1,'WHITELIST',90,6),(15,'YES','YES','Listed','http://www.spamrats.com/removal.php','2021-12-22 00:00:00',NULL,NULL,'orange',3,'BLACKLIST',55,7),(16,'YES','YES','PBL Advisory - IP ranges which should not be delivering unauthenticated SMTP email.','http://www.spamhaus.org/lookup/','2021-12-22 00:00:00','2022-01-14 00:00:00',23,'black',10,'WHITELIST',81,8),(17,'YES','YES','IP within an ASN is not approved or clean','http://www.uceprotect.net/en/rblcheck.php','2021-12-22 00:00:00','2021-12-28 00:00:00',6,'yellow',1,'WHITELIST',90,8),(19,'YES','YES','IP within an ASN is not approved or clean','http://www.uceprotect.net/en/rblcheck.php','2021-12-22 00:00:00','2021-12-28 00:00:00',6,'yellow',1,'WHITELIST',90,9),(20,'YES','YES','IP within an ASN is not approved or clean','http://www.uceprotect.net/en/rblcheck.php','2021-12-22 00:00:00','2021-12-28 00:00:00',6,'yellow',1,'WHITELIST',90,10),(21,'YES','YES','Listed','http://www.spamrats.com/removal.php','2021-12-22 00:00:00',NULL,NULL,'orange',3,'BLACKLIST',54,11),(22,'YES','YES','Listed','http://www.spamrats.com/removal.php','2021-12-22 00:00:00',NULL,NULL,'orange',3,'BLACKLIST',55,11),(27,'YES','YES','Listed','http://www.spamrats.com/removal.php','2021-12-22 00:00:00',NULL,NULL,'orange',3,'BLACKLIST',55,13),(28,'YES','YES','Listed','http://barracudacentral.org/rbl/removal-request','2021-12-22 00:00:00','2022-01-05 00:00:00',14,'black',10,'WHITELIST',8,14),(29,'YES','YES','IP within an ASN is not approved or clean','http://www.uceprotect.net/en/rblcheck.php','2021-12-22 00:00:00','2021-12-28 00:00:00',6,'yellow',1,'WHITELIST',90,14),(31,'YES','YES','Listed','http://www.spamrats.com/removal.php','2021-12-22 00:00:00',NULL,NULL,'orange',3,'BLACKLIST',55,15),(32,'YES','YES','PBL Advisory - IP ranges which should not be delivering unauthenticated SMTP email.','http://www.spamhaus.org/lookup/','2021-12-22 00:00:00','2022-01-17 00:00:00',26,'black',10,'WHITELIST',81,16),(33,'YES','YES','IP within an ASN is not approved or clean','http://www.uceprotect.net/en/rblcheck.php','2021-12-22 00:00:00','2021-12-28 00:00:00',6,'yellow',1,'WHITELIST',90,16),(35,'YES','YES','IP within an ASN is not approved or clean','http://www.uceprotect.net/en/rblcheck.php','2021-12-22 00:00:00','2021-12-28 00:00:00',6,'yellow',1,'WHITELIST',90,17),(36,'YES','YES','IP within an ASN is not approved or clean','http://www.uceprotect.net/en/rblcheck.php','2021-12-22 00:00:00','2021-12-28 00:00:00',6,'yellow',1,'WHITELIST',90,18),(37,'YES','YES','Listed','http://www.spamrats.com/removal.php','2021-12-22 00:00:00',NULL,NULL,'orange',3,'BLACKLIST',54,19),(38,'YES','YES','Listed','http://www.spamrats.com/removal.php','2021-12-22 00:00:00',NULL,NULL,'orange',3,'BLACKLIST',55,19),(43,'YES','YES','Listed','http://www.spamrats.com/removal.php','2021-12-22 00:00:00',NULL,NULL,'orange',3,'BLACKLIST',55,21),(44,'YES','YES','Listed','http://barracudacentral.org/rbl/removal-request','2021-12-22 00:00:00','2022-01-05 00:00:00',14,'black',10,'WHITELIST',8,22),(45,'YES','YES','IP within an ASN is not approved or clean','http://www.uceprotect.net/en/rblcheck.php','2021-12-22 00:00:00','2021-12-28 00:00:00',6,'yellow',1,'WHITELIST',90,22),(47,'YES','YES','Listed','http://www.spamrats.com/removal.php','2021-12-22 00:00:00',NULL,NULL,'orange',3,'BLACKLIST',55,23),(48,'YES','YES','PBL Advisory - IP ranges which should not be delivering unauthenticated SMTP email.','http://www.spamhaus.org/lookup/','2021-12-22 00:00:00','2022-01-18 00:00:00',27,'black',10,'WHITELIST',81,24),(49,'YES','YES','IP within an ASN is not approved or clean','http://www.uceprotect.net/en/rblcheck.php','2021-12-22 00:00:00','2021-12-28 00:00:00',6,'yellow',1,'WHITELIST',90,24),(50,'YES','YES','IP within an ASN is not approved or clean','http://www.uceprotect.net/en/rblcheck.php','2021-12-23 00:00:00','2021-12-28 00:00:00',5,'yellow',1,'WHITELIST',90,25),(51,'YES','YES','IP within an ASN is not approved or clean','http://www.uceprotect.net/en/rblcheck.php','2021-12-23 00:00:00','2021-12-28 00:00:00',5,'yellow',1,'WHITELIST',90,26),(52,'YES','YES','Listed','http://www.spamrats.com/removal.php','2021-12-23 00:00:00',NULL,NULL,'orange',3,'BLACKLIST',54,27),(53,'YES','YES','Listed','http://www.spamrats.com/removal.php','2021-12-23 00:00:00',NULL,NULL,'orange',3,'BLACKLIST',55,27),(58,'YES','YES','Listed','http://www.spamrats.com/removal.php','2021-12-23 00:00:00',NULL,NULL,'orange',3,'BLACKLIST',55,29),(59,'YES','YES','Listed','http://barracudacentral.org/rbl/removal-request','2021-12-23 00:00:00','2022-01-05 00:00:00',13,'black',10,'WHITELIST',8,30),(60,'YES','YES','IP within an ASN is not approved or clean','http://www.uceprotect.net/en/rblcheck.php','2021-12-23 00:00:00','2021-12-28 00:00:00',5,'yellow',1,'WHITELIST',90,30),(62,'YES','YES','Listed','http://www.spamrats.com/removal.php','2021-12-23 00:00:00',NULL,NULL,'orange',3,'BLACKLIST',55,31),(63,'YES','YES','PBL Advisory - IP ranges which should not be delivering unauthenticated SMTP email.','http://www.spamhaus.org/lookup/','2021-12-23 00:00:00','2022-01-18 00:00:00',26,'black',10,'WHITELIST',81,32),(64,'YES','YES','IP within an ASN is not approved or clean','http://www.uceprotect.net/en/rblcheck.php','2021-12-23 00:00:00','2021-12-28 00:00:00',5,'yellow',1,'WHITELIST',90,32),(66,'YES','YES','IP within an ASN is not approved or clean','http://www.uceprotect.net/en/rblcheck.php','2021-12-23 00:00:00','2021-12-28 00:00:00',5,'yellow',1,'WHITELIST',90,33),(67,'YES','YES','IP within an ASN is not approved or clean','http://www.uceprotect.net/en/rblcheck.php','2021-12-23 00:00:00','2021-12-28 00:00:00',5,'yellow',1,'WHITELIST',90,34),(68,'YES','YES','Listed','http://www.spamrats.com/removal.php','2021-12-23 00:00:00',NULL,NULL,'orange',3,'BLACKLIST',54,35),(69,'YES','YES','Listed','http://www.spamrats.com/removal.php','2021-12-23 00:00:00',NULL,NULL,'orange',3,'BLACKLIST',55,35),(74,'YES','YES','Listed','http://www.spamrats.com/removal.php','2021-12-23 00:00:00',NULL,NULL,'orange',3,'BLACKLIST',55,37),(75,'YES','YES','Listed','http://barracudacentral.org/rbl/removal-request','2021-12-23 00:00:00','2022-01-05 00:00:00',13,'black',10,'WHITELIST',8,38),(76,'YES','YES','IP within an ASN is not approved or clean','http://www.uceprotect.net/en/rblcheck.php','2021-12-23 00:00:00','2021-12-28 00:00:00',5,'yellow',1,'WHITELIST',90,38),(78,'YES','YES','Listed','http://www.spamrats.com/removal.php','2021-12-23 00:00:00',NULL,NULL,'orange',3,'BLACKLIST',55,39),(79,'YES','YES','PBL Advisory - IP ranges which should not be delivering unauthenticated SMTP email.','http://www.spamhaus.org/lookup/','2021-12-23 00:00:00','2022-01-19 00:00:00',27,'black',10,'WHITELIST',81,40),(80,'YES','YES','IP within an ASN is not approved or clean','http://www.uceprotect.net/en/rblcheck.php','2021-12-23 00:00:00','2021-12-28 00:00:00',5,'yellow',1,'WHITELIST',90,40),(82,'YES','YES','IP within an ASN is not approved or clean','http://www.uceprotect.net/en/rblcheck.php','2021-12-23 00:00:00','2021-12-28 00:00:00',5,'yellow',1,'WHITELIST',90,41),(83,'YES','YES','IP within an ASN is not approved or clean','http://www.uceprotect.net/en/rblcheck.php','2021-12-23 00:00:00','2021-12-28 00:00:00',5,'yellow',1,'WHITELIST',90,42),(84,'YES','YES','Listed','http://www.spamrats.com/removal.php','2021-12-23 00:00:00',NULL,NULL,'orange',3,'BLACKLIST',54,43),(85,'YES','YES','Listed','http://www.spamrats.com/removal.php','2021-12-23 00:00:00',NULL,NULL,'orange',3,'BLACKLIST',55,43),(90,'YES','YES','Listed','http://www.spamrats.com/removal.php','2021-12-23 00:00:00',NULL,NULL,'orange',3,'BLACKLIST',55,45),(91,'YES','YES','List of web (WWW) servers which have spammer abusable vulnerabilities (e.g. FormMail scripts) Note: This zone now includes non-webserver IP addresses that have abusable vulnerabilities','http://www.sorbs.net/lookup.shtml','2021-12-23 00:00:00',NULL,NULL,'black',10,'BLACKLIST',77,45),(93,'YES','YES','Listed','http://www.spamrats.com/removal.php','2021-12-23 00:00:00','2022-01-12 00:00:00',20,'orange',3,'WHITELIST',56,46),(94,'YES','YES','PBL Advisory - IP ranges which should not be delivering unauthenticated SMTP email.','http://www.spamhaus.org/lookup/','2021-12-23 00:00:00','2022-01-12 00:00:00',20,'black',10,'WHITELIST',81,46),(95,'YES','YES','IP within an ASN is not approved or clean','http://www.uceprotect.net/en/rblcheck.php','2021-12-23 00:00:00','2021-12-28 00:00:00',5,'yellow',1,'WHITELIST',90,46),(96,'YES','YES','Listed','http://www.spamrats.com/removal.php','2021-12-23 00:00:00',NULL,NULL,'orange',3,'BLACKLIST',55,47),(97,'YES','YES','IP within an ASN is not approved or clean','http://www.uceprotect.net/en/rblcheck.php','2021-12-23 00:00:00','2021-12-28 00:00:00',5,'yellow',1,'WHITELIST',90,48),(98,'YES','YES','IP within an ASN is not approved or clean','http://www.uceprotect.net/en/rblcheck.php','2021-12-23 00:00:00','2021-12-28 00:00:00',5,'yellow',1,'WHITELIST',90,49),(99,'YES','YES','IP within an ASN is not approved or clean','http://www.uceprotect.net/en/rblcheck.php','2021-12-23 00:00:00','2021-12-28 00:00:00',5,'yellow',1,'WHITELIST',90,50),(100,'YES','YES','Listed','http://www.spamrats.com/removal.php','2021-12-23 00:00:00',NULL,NULL,'orange',3,'BLACKLIST',54,51),(101,'YES','YES','Listed','http://www.spamrats.com/removal.php','2021-12-23 00:00:00',NULL,NULL,'orange',3,'BLACKLIST',55,51),(106,'YES','YES','Listed','http://www.spamrats.com/removal.php','2021-12-23 00:00:00',NULL,NULL,'orange',3,'BLACKLIST',55,53),(107,'YES','YES','PBL Advisory - IP ranges which should not be delivering unauthenticated SMTP email.','http://www.spamhaus.org/lookup/','2021-12-23 00:00:00','2022-01-12 00:00:00',20,'black',10,'WHITELIST',81,54),(108,'YES','YES','IP within an ASN is not approved or clean','http://www.uceprotect.net/en/rblcheck.php','2021-12-23 00:00:00','2021-12-28 00:00:00',5,'yellow',1,'WHITELIST',90,54),(110,'YES','YES','Listed','http://www.spamrats.com/removal.php','2021-12-23 00:00:00',NULL,NULL,'orange',3,'BLACKLIST',55,55),(111,'YES','YES','IP within an ASN is not approved or clean','http://www.uceprotect.net/en/rblcheck.php','2021-12-23 00:00:00','2021-12-28 00:00:00',5,'yellow',1,'WHITELIST',90,56),(112,'YES','YES','IP within an ASN is not approved or clean','http://www.uceprotect.net/en/rblcheck.php','2021-12-23 00:00:00','2021-12-28 00:00:00',5,'yellow',1,'WHITELIST',90,57),(113,'YES','YES','IP within an ASN is not approved or clean','http://www.uceprotect.net/en/rblcheck.php','2021-12-23 00:00:00','2021-12-28 00:00:00',5,'yellow',1,'WHITELIST',90,58),(114,'YES','YES','Listed','http://www.spamrats.com/removal.php','2021-12-23 00:00:00',NULL,NULL,'orange',3,'BLACKLIST',54,59),(115,'YES','YES','Listed','http://www.spamrats.com/removal.php','2021-12-23 00:00:00',NULL,NULL,'orange',3,'BLACKLIST',55,59),(120,'YES','YES','Listed','http://www.spamrats.com/removal.php','2021-12-23 00:00:00',NULL,NULL,'orange',3,'BLACKLIST',55,61),(121,'YES','YES','PBL Advisory - IP ranges which should not be delivering unauthenticated SMTP email.','http://www.spamhaus.org/lookup/','2021-12-23 00:00:00','2022-01-12 00:00:00',20,'black',10,'WHITELIST',81,62),(122,'YES','YES','IP within an ASN is not approved or clean','http://www.uceprotect.net/en/rblcheck.php','2021-12-23 00:00:00','2021-12-28 00:00:00',5,'yellow',1,'WHITELIST',90,62),(124,'YES','YES','Listed','http://www.spamrats.com/removal.php','2021-12-23 00:00:00',NULL,NULL,'orange',3,'BLACKLIST',55,63),(125,'YES','YES','IP within an ASN is not approved or clean','http://www.uceprotect.net/en/rblcheck.php','2021-12-23 00:00:00','2021-12-28 00:00:00',5,'yellow',1,'WHITELIST',90,64),(126,'YES','YES','IP within an ASN is not approved or clean','http://www.uceprotect.net/en/rblcheck.php','2022-01-03 00:00:00','2022-01-05 00:00:00',2,'yellow',1,'WHITELIST',90,1),(127,'YES','YES','IP within an ASN is not approved or clean','http://www.uceprotect.net/en/rblcheck.php','2022-01-03 00:00:00','2022-01-05 00:00:00',2,'yellow',1,'WHITELIST',90,9),(128,'YES','YES','IP within an ASN is not approved or clean','http://www.uceprotect.net/en/rblcheck.php','2022-01-03 00:00:00','2022-01-05 00:00:00',2,'yellow',1,'WHITELIST',90,17),(129,'YES','YES','IP within an ASN is not approved or clean','http://www.uceprotect.net/en/rblcheck.php','2022-01-03 00:00:00','2022-01-05 00:00:00',2,'yellow',1,'WHITELIST',90,25),(130,'YES','YES','IP within an ASN is not approved or clean','http://www.uceprotect.net/en/rblcheck.php','2022-01-03 00:00:00','2022-01-05 00:00:00',2,'yellow',1,'WHITELIST',90,33),(131,'YES','YES','IP within an ASN is not approved or clean','http://www.uceprotect.net/en/rblcheck.php','2022-01-03 00:00:00','2022-01-05 00:00:00',2,'yellow',1,'WHITELIST',90,41),(132,'YES','YES','IP within an ASN is not approved or clean','http://www.uceprotect.net/en/rblcheck.php','2022-01-03 00:00:00','2022-01-05 00:00:00',2,'yellow',1,'WHITELIST',90,48),(133,'YES','YES','IP within an ASN is not approved or clean','http://www.uceprotect.net/en/rblcheck.php','2022-01-03 00:00:00','2022-01-05 00:00:00',2,'yellow',1,'WHITELIST',90,49),(134,'YES','YES','IP within an ASN is not approved or clean','http://www.uceprotect.net/en/rblcheck.php','2022-01-03 00:00:00','2022-01-05 00:00:00',2,'yellow',1,'WHITELIST',90,56),(135,'YES','YES','IP within an ASN is not approved or clean','http://www.uceprotect.net/en/rblcheck.php','2022-01-03 00:00:00','2022-01-05 00:00:00',2,'yellow',1,'WHITELIST',90,57),(136,'YES','YES','IP within an ASN is not approved or clean','http://www.uceprotect.net/en/rblcheck.php','2022-01-03 00:00:00','2022-01-05 00:00:00',2,'yellow',1,'WHITELIST',90,64),(137,'YES','YES','IP block known to be a spam source','http://www.uceprotect.net/en/rblcheck.php','2022-01-05 00:00:00','2022-01-07 00:00:00',2,'orange',3,'WHITELIST',89,5),(138,'YES','YES','IP block known to be a spam source','http://www.uceprotect.net/en/rblcheck.php','2022-01-05 00:00:00','2022-01-07 00:00:00',2,'orange',3,'WHITELIST',89,13),(139,'YES','YES','IP block known to be a spam source','http://www.uceprotect.net/en/rblcheck.php','2022-01-05 00:00:00','2022-01-07 00:00:00',2,'orange',3,'WHITELIST',89,21),(140,'YES','YES','IP block known to be a spam source','http://www.uceprotect.net/en/rblcheck.php','2022-01-05 00:00:00','2022-01-07 00:00:00',2,'orange',3,'WHITELIST',89,29),(141,'YES','YES','IP block known to be a spam source','http://www.uceprotect.net/en/rblcheck.php','2022-01-05 00:00:00','2022-01-07 00:00:00',2,'orange',3,'WHITELIST',89,37),(142,'YES','YES','IP block known to be a spam source','http://www.uceprotect.net/en/rblcheck.php','2022-01-05 00:00:00','2022-01-07 00:00:00',2,'orange',3,'WHITELIST',89,45),(143,'YES','YES','IP block known to be a spam source','http://www.uceprotect.net/en/rblcheck.php','2022-01-05 00:00:00','2022-01-07 00:00:00',2,'orange',3,'WHITELIST',89,53),(144,'YES','YES','IP block known to be a spam source','http://www.uceprotect.net/en/rblcheck.php','2022-01-05 00:00:00','2022-01-07 00:00:00',2,'orange',3,'WHITELIST',89,61),(145,'YES','YES','IP within an ASN is not approved or clean','http://www.uceprotect.net/en/rblcheck.php','2022-01-06 00:00:00','2022-01-09 00:00:00',3,'yellow',1,'WHITELIST',90,1),(146,'YES','YES','IP within an ASN is not approved or clean','http://www.uceprotect.net/en/rblcheck.php','2022-01-06 00:00:00','2022-01-09 00:00:00',3,'yellow',1,'WHITELIST',90,9),(147,'YES','YES','IP within an ASN is not approved or clean','http://www.uceprotect.net/en/rblcheck.php','2022-01-06 00:00:00','2022-01-09 00:00:00',3,'yellow',1,'WHITELIST',90,17),(148,'YES','YES','IP within an ASN is not approved or clean','http://www.uceprotect.net/en/rblcheck.php','2022-01-06 00:00:00','2022-01-09 00:00:00',3,'yellow',1,'WHITELIST',90,25),(149,'YES','YES','IP within an ASN is not approved or clean','http://www.uceprotect.net/en/rblcheck.php','2022-01-06 00:00:00','2022-01-09 00:00:00',3,'yellow',1,'WHITELIST',90,33),(150,'YES','YES','IP within an ASN is not approved or clean','http://www.uceprotect.net/en/rblcheck.php','2022-01-06 00:00:00','2022-01-09 00:00:00',3,'yellow',1,'WHITELIST',90,41),(151,'YES','YES','IP within an ASN is not approved or clean','http://www.uceprotect.net/en/rblcheck.php','2022-01-06 00:00:00','2022-01-09 00:00:00',3,'yellow',1,'WHITELIST',90,48),(152,'YES','YES','IP within an ASN is not approved or clean','http://www.uceprotect.net/en/rblcheck.php','2022-01-06 00:00:00','2022-01-09 00:00:00',3,'yellow',1,'WHITELIST',90,49),(153,'YES','YES','IP within an ASN is not approved or clean','http://www.uceprotect.net/en/rblcheck.php','2022-01-06 00:00:00','2022-01-09 00:00:00',3,'yellow',1,'WHITELIST',90,56),(154,'YES','YES','IP within an ASN is not approved or clean','http://www.uceprotect.net/en/rblcheck.php','2022-01-06 00:00:00','2022-01-09 00:00:00',3,'yellow',1,'WHITELIST',90,57),(155,'YES','YES','IP within an ASN is not approved or clean','http://www.uceprotect.net/en/rblcheck.php','2022-01-06 00:00:00','2022-01-09 00:00:00',3,'yellow',1,'WHITELIST',90,64),(156,'YES','YES','IP within an ASN is not approved or clean','http://www.uceprotect.net/en/rblcheck.php','2022-01-10 00:00:00',NULL,NULL,'yellow',1,'BLACKLIST',90,1),(157,'YES','YES','IP block known to be a spam source','http://www.uceprotect.net/en/rblcheck.php','2022-01-10 00:00:00','2022-01-19 00:00:00',9,'orange',3,'WHITELIST',89,5),(158,'YES','YES','IP block known to be a spam source','http://www.uceprotect.net/en/rblcheck.php','2022-01-10 00:00:00',NULL,NULL,'orange',3,'BLACKLIST',89,7),(159,'YES','YES','IP within an ASN is not approved or clean','http://www.uceprotect.net/en/rblcheck.php','2022-01-10 00:00:00',NULL,NULL,'yellow',1,'BLACKLIST',90,9),(160,'YES','YES','IP block known to be a spam source','http://www.uceprotect.net/en/rblcheck.php','2022-01-10 00:00:00','2022-01-19 00:00:00',9,'orange',3,'WHITELIST',89,13),(161,'YES','YES','IP block known to be a spam source','http://www.uceprotect.net/en/rblcheck.php','2022-01-10 00:00:00',NULL,NULL,'orange',3,'BLACKLIST',89,15),(162,'YES','YES','IP within an ASN is not approved or clean','http://www.uceprotect.net/en/rblcheck.php','2022-01-10 00:00:00',NULL,NULL,'yellow',1,'BLACKLIST',90,17),(163,'YES','YES','IP block known to be a spam source','http://www.uceprotect.net/en/rblcheck.php','2022-01-10 00:00:00','2022-01-19 00:00:00',9,'orange',3,'WHITELIST',89,21),(164,'YES','YES','IP block known to be a spam source','http://www.uceprotect.net/en/rblcheck.php','2022-01-10 00:00:00',NULL,NULL,'orange',3,'BLACKLIST',89,23),(165,'YES','YES','IP within an ASN is not approved or clean','http://www.uceprotect.net/en/rblcheck.php','2022-01-10 00:00:00',NULL,NULL,'yellow',1,'BLACKLIST',90,25),(166,'YES','YES','IP block known to be a spam source','http://www.uceprotect.net/en/rblcheck.php','2022-01-10 00:00:00','2022-01-19 00:00:00',9,'orange',3,'WHITELIST',89,29),(167,'YES','YES','IP block known to be a spam source','http://www.uceprotect.net/en/rblcheck.php','2022-01-10 00:00:00',NULL,NULL,'orange',3,'BLACKLIST',89,31),(168,'YES','YES','IP within an ASN is not approved or clean','http://www.uceprotect.net/en/rblcheck.php','2022-01-10 00:00:00',NULL,NULL,'yellow',1,'BLACKLIST',90,33),(169,'YES','YES','IP block known to be a spam source','http://www.uceprotect.net/en/rblcheck.php','2022-01-10 00:00:00','2022-01-19 00:00:00',9,'orange',3,'WHITELIST',89,37),(170,'YES','YES','IP block known to be a spam source','http://www.uceprotect.net/en/rblcheck.php','2022-01-10 00:00:00',NULL,NULL,'orange',3,'BLACKLIST',89,39),(171,'YES','YES','IP within an ASN is not approved or clean','http://www.uceprotect.net/en/rblcheck.php','2022-01-10 00:00:00',NULL,NULL,'yellow',1,'BLACKLIST',90,41),(172,'YES','YES','IP block known to be a spam source','http://www.uceprotect.net/en/rblcheck.php','2022-01-10 00:00:00','2022-01-19 00:00:00',9,'orange',3,'WHITELIST',89,45),(173,'YES','YES','IP block known to be a spam source','http://www.uceprotect.net/en/rblcheck.php','2022-01-10 00:00:00',NULL,NULL,'orange',3,'BLACKLIST',89,47),(174,'YES','YES','IP within an ASN is not approved or clean','http://www.uceprotect.net/en/rblcheck.php','2022-01-10 00:00:00',NULL,NULL,'yellow',1,'BLACKLIST',90,48),(175,'YES','YES','IP within an ASN is not approved or clean','http://www.uceprotect.net/en/rblcheck.php','2022-01-10 00:00:00',NULL,NULL,'yellow',1,'BLACKLIST',90,49),(176,'YES','YES','IP block known to be a spam source','http://www.uceprotect.net/en/rblcheck.php','2022-01-10 00:00:00','2022-01-19 00:00:00',9,'orange',3,'WHITELIST',89,53),(177,'YES','YES','IP block known to be a spam source','http://www.uceprotect.net/en/rblcheck.php','2022-01-10 00:00:00',NULL,NULL,'orange',3,'BLACKLIST',89,55),(178,'YES','YES','IP within an ASN is not approved or clean','http://www.uceprotect.net/en/rblcheck.php','2022-01-10 00:00:00',NULL,NULL,'yellow',1,'BLACKLIST',90,56),(179,'YES','YES','IP within an ASN is not approved or clean','http://www.uceprotect.net/en/rblcheck.php','2022-01-10 00:00:00',NULL,NULL,'yellow',1,'BLACKLIST',90,57),(180,'YES','YES','IP block known to be a spam source','http://www.uceprotect.net/en/rblcheck.php','2022-01-10 00:00:00','2022-01-19 00:00:00',9,'orange',3,'WHITELIST',89,61),(181,'YES','YES','IP block known to be a spam source','http://www.uceprotect.net/en/rblcheck.php','2022-01-10 00:00:00',NULL,NULL,'orange',3,'BLACKLIST',89,63),(182,'YES','YES','IP within an ASN is not approved or clean','http://www.uceprotect.net/en/rblcheck.php','2022-01-10 00:00:00',NULL,NULL,'yellow',1,'BLACKLIST',90,64),(183,'YES','YES','IP within an ASN is not approved or clean','http://www.uceprotect.net/en/rblcheck.php','2022-01-12 00:00:00',NULL,NULL,'yellow',1,'BLACKLIST',90,2),(185,'YES','YES','IP within an ASN is not approved or clean','http://www.uceprotect.net/en/rblcheck.php','2022-01-12 00:00:00',NULL,NULL,'yellow',1,'BLACKLIST',90,6),(186,'YES','YES','IP within an ASN is not approved or clean','http://www.uceprotect.net/en/rblcheck.php','2022-01-12 00:00:00',NULL,NULL,'yellow',1,'BLACKLIST',90,8),(187,'YES','YES','IP within an ASN is not approved or clean','http://www.uceprotect.net/en/rblcheck.php','2022-01-12 00:00:00',NULL,NULL,'yellow',1,'BLACKLIST',90,10),(189,'YES','YES','IP within an ASN is not approved or clean','http://www.uceprotect.net/en/rblcheck.php','2022-01-12 00:00:00',NULL,NULL,'yellow',1,'BLACKLIST',90,14),(190,'YES','YES','IP within an ASN is not approved or clean','http://www.uceprotect.net/en/rblcheck.php','2022-01-12 00:00:00',NULL,NULL,'yellow',1,'BLACKLIST',90,16),(191,'YES','YES','IP within an ASN is not approved or clean','http://www.uceprotect.net/en/rblcheck.php','2022-01-12 00:00:00',NULL,NULL,'yellow',1,'BLACKLIST',90,18),(193,'YES','YES','IP within an ASN is not approved or clean','http://www.uceprotect.net/en/rblcheck.php','2022-01-12 00:00:00',NULL,NULL,'yellow',1,'BLACKLIST',90,22),(194,'YES','YES','IP within an ASN is not approved or clean','http://www.uceprotect.net/en/rblcheck.php','2022-01-12 00:00:00',NULL,NULL,'yellow',1,'BLACKLIST',90,24),(195,'YES','YES','IP within an ASN is not approved or clean','http://www.uceprotect.net/en/rblcheck.php','2022-01-12 00:00:00',NULL,NULL,'yellow',1,'BLACKLIST',90,26),(197,'YES','YES','IP within an ASN is not approved or clean','http://www.uceprotect.net/en/rblcheck.php','2022-01-12 00:00:00',NULL,NULL,'yellow',1,'BLACKLIST',90,30),(198,'YES','YES','IP within an ASN is not approved or clean','http://www.uceprotect.net/en/rblcheck.php','2022-01-12 00:00:00',NULL,NULL,'yellow',1,'BLACKLIST',90,32),(199,'YES','YES','IP within an ASN is not approved or clean','http://www.uceprotect.net/en/rblcheck.php','2022-01-12 00:00:00',NULL,NULL,'yellow',1,'BLACKLIST',90,34),(201,'YES','YES','IP within an ASN is not approved or clean','http://www.uceprotect.net/en/rblcheck.php','2022-01-12 00:00:00',NULL,NULL,'yellow',1,'BLACKLIST',90,38),(202,'YES','YES','IP within an ASN is not approved or clean','http://www.uceprotect.net/en/rblcheck.php','2022-01-12 00:00:00',NULL,NULL,'yellow',1,'BLACKLIST',90,40),(203,'YES','YES','IP within an ASN is not approved or clean','http://www.uceprotect.net/en/rblcheck.php','2022-01-12 00:00:00',NULL,NULL,'yellow',1,'BLACKLIST',90,42),(205,'YES','YES','IP within an ASN is not approved or clean','http://www.uceprotect.net/en/rblcheck.php','2022-01-12 00:00:00',NULL,NULL,'yellow',1,'BLACKLIST',90,46),(206,'YES','YES','IP within an ASN is not approved or clean','http://www.uceprotect.net/en/rblcheck.php','2022-01-12 00:00:00',NULL,NULL,'yellow',1,'BLACKLIST',90,50),(208,'YES','YES','IP within an ASN is not approved or clean','http://www.uceprotect.net/en/rblcheck.php','2022-01-12 00:00:00',NULL,NULL,'yellow',1,'BLACKLIST',90,54),(209,'YES','YES','IP within an ASN is not approved or clean','http://www.uceprotect.net/en/rblcheck.php','2022-01-12 00:00:00',NULL,NULL,'yellow',1,'BLACKLIST',90,58),(211,'YES','YES','IP within an ASN is not approved or clean','http://www.uceprotect.net/en/rblcheck.php','2022-01-12 00:00:00',NULL,NULL,'yellow',1,'BLACKLIST',90,62),(212,'YES','YES','IP within an ASN is not approved or clean','http://www.uceprotect.net/en/rblcheck.php','2022-01-14 00:00:00',NULL,NULL,'yellow',1,'BLACKLIST',90,3),(213,'YES','YES','IP within an ASN is not approved or clean','http://www.uceprotect.net/en/rblcheck.php','2022-01-14 00:00:00',NULL,NULL,'yellow',1,'BLACKLIST',90,5),(214,'YES','YES','IP within an ASN is not approved or clean','http://www.uceprotect.net/en/rblcheck.php','2022-01-14 00:00:00',NULL,NULL,'yellow',1,'BLACKLIST',90,7),(215,'YES','YES','IP within an ASN is not approved or clean','http://www.uceprotect.net/en/rblcheck.php','2022-01-14 00:00:00',NULL,NULL,'yellow',1,'BLACKLIST',90,11),(216,'YES','YES','IP within an ASN is not approved or clean','http://www.uceprotect.net/en/rblcheck.php','2022-01-14 00:00:00',NULL,NULL,'yellow',1,'BLACKLIST',90,13),(217,'YES','YES','IP within an ASN is not approved or clean','http://www.uceprotect.net/en/rblcheck.php','2022-01-14 00:00:00',NULL,NULL,'yellow',1,'BLACKLIST',90,15),(218,'YES','YES','IP within an ASN is not approved or clean','http://www.uceprotect.net/en/rblcheck.php','2022-01-14 00:00:00',NULL,NULL,'yellow',1,'BLACKLIST',90,19),(219,'YES','YES','IP within an ASN is not approved or clean','http://www.uceprotect.net/en/rblcheck.php','2022-01-14 00:00:00',NULL,NULL,'yellow',1,'BLACKLIST',90,21),(220,'YES','YES','IP within an ASN is not approved or clean','http://www.uceprotect.net/en/rblcheck.php','2022-01-14 00:00:00',NULL,NULL,'yellow',1,'BLACKLIST',90,23),(221,'YES','YES','IP within an ASN is not approved or clean','http://www.uceprotect.net/en/rblcheck.php','2022-01-14 00:00:00',NULL,NULL,'yellow',1,'BLACKLIST',90,27),(222,'YES','YES','IP within an ASN is not approved or clean','http://www.uceprotect.net/en/rblcheck.php','2022-01-14 00:00:00',NULL,NULL,'yellow',1,'BLACKLIST',90,29),(223,'YES','YES','IP within an ASN is not approved or clean','http://www.uceprotect.net/en/rblcheck.php','2022-01-14 00:00:00',NULL,NULL,'yellow',1,'BLACKLIST',90,31),(224,'YES','YES','IP within an ASN is not approved or clean','http://www.uceprotect.net/en/rblcheck.php','2022-01-14 00:00:00',NULL,NULL,'yellow',1,'BLACKLIST',90,35),(225,'YES','YES','IP within an ASN is not approved or clean','http://www.uceprotect.net/en/rblcheck.php','2022-01-14 00:00:00',NULL,NULL,'yellow',1,'BLACKLIST',90,37),(226,'YES','YES','IP within an ASN is not approved or clean','http://www.uceprotect.net/en/rblcheck.php','2022-01-14 00:00:00',NULL,NULL,'yellow',1,'BLACKLIST',90,39),(227,'YES','YES','IP within an ASN is not approved or clean','http://www.uceprotect.net/en/rblcheck.php','2022-01-14 00:00:00',NULL,NULL,'yellow',1,'BLACKLIST',90,43),(228,'YES','YES','IP within an ASN is not approved or clean','http://www.uceprotect.net/en/rblcheck.php','2022-01-14 00:00:00',NULL,NULL,'yellow',1,'BLACKLIST',90,45),(229,'YES','YES','IP within an ASN is not approved or clean','http://www.uceprotect.net/en/rblcheck.php','2022-01-14 00:00:00',NULL,NULL,'yellow',1,'BLACKLIST',90,47),(230,'YES','YES','IP within an ASN is not approved or clean','http://www.uceprotect.net/en/rblcheck.php','2022-01-14 00:00:00',NULL,NULL,'yellow',1,'BLACKLIST',90,51),(231,'YES','YES','IP within an ASN is not approved or clean','http://www.uceprotect.net/en/rblcheck.php','2022-01-14 00:00:00',NULL,NULL,'yellow',1,'BLACKLIST',90,53),(232,'YES','YES','IP within an ASN is not approved or clean','http://www.uceprotect.net/en/rblcheck.php','2022-01-14 00:00:00',NULL,NULL,'yellow',1,'BLACKLIST',90,55),(233,'YES','YES','IP within an ASN is not approved or clean','http://www.uceprotect.net/en/rblcheck.php','2022-01-14 00:00:00',NULL,NULL,'yellow',1,'BLACKLIST',90,59),(234,'YES','YES','IP within an ASN is not approved or clean','http://www.uceprotect.net/en/rblcheck.php','2022-01-14 00:00:00',NULL,NULL,'yellow',1,'BLACKLIST',90,61),(235,'YES','YES','IP within an ASN is not approved or clean','http://www.uceprotect.net/en/rblcheck.php','2022-01-14 00:00:00',NULL,NULL,'yellow',1,'BLACKLIST',90,63);
/*!40000 ALTER TABLE `tbl_ipblacklist_log` ENABLE KEYS */;
UNLOCK TABLES;

--
-- Table structure for table `tbl_organizational_unit`
--

DROP TABLE IF EXISTS `tbl_organizational_unit`;
/*!40101 SET @saved_cs_client     = @@character_set_client */;
/*!50503 SET character_set_client = utf8 */;
CREATE TABLE `tbl_organizational_unit` (
  `orgunit_id` int NOT NULL AUTO_INCREMENT,
  `orgunit_code` varchar(15) NOT NULL,
  `orgunit_name` varchar(200) NOT NULL,
  `system_entityid` int DEFAULT NULL,
  `system_setting` varchar(100) NOT NULL,
  `orgunit_status` varchar(20) CHARACTER SET utf8 COLLATE utf8_general_ci NOT NULL DEFAULT 'Active',
  PRIMARY KEY (`orgunit_id`),
  UNIQUE KEY `orgunit_code` (`orgunit_code`),
  UNIQUE KEY `orgunit_name` (`orgunit_name`),
  KEY `fk_org_unit` (`system_entityid`)
) ENGINE=InnoDB AUTO_INCREMENT=11 DEFAULT CHARSET=utf8mb3;
/*!40101 SET character_set_client = @saved_cs_client */;

--
-- Dumping data for table `tbl_organizational_unit`
--

LOCK TABLES `tbl_organizational_unit` WRITE;
/*!40000 ALTER TABLE `tbl_organizational_unit` DISABLE KEYS */;
INSERT INTO `tbl_organizational_unit` VALUES (1,'GRP','Graphics',2,'ou-defined','Active'),(2,'WEB','Web',3,'sys-defined','Active'),(3,'XLV','Xolva',2,'ou-defined','Active'),(5,'MKT','Marketing Department',2,'ou-defined','Active'),(6,'test','test organization',2,'sys-defined','Active'),(7,'test2','test organization2',3,'sys-defined','Active'),(8,'TOJ','test_org_Jan6',2,'sys-defined','Terminated'),(10,'TOA','test organizationA',2,'sys-defined','Active');
/*!40000 ALTER TABLE `tbl_organizational_unit` ENABLE KEYS */;
UNLOCK TABLES;

--
-- Table structure for table `tbl_orgunit_ctype`
--

DROP TABLE IF EXISTS `tbl_orgunit_ctype`;
/*!40101 SET @saved_cs_client     = @@character_set_client */;
/*!50503 SET character_set_client = utf8 */;
CREATE TABLE `tbl_orgunit_ctype` (
  `o_ct_id` int NOT NULL AUTO_INCREMENT,
  `orgunit_id` int NOT NULL,
  `ctype_id` int NOT NULL,
  PRIMARY KEY (`o_ct_id`),
  KEY `orgunit_id` (`orgunit_id`),
  KEY `ctype_id` (`ctype_id`),
  CONSTRAINT `fk_cto_ct` FOREIGN KEY (`ctype_id`) REFERENCES `Campaign_type` (`ctype_id`),
  CONSTRAINT `fk_cto_o` FOREIGN KEY (`orgunit_id`) REFERENCES `tbl_organizational_unit` (`orgunit_id`)
) ENGINE=InnoDB AUTO_INCREMENT=17 DEFAULT CHARSET=latin1;
/*!40101 SET character_set_client = @saved_cs_client */;

--
-- Dumping data for table `tbl_orgunit_ctype`
--

LOCK TABLES `tbl_orgunit_ctype` WRITE;
/*!40000 ALTER TABLE `tbl_orgunit_ctype` DISABLE KEYS */;
INSERT INTO `tbl_orgunit_ctype` VALUES (2,1,2),(3,2,3),(4,2,4),(5,3,7),(6,3,8),(7,1,13),(8,8,2),(9,8,3),(10,1,9),(11,5,3),(12,5,8),(13,5,10),(14,5,11),(15,5,12),(16,5,13);
/*!40000 ALTER TABLE `tbl_orgunit_ctype` ENABLE KEYS */;
UNLOCK TABLES;

--
-- Table structure for table `tbl_orgunit_rte`
--

DROP TABLE IF EXISTS `tbl_orgunit_rte`;
/*!40101 SET @saved_cs_client     = @@character_set_client */;
/*!50503 SET character_set_client = utf8 */;
CREATE TABLE `tbl_orgunit_rte` (
  `o_rte_id` int NOT NULL AUTO_INCREMENT,
  `orgunit_id` int NOT NULL,
  `rtemid` int NOT NULL,
  `status` varchar(10) NOT NULL DEFAULT 'Active',
  `org_rtem_reason` varchar(500) DEFAULT NULL,
  `assigned_by` varchar(50) DEFAULT NULL,
  `updated_by` varchar(50) DEFAULT NULL,
  PRIMARY KEY (`o_rte_id`),
  KEY `fk_department_rte_rtem` (`rtemid`),
  KEY `fk_department_rte_dept` (`orgunit_id`)
) ENGINE=InnoDB AUTO_INCREMENT=20 DEFAULT CHARSET=utf8mb3;
/*!40101 SET character_set_client = @saved_cs_client */;

--
-- Dumping data for table `tbl_orgunit_rte`
--

LOCK TABLES `tbl_orgunit_rte` WRITE;
/*!40000 ALTER TABLE `tbl_orgunit_rte` DISABLE KEYS */;
INSERT INTO `tbl_orgunit_rte` VALUES (1,1,2,'Active',NULL,NULL,NULL),(5,1,21,'Active','',NULL,'2'),(6,1,26,'In Active','testing',NULL,'2'),(7,5,42,'Active','','2','2'),(8,1,11,'Active',NULL,NULL,NULL),(9,8,43,'Active',NULL,NULL,NULL),(10,1,44,'Active',NULL,NULL,NULL),(11,3,1,'Active',NULL,NULL,NULL),(12,3,7,'Active',NULL,NULL,NULL),(13,3,9,'Active',NULL,NULL,NULL),(14,3,29,'Active',NULL,NULL,NULL),(15,3,40,'Active',NULL,NULL,NULL),(16,3,41,'Active',NULL,NULL,NULL),(17,3,42,'Active',NULL,NULL,NULL),(18,3,43,'Active',NULL,NULL,NULL),(19,3,44,'Active',NULL,NULL,NULL);
/*!40000 ALTER TABLE `tbl_orgunit_rte` ENABLE KEYS */;
UNLOCK TABLES;

--
-- Table structure for table `tbl_orgunit_user`
--

DROP TABLE IF EXISTS `tbl_orgunit_user`;
/*!40101 SET @saved_cs_client     = @@character_set_client */;
/*!50503 SET character_set_client = utf8 */;
CREATE TABLE `tbl_orgunit_user` (
  `ou_id` int NOT NULL AUTO_INCREMENT,
  `orgunit_id` int NOT NULL,
  `user_id` int NOT NULL,
  `ou_status` varchar(30) NOT NULL DEFAULT 'Active',
  `ou_date` datetime NOT NULL DEFAULT CURRENT_TIMESTAMP,
  PRIMARY KEY (`ou_id`),
  KEY `fk_tbl_deparment_user_department` (`orgunit_id`),
  KEY `fk_tbl_deparment_user_admin` (`user_id`),
  CONSTRAINT `fk_tbl_deparment_user_admin` FOREIGN KEY (`user_id`) REFERENCES `admin` (`AdminId`) ON DELETE RESTRICT ON UPDATE RESTRICT,
  CONSTRAINT `fk_tbl_deparment_user_department` FOREIGN KEY (`orgunit_id`) REFERENCES `tbl_organizational_unit` (`orgunit_id`) ON DELETE RESTRICT ON UPDATE RESTRICT
) ENGINE=InnoDB AUTO_INCREMENT=22 DEFAULT CHARSET=utf8mb3;
/*!40101 SET character_set_client = @saved_cs_client */;

--
-- Dumping data for table `tbl_orgunit_user`
--

LOCK TABLES `tbl_orgunit_user` WRITE;
/*!40000 ALTER TABLE `tbl_orgunit_user` DISABLE KEYS */;
INSERT INTO `tbl_orgunit_user` VALUES (1,1,1,'Active','2022-01-18 06:02:01'),(4,2,6,'Active','2022-01-18 06:02:01'),(7,1,10,'Active','2022-01-18 06:02:01'),(9,2,14,'Active','2022-01-18 06:02:01'),(13,1,17,'Active','2022-01-18 06:02:01'),(14,2,18,'Active','2022-01-18 06:02:01'),(15,3,19,'Active','2022-01-18 06:02:01'),(16,3,21,'Active','2022-01-18 06:02:01'),(17,5,13,'Active','2022-01-18 06:02:01'),(18,8,31,'Active','2022-01-18 06:02:01'),(19,1,12,'Active','2022-01-18 06:02:01'),(20,1,32,'Active','2022-01-18 06:02:01'),(21,10,34,'Active','2022-01-23 23:21:33');
/*!40000 ALTER TABLE `tbl_orgunit_user` ENABLE KEYS */;
UNLOCK TABLES;

--
-- Table structure for table `tbl_request_rte`
--

DROP TABLE IF EXISTS `tbl_request_rte`;
/*!40101 SET @saved_cs_client     = @@character_set_client */;
/*!50503 SET character_set_client = utf8 */;
CREATE TABLE `tbl_request_rte` (
  `request_rte_id` int NOT NULL AUTO_INCREMENT,
  `req_rep_to_email` varchar(150) CHARACTER SET utf8 COLLATE utf8_general_ci NOT NULL,
  `orgunit_id` int NOT NULL,
  `status` varchar(20) NOT NULL,
  `reason` varchar(300) DEFAULT NULL,
  `requested_by` varchar(50) NOT NULL,
  `system_date` datetime NOT NULL DEFAULT CURRENT_TIMESTAMP,
  `rejected_approved_date` datetime DEFAULT NULL,
  `rejected_approved_by` varchar(50) CHARACTER SET utf8 COLLATE utf8_general_ci DEFAULT NULL,
  PRIMARY KEY (`request_rte_id`),
  KEY `fk_req_org` (`orgunit_id`),
  CONSTRAINT `fk_req_org` FOREIGN KEY (`orgunit_id`) REFERENCES `tbl_organizational_unit` (`orgunit_id`) ON DELETE RESTRICT ON UPDATE RESTRICT
) ENGINE=InnoDB AUTO_INCREMENT=13 DEFAULT CHARSET=utf8 COLLATE=utf8_general_ci;
/*!40101 SET character_set_client = @saved_cs_client */;

--
-- Dumping data for table `tbl_request_rte`
--

LOCK TABLES `tbl_request_rte` WRITE;
/*!40000 ALTER TABLE `tbl_request_rte` DISABLE KEYS */;
INSERT INTO `tbl_request_rte` VALUES (1,'dummyemail2@gmail.com',1,'Accepted',NULL,'2','2021-12-15 04:39:54','2021-12-15 04:40:12','2'),(2,'dummyemail45@gmail.com',1,'Accepted',NULL,'2','2021-12-15 04:41:01','2021-12-16 04:36:46','2'),(3,'new_45email@gm.com',1,'Accepted',NULL,'2','2021-12-15 04:42:10','2021-12-15 04:42:18','2'),(4,'graph@123.com',1,'Accepted',NULL,'2','2021-12-15 04:52:50','2021-12-16 01:15:06','2'),(5,'graph@123.com',1,'Accepted',NULL,'2','2021-12-16 01:20:32','2021-12-16 02:40:02','2'),(6,'malinew@dumm.com',1,'Pending',NULL,'2','2021-12-16 01:21:19',NULL,NULL),(7,'new_45email@gm.com',5,'Accepted',NULL,'2','2021-12-16 01:55:17','2021-12-16 01:55:40','2'),(8,'new_45email@gm.com',2,'Rejected','personal reason','2','2021-12-16 01:56:13','2021-12-16 02:57:29','2'),(9,'dummyemail@gmail.com',1,'Pending',NULL,'2','2021-12-16 02:42:55',NULL,NULL),(10,'new_45email@gm.com',2,'Pending',NULL,'2','2021-12-16 04:33:22',NULL,NULL),(11,'dummyemail45@gmail.com',5,'Pending',NULL,'2','2021-12-16 04:36:32',NULL,NULL),(12,'jantuesday@yahoo.com',5,'Accepted',NULL,'2','2022-01-04 04:27:21','2022-01-04 04:27:45','2');
/*!40000 ALTER TABLE `tbl_request_rte` ENABLE KEYS */;
UNLOCK TABLES;

--
-- Table structure for table `tbl_role_prev_activity`
--

DROP TABLE IF EXISTS `tbl_role_prev_activity`;
/*!40101 SET @saved_cs_client     = @@character_set_client */;
/*!50503 SET character_set_client = utf8 */;
CREATE TABLE `tbl_role_prev_activity` (
  `role_prev_activity_id` int NOT NULL AUTO_INCREMENT,
  `role_prev_id` int NOT NULL,
  `activity_id` int NOT NULL,
  `system_date` datetime NOT NULL DEFAULT CURRENT_TIMESTAMP,
  PRIMARY KEY (`role_prev_activity_id`),
  KEY `fk_tbl_role_prev_activity_tbl_activity` (`activity_id`),
  KEY `fk_tbl_role_prev_activity_tbl_role_prev` (`role_prev_id`),
  CONSTRAINT `fk_tbl_role_prev_activity_tbl_activity` FOREIGN KEY (`activity_id`) REFERENCES `tbl_activity` (`activity_id`),
  CONSTRAINT `fk_tbl_role_prev_activity_tbl_role_prev` FOREIGN KEY (`role_prev_id`) REFERENCES `tbl_role_privilege` (`role_prev_id`)
) ENGINE=InnoDB AUTO_INCREMENT=46 DEFAULT CHARSET=utf8mb3;
/*!40101 SET character_set_client = @saved_cs_client */;

--
-- Dumping data for table `tbl_role_prev_activity`
--

LOCK TABLES `tbl_role_prev_activity` WRITE;
/*!40000 ALTER TABLE `tbl_role_prev_activity` DISABLE KEYS */;
INSERT INTO `tbl_role_prev_activity` VALUES (1,1,1,'2021-08-08 22:42:20'),(5,1,2,'2021-08-10 10:30:43'),(6,1,3,'2021-09-03 12:48:11'),(7,1,4,'2021-09-03 12:48:11'),(8,1,5,'2021-09-03 12:48:11'),(9,1,6,'2021-09-03 12:48:11'),(10,1,7,'2021-09-03 12:48:11'),(11,1,8,'2021-09-03 12:48:11'),(12,1,9,'2021-09-03 12:48:11'),(13,1,10,'2021-09-03 12:48:11'),(14,1,11,'2021-09-03 12:48:12'),(15,1,12,'2021-09-03 12:48:12'),(16,1,13,'2021-09-03 12:48:12'),(17,1,14,'2021-09-03 12:48:12'),(18,1,15,'2021-09-03 12:48:12'),(19,1,16,'2021-09-03 12:48:13'),(20,1,17,'2021-09-03 12:48:13'),(21,1,19,'2021-09-03 12:48:13'),(22,1,20,'2021-09-03 12:48:13'),(23,1,21,'2021-09-03 12:48:13'),(24,1,22,'2021-09-03 12:48:13'),(25,1,23,'2021-09-03 12:48:13'),(26,1,24,'2021-09-03 12:48:13'),(27,1,25,'2021-09-03 12:48:13'),(28,1,26,'2021-09-03 12:48:13'),(29,1,27,'2021-09-03 15:50:08'),(30,12,1,'2021-09-03 15:57:57'),(31,1,30,'2021-09-06 09:10:02'),(32,2,10,'2021-09-06 11:21:09'),(33,1,31,'2021-09-08 12:50:56'),(34,1,32,'2021-09-08 12:50:56'),(36,13,22,'2021-09-15 11:56:35'),(37,1,33,'2021-09-17 09:17:56'),(38,1,34,'2021-09-29 11:08:14'),(39,14,1,'2021-12-21 05:34:33'),(40,14,2,'2021-12-21 05:34:33'),(41,14,3,'2021-12-21 05:34:33'),(42,4,2,'2022-01-06 04:24:35'),(43,7,2,'2022-01-06 04:26:35'),(44,2,2,'2022-01-17 05:50:31'),(45,2,3,'2022-01-17 05:50:31');
/*!40000 ALTER TABLE `tbl_role_prev_activity` ENABLE KEYS */;
UNLOCK TABLES;

--
-- Table structure for table `tbl_role_privilege`
--

DROP TABLE IF EXISTS `tbl_role_privilege`;
/*!40101 SET @saved_cs_client     = @@character_set_client */;
/*!50503 SET character_set_client = utf8 */;
CREATE TABLE `tbl_role_privilege` (
  `role_prev_id` int NOT NULL AUTO_INCREMENT,
  `role_prev_title` varchar(200) NOT NULL,
  `role_prev_desc` varchar(500) DEFAULT NULL,
  `role_prev_status` varchar(100) CHARACTER SET utf8 COLLATE utf8_general_ci NOT NULL DEFAULT 'Active',
  `restriction_level` int NOT NULL,
  `role_type` varchar(100) NOT NULL,
  `system_entityid` int NOT NULL,
  `added_by` varchar(100) NOT NULL,
  PRIMARY KEY (`role_prev_id`),
  KEY `fk_sys_entity` (`system_entityid`),
  CONSTRAINT `fk_sys_entity` FOREIGN KEY (`system_entityid`) REFERENCES `system_entity` (`system_entityid`)
) ENGINE=InnoDB AUTO_INCREMENT=20 DEFAULT CHARSET=utf8mb3;
/*!40101 SET character_set_client = @saved_cs_client */;

--
-- Dumping data for table `tbl_role_privilege`
--

LOCK TABLES `tbl_role_privilege` WRITE;
/*!40000 ALTER TABLE `tbl_role_privilege` DISABLE KEYS */;
INSERT INTO `tbl_role_privilege` VALUES (1,'Super Admin','This role has access to every activity of the system.','Active',0,'Administrative',1,'Alishba'),(2,'Organization Admin',NULL,'Active',1,'Operations',2,'Alishba'),(3,'User Manager',NULL,'Active',2,'Operations',2,'Alishba'),(4,'Campaign Manager',NULL,'Active',3,'Operations',2,'Alishba'),(5,'Unsubscriber Manager',NULL,'Active',4,'Operations',2,'Alishba'),(6,'Reply-To Email Manager',NULL,'Active',4,'Operations',2,'Alishba'),(7,'Campaign User',NULL,'Active',5,'Operations',2,'Alishba'),(8,'Technical Admin',NULL,'Active',1,'Technical',3,'Alishba'),(9,'Mail Server Manager',NULL,'Active',2,'Technical',3,'Alishba'),(10,'IP/Domains Manager',NULL,'Active',3,'Technical',3,'Alishba'),(11,'Blacklist Manager',NULL,'Active',3,'Technical',3,'Alishba'),(12,'DNSBL Manager',NULL,'Active',2,'Technical',3,'Alishba'),(13,'Verification Manager',NULL,'Active',6,'Operations',2,'Alishba'),(14,'Blocked Domain Manager',NULL,'Active',4,'Operations',2,'Alishba'),(15,'Blocked URL Manager',NULL,'Active',4,'Operations',2,'Alishba'),(16,'Blocked Domain Manager',NULL,'Active',4,'Technical',3,'Alishba'),(17,'Blocked URL Manager',NULL,'Active',4,'Technical',3,'Alishba');
/*!40000 ALTER TABLE `tbl_role_privilege` ENABLE KEYS */;
UNLOCK TABLES;

--
-- Table structure for table `tbl_user_activity`
--

DROP TABLE IF EXISTS `tbl_user_activity`;
/*!40101 SET @saved_cs_client     = @@character_set_client */;
/*!50503 SET character_set_client = utf8 */;
CREATE TABLE `tbl_user_activity` (
  `user_activity_id` int NOT NULL AUTO_INCREMENT,
  `user_id` int NOT NULL,
  `activity_id` int NOT NULL,
  PRIMARY KEY (`user_activity_id`),
  KEY `fk_tbl_user_activity_tbl_activity` (`activity_id`),
  KEY `fk_tbl_user_activity_tbl_user` (`user_id`),
  CONSTRAINT `fk_tbl_user_activity_tbl_activity` FOREIGN KEY (`activity_id`) REFERENCES `tbl_activity` (`activity_id`),
  CONSTRAINT `fk_tbl_user_activity_tbl_user` FOREIGN KEY (`user_id`) REFERENCES `admin` (`AdminId`)
) ENGINE=InnoDB AUTO_INCREMENT=7 DEFAULT CHARSET=utf8mb3;
/*!40101 SET character_set_client = @saved_cs_client */;

--
-- Dumping data for table `tbl_user_activity`
--

LOCK TABLES `tbl_user_activity` WRITE;
/*!40000 ALTER TABLE `tbl_user_activity` DISABLE KEYS */;
INSERT INTO `tbl_user_activity` VALUES (1,1,1),(3,2,1),(4,2,2),(5,1,2);
/*!40000 ALTER TABLE `tbl_user_activity` ENABLE KEYS */;
UNLOCK TABLES;

--
-- Table structure for table `tbl_user_role_prev`
--

DROP TABLE IF EXISTS `tbl_user_role_prev`;
/*!40101 SET @saved_cs_client     = @@character_set_client */;
/*!50503 SET character_set_client = utf8 */;
CREATE TABLE `tbl_user_role_prev` (
  `user_role_prev_id` int NOT NULL AUTO_INCREMENT,
  `role_prev_id` int NOT NULL,
  `user_id` int NOT NULL,
  PRIMARY KEY (`user_role_prev_id`),
  KEY `fk_tbl_user_role_prev_tbl_role_prev` (`role_prev_id`),
  KEY `fk_tbl_user_role_prev_tbl_user` (`user_id`),
  CONSTRAINT `fk_tbl_user_role_prev_tbl_role_prev` FOREIGN KEY (`role_prev_id`) REFERENCES `tbl_role_privilege` (`role_prev_id`),
  CONSTRAINT `fk_tbl_user_role_prev_tbl_user` FOREIGN KEY (`user_id`) REFERENCES `admin` (`AdminId`)
) ENGINE=InnoDB AUTO_INCREMENT=51 DEFAULT CHARSET=utf8mb3;
/*!40101 SET character_set_client = @saved_cs_client */;

--
-- Dumping data for table `tbl_user_role_prev`
--

LOCK TABLES `tbl_user_role_prev` WRITE;
/*!40000 ALTER TABLE `tbl_user_role_prev` DISABLE KEYS */;
INSERT INTO `tbl_user_role_prev` VALUES (11,1,2),(30,8,6),(32,11,14),(33,13,1),(35,1,15),(36,1,16),(37,2,17),(38,8,18),(39,2,19),(40,1,20),(41,7,21),(42,1,22),(44,1,25),(48,7,31),(49,7,12),(50,2,32);
/*!40000 ALTER TABLE `tbl_user_role_prev` ENABLE KEYS */;
UNLOCK TABLES;

--
-- Table structure for table `tbl_user_rte`
--

DROP TABLE IF EXISTS `tbl_user_rte`;
/*!40101 SET @saved_cs_client     = @@character_set_client */;
/*!50503 SET character_set_client = utf8 */;
CREATE TABLE `tbl_user_rte` (
  `user_rte_id` int NOT NULL AUTO_INCREMENT,
  `rtemid` int NOT NULL,
  `user_id` int NOT NULL,
  PRIMARY KEY (`user_rte_id`),
  KEY `fk_user_rte_user` (`user_id`),
  KEY `fk_user_rte_rte` (`rtemid`),
  CONSTRAINT `fk_user_rte_rte` FOREIGN KEY (`rtemid`) REFERENCES `reply_to_emails` (`rtemid`),
  CONSTRAINT `fk_user_rte_user` FOREIGN KEY (`user_id`) REFERENCES `admin` (`AdminId`)
) ENGINE=InnoDB AUTO_INCREMENT=15 DEFAULT CHARSET=utf8mb3;
/*!40101 SET character_set_client = @saved_cs_client */;

--
-- Dumping data for table `tbl_user_rte`
--

LOCK TABLES `tbl_user_rte` WRITE;
/*!40000 ALTER TABLE `tbl_user_rte` DISABLE KEYS */;
INSERT INTO `tbl_user_rte` VALUES (8,21,1),(9,26,1),(10,11,1),(11,9,1),(12,43,31),(13,11,12),(14,21,12);
/*!40000 ALTER TABLE `tbl_user_rte` ENABLE KEYS */;
UNLOCK TABLES;

--
-- Table structure for table `unsubscriber`
--

DROP TABLE IF EXISTS `unsubscriber`;
/*!40101 SET @saved_cs_client     = @@character_set_client */;
/*!50503 SET character_set_client = utf8 */;
CREATE TABLE `unsubscriber` (
  `UnsubscribeID` int NOT NULL AUTO_INCREMENT,
  `FirstName` varchar(255) DEFAULT NULL,
  `LastName` varchar(255) DEFAULT NULL,
  `UnsubscriberEmail` varchar(255) NOT NULL,
  `AdminId` int NOT NULL,
  `CampID` int DEFAULT NULL,
  `Type` varchar(20) NOT NULL,
  `Category` varchar(50) NOT NULL,
  `Status` varchar(100) NOT NULL DEFAULT 'Enabled',
  `UnsubscribeDateTime` datetime DEFAULT CURRENT_TIMESTAMP,
  `internal_add_date` datetime DEFAULT NULL,
  `external_add_date` datetime DEFAULT NULL,
  PRIMARY KEY (`UnsubscribeID`)
) ENGINE=InnoDB AUTO_INCREMENT=2855 DEFAULT CHARSET=utf8mb3;
/*!40101 SET character_set_client = @saved_cs_client */;

--
-- Dumping data for table `unsubscriber`
--

LOCK TABLES `unsubscriber` WRITE;
/*!40000 ALTER TABLE `unsubscriber` DISABLE KEYS */;
INSERT INTO `unsubscriber` VALUES (2,NULL,NULL,'andrew.lewis@fda.hhs.gov',0,0,'','','Enabled',NULL,NULL,NULL),(3,NULL,NULL,'nabilsemmar5@gmail.com',0,0,'','','Enabled',NULL,NULL,NULL),(4,NULL,NULL,'qlyywhc@163.com',0,0,'','','Enabled',NULL,NULL,NULL),(5,NULL,NULL,'merinbabu78@gmail.com',0,0,'','','Enabled',NULL,NULL,NULL),(6,NULL,NULL,'syedbabar.jamal@gmail.com',0,0,'','','Enabled',NULL,NULL,NULL),(7,NULL,NULL,'jlomb068@uottawa.ca',0,0,'','','Enabled',NULL,NULL,NULL),(8,NULL,NULL,'andrzej.gunther@zut.edu.pl',0,0,'','','Enabled',NULL,NULL,NULL),(9,NULL,NULL,'mthuo@iastate.edu',0,0,'','','Enabled',NULL,NULL,NULL),(10,NULL,NULL,'tarakawa2@aol.com',0,0,'','','Enabled',NULL,NULL,NULL),(11,NULL,NULL,'t.akuta@kyokutoseiyaku.co.jp',0,0,'','','Enabled',NULL,NULL,NULL),(12,NULL,NULL,'tarakawa2@aol.com',0,0,'','','Enabled',NULL,NULL,NULL),(13,NULL,NULL,'carmela.arena@unime.it',0,0,'','','Enabled',NULL,NULL,NULL),(14,NULL,NULL,'mehedicuhk@gmail.com',0,0,'','','Enabled',NULL,NULL,NULL),(15,NULL,NULL,'gkr@haut.edu.cn',0,0,'','','Enabled',NULL,NULL,NULL),(16,NULL,NULL,'karel.nesmerak@natur.cuni.cz',0,0,'','','Enabled',NULL,NULL,NULL),(17,NULL,NULL,'sarmisthabasak@hotmail.com',0,0,'','','Enabled',NULL,NULL,NULL),(18,NULL,NULL,'monakamel116@yahoo.com',0,0,'','','Enabled',NULL,NULL,NULL),(19,NULL,NULL,'nsekeroglu@gmail.com',0,0,'','','Enabled',NULL,NULL,NULL),(20,NULL,NULL,'kato.hisashi@kagawa-u.ac.jp',0,0,'','','Enabled',NULL,NULL,NULL),(21,NULL,NULL,'vinaymalik123@gmail.com',0,0,'','','Enabled',NULL,NULL,NULL),(22,NULL,NULL,'wangdy@hainanu.edu.cn',0,0,'','','Enabled',NULL,NULL,NULL),(23,NULL,NULL,'tarakawa2@aol.com',0,0,'','','Enabled',NULL,NULL,NULL),(24,NULL,NULL,'mrubin@ku.edu',0,0,'','','Enabled',NULL,NULL,NULL),(25,NULL,NULL,'diptesh.sil@gmail.com',0,0,'','','Enabled',NULL,NULL,NULL),(26,NULL,NULL,'dag.kvale@medisin.uio.no',0,0,'','','Enabled',NULL,NULL,NULL),(27,NULL,NULL,'h.worth@unsw.edu.au',0,0,'','','Enabled',NULL,NULL,NULL),(28,NULL,NULL,'plumety@quim.ucm.es',0,0,'','','Enabled',NULL,NULL,NULL),(29,NULL,NULL,'yacov.kaufman@gmail.com',0,0,'','','Enabled',NULL,NULL,NULL),(30,NULL,NULL,'michael.oelgemoeller@jcu.edu.au',0,0,'','','Enabled',NULL,NULL,NULL),(31,NULL,NULL,'olivier.dangles@univ-avignon.fr',0,0,'','','Enabled',NULL,NULL,NULL),(32,NULL,NULL,'lucio.pellacani@uniroma1.it',0,0,'','','Enabled',NULL,NULL,NULL),(33,NULL,NULL,'matthias.hamburger@unibas.ch',0,0,'','','Enabled',NULL,NULL,NULL),(237,NULL,NULL,'info@bio-fuels.net',0,0,'','','Enabled',NULL,NULL,NULL),(537,'E.','Castilla-Ortega','estela.castilla@ibima.eu',0,0,'','','Enabled',NULL,NULL,NULL),(538,'Giulia','Accardi','giulia.accardi@unipa.it',0,0,'','','Enabled',NULL,NULL,NULL),(539,'Randolph  R.J.','Arroo','rrjarroo@dmu.ac.uk',0,0,'','','Enabled',NULL,NULL,NULL),(540,'Hirokazu','Oyamada','oyamada.hirokazu@jp.panasonic.com',0,0,'','','Enabled',NULL,NULL,NULL),(541,'Marcelo','Fridlender','fmarcelo@bezeqint.net',0,0,'','','Enabled',NULL,NULL,NULL),(542,'Ana  B.','','moratino@unex.es',0,0,'','','Enabled',NULL,NULL,NULL),(543,'Francisco','','francisco.estevez@ulpgc.es',0,0,'','','Enabled',NULL,NULL,NULL),(544,'Akira','Okamoto','a.okamoto@sunnyhealth.co.jp',0,0,'','','Enabled',NULL,NULL,NULL),(545,'','Cervantes','andres.cervantes@uv.es',0,0,'','','Enabled',NULL,NULL,NULL),(546,'','','j.santiago.ibanez@uv.es',0,0,'','','Enabled',NULL,NULL,NULL),(547,'','','amartimon@correo.ugr.es',0,0,'','','Enabled',NULL,NULL,NULL),(548,'','Bastida','jmbastida@saludcastillayleon.es',0,0,'','','Enabled',NULL,NULL,NULL),(549,'Consuelo','','m.consuelo.chafer@uv.es',0,0,'','','Enabled',NULL,NULL,NULL),(550,'P.','Sampedro-Piquero','patricia.sampedro@uam.es',0,0,'','','Enabled',NULL,NULL,NULL),(551,'','','jsanchezq@santpau.cat',0,0,'','','Enabled',NULL,NULL,NULL),(552,'','Esteban-Parra','gmesteban@ugr.es',0,0,'','','Enabled',NULL,NULL,NULL),(553,'','Esteban-Parra','gmesteban@ugr.es',0,0,'','','Enabled',NULL,NULL,NULL),(554,'Sandra  M.','','smmartin@ugr.es',0,0,'','','Enabled',NULL,NULL,NULL),(555,'Lourdes','Fernandez-Lopez','louferna@ull.es',0,0,'','','Enabled',NULL,NULL,NULL),(556,'Atsuhiro','Hirata','hirata.atsuhiro001@jp.panasonic.com',0,0,'','','Enabled',NULL,NULL,NULL),(557,'Norihiro','Matsuoka','kyotomatsu@hotmail.com',0,0,'','','Enabled',NULL,NULL,NULL),(558,'','Philippe','Philippe.Clement-Lacroix@glpg.com',0,0,'','','Enabled',NULL,NULL,NULL),(559,'Dearbhaile C.','Collins','Dearbhaile.Collins@icr.ac.uk',0,0,'','','Enabled',NULL,NULL,NULL),(560,'Sherry','Freiesleben','sherry.freiesleben@uni-rostock.de',0,0,'','','Enabled',NULL,NULL,NULL),(561,'Miguel  D.','Ferrer','miguel-david.ferrer@uib.es',0,0,'','','Enabled',NULL,NULL,NULL),(562,'Ma?gorzata','Gizi?ska','mbondaryk@pzh.gov.pl',0,0,'','','Enabled',NULL,NULL,NULL),(563,'Olga','Sim&amp;#243;-Servat','olga.simo@vhir.org',0,0,'','','Enabled',NULL,NULL,NULL),(564,'Ma?gorzata','Gizi?ska','mbondaryk@pzh.gov.pl',0,0,'','','Enabled',NULL,NULL,NULL),(565,'Miguel  D.','Ferrer','miguel-david.ferrer@uib.es',0,0,'','','Enabled',NULL,NULL,NULL),(566,'Vasso','Apostolopoulos','vasso.apostolopoulos@vu.edu.au',0,0,'','','Enabled',NULL,NULL,NULL),(567,'Jinfang','Zhang','zhangjf06@cuhk.edu.hk',0,0,'','','Enabled',NULL,NULL,NULL),(568,'Rocio','Rodriguez Gomez','rrguezgom@ugr.es',0,0,'','','Enabled',NULL,NULL,NULL),(569,'Rocio','Rodriguez Gomez','rrguezgom@ugr.es',0,0,'','','Enabled',NULL,NULL,NULL),(570,'','','j.santiago.ibanez@uv.es',0,0,'','','Enabled',NULL,NULL,NULL),(571,'Stavros','Konstantinides','stavros.konstantinides@unimedizin-mainz.de',0,0,'','','Enabled',NULL,NULL,NULL),(572,'Chit','Tam','1155059540@link.cuhk.edu.hk',0,0,'','','Enabled',NULL,NULL,NULL),(573,'Stavros','Konstantinides','stavros.konstantinides@unimedizin-mainz.de',0,0,'','','Enabled',NULL,NULL,NULL),(574,'Javier  Benitez','del Castillo','javier.benitezdelcastillo@uca.es',0,0,'','','Enabled',NULL,NULL,NULL),(575,'Paula','Garc&amp;#237;a-Oliveira','paula.garcia.oliveira@uvigo.es',0,0,'','','Enabled',NULL,NULL,NULL),(576,'Antia  G.','Pereira','antia.gonzalez.pereira@uvigo.es',0,0,'','','Enabled',NULL,NULL,NULL),(577,'Paula','Garc&amp;#237;a-Oliveira','paula.garcia.oliveira@uvigo.es',0,0,'','','Enabled',NULL,NULL,NULL),(578,'Javier  Benitez','del Castillo','javier.benitezdelcastillo@uca.es',0,0,'','','Enabled',NULL,NULL,NULL),(579,'Antia  G.','Pereira','antia.gonzalez.pereira@uvigo.es',0,0,'','','Enabled',NULL,NULL,NULL),(580,'Manuel','Henry-Benitez','manhenry@ull.es',0,0,'','','Enabled',NULL,NULL,NULL),(581,'Eugene  D.','Ponomarev','eponomarev@cuhk.edu.hk',0,0,'','','Enabled',NULL,NULL,NULL),(582,'Soumaya','Ben-Aicha','Sbenahicha@santpau.cat',0,0,'','','Enabled',NULL,NULL,NULL),(583,'Soumaya','Ben-Aicha','Sbenahicha@santpau.cat',0,0,'','','Enabled',NULL,NULL,NULL),(584,'Cristina','','cristina.galiana@uv.es',0,0,'','','Enabled',NULL,NULL,NULL),(585,'Juan  V.','Esplugues','juan.v.esplugues@uv.es',0,0,'','','Enabled',NULL,NULL,NULL),(586,'','','jsanchezq@santpau.cat',0,0,'','','Enabled',NULL,NULL,NULL),(587,'','','amartimon@correo.ugr.es',0,0,'','','Enabled',NULL,NULL,NULL),(588,'','','mjgonzalez@ioba.med.uva.es',0,0,'','','Enabled',NULL,NULL,NULL),(589,'','','mjgonzalez@ioba.med.uva.es',0,0,'','','Enabled',NULL,NULL,NULL),(590,'Francesc','Teixidor','teixidor@icmab.es',0,0,'','','Enabled',NULL,NULL,NULL),(591,'Raquel','Diez-Bello','raqueldiez@unex.es',0,0,'','','Enabled',NULL,NULL,NULL),(592,'Raquel','Diez-Bello','raqueldiez@unex.es',0,0,'','','Enabled',NULL,NULL,NULL),(593,'Hisashi','Katsuragi','h.katsuragi@sunnyhealth.co.jp',0,0,'','','Enabled',NULL,NULL,NULL),(594,'Steve','Chik Fun Au-Yeung','scfau-yeung@cuhk.edu.hk',0,0,'','','Enabled',NULL,NULL,NULL),(595,'Noemi','Rueda','noemi.rueda@unican.es',0,0,'','','Enabled',NULL,NULL,NULL),(596,'Noemi','Rueda','noemi.rueda@unican.es',0,0,'','','Enabled',NULL,NULL,NULL),(597,'Ignasi','Barba','ignasi.barba@vhir.org',0,0,'','','Enabled',NULL,NULL,NULL),(598,'Antonio','Franconetti','afranconetti@us.es',0,0,'','','Enabled',NULL,NULL,NULL),(599,'Ana','Isabel Matesanz Garcia','ana.matesanz@uam.es',0,0,'','','Enabled',NULL,NULL,NULL),(600,'Antonio','Franconetti','afranconetti@us.es',0,0,'','','Enabled',NULL,NULL,NULL),(601,'Judith','','juditagarcia@correo.ugr.es',0,0,'','','Enabled',NULL,NULL,NULL),(602,'Judith','','juditagarcia@correo.ugr.es',0,0,'','','Enabled',NULL,NULL,NULL),(603,'Ignasi','Barba','ignasi.barba@vhir.org',0,0,'','','Enabled',NULL,NULL,NULL),(604,'Ana','Isabel Matesanz Garcia','ana.matesanz@uam.es',0,0,'','','Enabled',NULL,NULL,NULL),(605,'Marta','Castro','marta.castro@unizar.es',0,0,'','','Enabled',NULL,NULL,NULL),(606,'Marta','Castro','marta.castro@unizar.es',0,0,'','','Enabled',NULL,NULL,NULL),(607,'Vijay Kumar','Mishra','Vijay.Mishra@vu.edu.au',0,0,'','','Enabled',NULL,NULL,NULL),(608,'Alberto','','albertolopezr@ioba.med.uva.es',0,0,'','','Enabled',NULL,NULL,NULL),(609,'Alberto','','albertolopezr@ioba.med.uva.es',0,0,'','','Enabled',NULL,NULL,NULL),(610,'David','Moranta','david.moranta@uib.es',0,0,'','','Enabled',NULL,NULL,NULL),(611,'David','Moranta','david.moranta@uib.es',0,0,'','','Enabled',NULL,NULL,NULL),(612,'Letizia','Albarran','letiziaalbalo@unex.es',0,0,'','','Enabled',NULL,NULL,NULL),(613,'Jan','Pokorny','jan.pokorny@upol.cz',0,0,'','','Enabled',NULL,NULL,NULL),(614,'Nicola  E.','Wilsher','nicola.wilsher@icr.ac.uk',0,0,'','','Enabled',NULL,NULL,NULL),(615,'I.','Guinobert','i.guinobert@pileje.com',0,0,'','','Enabled',NULL,NULL,NULL),(616,'Makiko','Miyashita','m.miyashita_s3h@sunnyhealth.co.jp',0,0,'','','Enabled',NULL,NULL,NULL),(617,'M. R.','Ramis','margarita.ramis@uib.es',0,0,'','','Enabled',NULL,NULL,NULL),(618,'Fiorella','Sarubbo','fiorella.sarubbo@uib.es',0,0,'','','Enabled',NULL,NULL,NULL),(619,'Carmen','Martinez-Cue','carmen.martinez-cue@unican.es',0,0,'','','Enabled',NULL,NULL,NULL),(620,'Cristina','','cristina.hernandez@vhir.org',0,0,'','','Enabled',NULL,NULL,NULL),(621,'Cristina','','cristina.hernandez@vhir.org',0,0,'','','Enabled',NULL,NULL,NULL),(622,'Carmen','Martinez-Cue','carmen.martinez-cue@unican.es',0,0,'','','Enabled',NULL,NULL,NULL),(623,'Esperanza','Carazo','ecarazogil@ugr.es',0,0,'','','Enabled',NULL,NULL,NULL),(624,'Adrian','Shephard','Adrian.Shephard@rb.com',0,0,'','','Enabled',NULL,NULL,NULL),(625,'Jose  M.','Vila','vila@uv.es',0,0,'','','Enabled',NULL,NULL,NULL),(626,'Jose  M.','Vila','vila@uv.es',0,0,'','','Enabled',NULL,NULL,NULL),(627,'Olga','Garcia-Martinez','ogm@ugr.es',0,0,'','','Enabled',NULL,NULL,NULL),(628,'Anna','Roig','roig@icmab.es',0,0,'','','Enabled',NULL,NULL,NULL),(629,'Anna','Roig','roig@icmab.es',0,0,'','','Enabled',NULL,NULL,NULL),(630,'Olga','Garcia-Martinez','ogm@ugr.es',0,0,'','','Enabled',NULL,NULL,NULL),(631,'Mingxia','Wu','miawu@link.cuhk.edu.hk',0,0,'','','Enabled',NULL,NULL,NULL),(632,'Kenia  Pedrosa','Nunes','knunes@fit.edu',0,0,'','','Enabled',NULL,NULL,NULL),(633,'Kenia  Pedrosa','Nunes','knunes@fit.edu',0,0,'','','Enabled',NULL,NULL,NULL),(634,'Irene','Anton-Sales','ianton@icmab.es',0,0,'','','Enabled',NULL,NULL,NULL),(635,'Irene','Anton-Sales','ianton@icmab.es',0,0,'','','Enabled',NULL,NULL,NULL),(636,'F. Javier','Arias','arias@bioforge.uva.es',0,0,'','','Enabled',NULL,NULL,NULL),(637,'F. Javier','Arias','arias@bioforge.uva.es',0,0,'','','Enabled',NULL,NULL,NULL),(638,'Nobuo','Suzuki','nobuos@staff.kanazawa-u.ac.jp',0,0,'','','Enabled',NULL,NULL,NULL),(639,'Jodi L.','Smith','jsmith@goodmancampbell.com',0,0,'','','Enabled',NULL,NULL,NULL),(640,'Jodi L.','Smith','jsmith@goodmancampbell.com',0,0,'','','Enabled',NULL,NULL,NULL),(641,'Elisa','Sanchez-Morate','eisanes@alumni.uv.es',0,0,'','','Enabled',NULL,NULL,NULL),(642,'Isabel','','igalvez@unex.es',0,0,'','','Enabled',NULL,NULL,NULL),(643,'Isabel','','igalvez@unex.es',0,0,'','','Enabled',NULL,NULL,NULL),(644,'Jorge','Sanz-Ros','sanzros@alumni.uv.es',0,0,'','','Enabled',NULL,NULL,NULL),(645,'Jorge','Sanz-Ros','sanzros@alumni.uv.es',0,0,'','','Enabled',NULL,NULL,NULL),(646,'Lucia','Melguizo-Rodriguez','luciamr@ugr.es',0,0,'','','Enabled',NULL,NULL,NULL),(647,'Maria D.','Hinchado','mhinsan@unex.es',0,0,'','','Enabled',NULL,NULL,NULL),(648,'Silvia','Torres-Piles','storres@unex.es',0,0,'','','Enabled',NULL,NULL,NULL),(649,'Silvia','Torres-Piles','storres@unex.es',0,0,'','','Enabled',NULL,NULL,NULL),(650,'Lucia','Melguizo-Rodriguez','luciamr@ugr.es',0,0,'','','Enabled',NULL,NULL,NULL),(651,'Maria D.','Hinchado','mhinsan@unex.es',0,0,'','','Enabled',NULL,NULL,NULL),(652,'Grace  Gar-Lee','Yue','graceyue@cuhk.edu.hk',0,0,'','','Enabled',NULL,NULL,NULL),(653,'Jorge','Guerrero','jorguerr@unex.es',0,0,'','','Enabled',NULL,NULL,NULL),(654,'','Velazquez-Campoy','adrianvc@unizar.es',0,0,'','','Enabled',NULL,NULL,NULL),(655,'','Escribano','am1esdub@uco.es',0,0,'','','Enabled',NULL,NULL,NULL),(656,'Jorge','Guerrero','jorguerr@unex.es',0,0,'','','Enabled',NULL,NULL,NULL),(657,'','Velazquez-Campoy','adrianvc@unizar.es',0,0,'','','Enabled',NULL,NULL,NULL),(658,'','Escribano','am1esdub@uco.es',0,0,'','','Enabled',NULL,NULL,NULL),(659,'','','sc3gipoa@uco.es',0,0,'','','Enabled',NULL,NULL,NULL),(660,'','','sc3gipoa@uco.es',0,0,'','','Enabled',NULL,NULL,NULL),(661,'Rebeca','Illescas-Montes','rebecaim@ugr.es',0,0,'','','Enabled',NULL,NULL,NULL),(662,'Maria-Trinidad','Herrero','mtherrer@um.es',0,0,'','','Enabled',NULL,NULL,NULL),(663,'Maria-Trinidad','Herrero','mtherrer@um.es',0,0,'','','Enabled',NULL,NULL,NULL),(664,'Rebeca','Illescas-Montes','rebecaim@ugr.es',0,0,'','','Enabled',NULL,NULL,NULL),(665,'Yasuhide','Kitagawa','yasukita@med.kanazawa-u.ac.jp',0,0,'','','Enabled',NULL,NULL,NULL),(666,'Pilar','Torralbo-Jimenez','ptorralbo@unex.es',0,0,'','','Enabled',NULL,NULL,NULL),(667,'Pilar','Torralbo-Jimenez','ptorralbo@unex.es',0,0,'','','Enabled',NULL,NULL,NULL),(668,'Christy  W.S.','Tong','christytong@link.cuhk.edu.hk',0,0,'','','Enabled',NULL,NULL,NULL),(669,'Ana','Queralt','ana.queralt@uv.es',0,0,'','','Enabled',NULL,NULL,NULL),(670,'','','ivan.julian@uv.es',0,0,'','','Enabled',NULL,NULL,NULL),(671,'','','ivan.julian@uv.es',0,0,'','','Enabled',NULL,NULL,NULL),(672,'Ana','Queralt','ana.queralt@uv.es',0,0,'','','Enabled',NULL,NULL,NULL),(673,'Cristina','Mas-Bargues','cristina.mas@uv.es',0,0,'','','Enabled',NULL,NULL,NULL),(674,'Aurora','','aurora.roman@ext.uv.es',0,0,'','','Enabled',NULL,NULL,NULL),(675,'Aurora','','aurora.roman@ext.uv.es',0,0,'','','Enabled',NULL,NULL,NULL),(676,'Adrian','Jorda','adrian.jorda@uv.es',0,0,'','','Enabled',NULL,NULL,NULL),(677,'Lukas','Smolej','lukas.smolej@fnhk.cz',0,0,'','','Enabled',NULL,NULL,NULL),(678,'Pilar','E. Asensio','pilar.eroles@uv.es',0,0,'','','Enabled',NULL,NULL,NULL),(679,'Gloria','Olaso','gloria.olaso@uv.es',0,0,'','','Enabled',NULL,NULL,NULL),(680,'Marta','','marta.ingles@uv.es',0,0,'','','Enabled',NULL,NULL,NULL),(681,'Lucia','Gimeno-Mallench','lucia.gimeno@uv.es',0,0,'','','Enabled',NULL,NULL,NULL),(682,'Lucia','Gimeno-Mallench','lucia.gimeno@uv.es',0,0,'','','Enabled',NULL,NULL,NULL),(683,'Gloria','Olaso','gloria.olaso@uv.es',0,0,'','','Enabled',NULL,NULL,NULL),(684,'Marta','','marta.ingles@uv.es',0,0,'','','Enabled',NULL,NULL,NULL),(685,'Emma','','emma.polonio@udg.edu',0,0,'','','Enabled',NULL,NULL,NULL),(686,'Juanita S.','Lopez','Juanita.lopez@icr.ac.uk',0,0,'','','Enabled',NULL,NULL,NULL),(687,'Antonio','Iradi','antonio.iradi@uv.es',0,0,'','','Enabled',NULL,NULL,NULL),(688,'Antonio','Iradi','antonio.iradi@uv.es',0,0,'','','Enabled',NULL,NULL,NULL),(689,'Isabel','Trapero','Isabel.Trapero@uv.es',0,0,'','','Enabled',NULL,NULL,NULL),(690,'Isabel','Trapero','Isabel.Trapero@uv.es',0,0,'','','Enabled',NULL,NULL,NULL),(691,'Martin','Aldasoro','martin.aldasoro@uv.es',0,0,'','','Enabled',NULL,NULL,NULL),(692,'Martin','Aldasoro','martin.aldasoro@uv.es',0,0,'','','Enabled',NULL,NULL,NULL),(693,'Frantisek','Saudek','frantisek.saudek@ikem.cz',0,0,'','','Enabled',NULL,NULL,NULL),(694,'Alvaro','Gutierrez-Ibanez','alvarogutierrezi@correo.ugr.es',0,0,'','','Enabled',NULL,NULL,NULL),(695,'Alvaro','Gutierrez-Ibanez','alvarogutierrezi@correo.ugr.es',0,0,'','','Enabled',NULL,NULL,NULL),(696,'Emmanuel','Navarro-Flores','emmanuel.navarro@uv.es',0,0,'','','Enabled',NULL,NULL,NULL),(697,'Emmanuel','Navarro-Flores','emmanuel.navarro@uv.es',0,0,'','','Enabled',NULL,NULL,NULL),(698,'Cristina','Buigues','cristina.buigues@uv.es',0,0,'','','Enabled',NULL,NULL,NULL),(699,'Cristina','Buigues','cristina.buigues@uv.es',0,0,'','','Enabled',NULL,NULL,NULL),(700,'Juan','Campos-Campos','juan.campos-campos@uv.es',0,0,'','','Enabled',NULL,NULL,NULL),(701,'Maria  Isabel','','M.Isabel.Martinez@uv.es',0,0,'','','Enabled',NULL,NULL,NULL),(702,'Maria  Isabel','','M.Isabel.Martinez@uv.es',0,0,'','','Enabled',NULL,NULL,NULL),(703,'Juan','Campos-Campos','juan.campos-campos@uv.es',0,0,'','','Enabled',NULL,NULL,NULL),(704,'Maxime','Chenard-Poirier','Maxime.Chenard-Poirier@icr.ac.uk',0,0,'','','Enabled',NULL,NULL,NULL),(705,'Ivan','Netuka','ivne@medicon.cz',0,0,'','','Enabled',NULL,NULL,NULL),(706,'Francisco  Miguel','Martinez-Arnau','francisco.m.martinez@uv.es',0,0,'','','Enabled',NULL,NULL,NULL),(707,'Julio J.','Ochoa','jjoh@ugr.es',0,0,'','','Enabled',NULL,NULL,NULL),(708,'Francisco  Miguel','Martinez-Arnau','francisco.m.martinez@uv.es',0,0,'','','Enabled',NULL,NULL,NULL),(709,'Antonio','Martinez-Sabater','Antonio.Martinez-Sabater@uv.es',0,0,'','','Enabled',NULL,NULL,NULL),(710,'Miguel Angel','Sanz','msanz@uv.es',0,0,'','','Enabled',NULL,NULL,NULL),(711,'Salvador  F.','Alino','alino@uv.es',0,0,'','','Enabled',NULL,NULL,NULL),(712,'Julio J.','Ochoa','jjoh@ugr.es',0,0,'','','Enabled',NULL,NULL,NULL),(713,'Antonio','Martinez-Sabater','Antonio.Martinez-Sabater@uv.es',0,0,'','','Enabled',NULL,NULL,NULL),(714,'Salvador  F.','Alino','alino@uv.es',0,0,'','','Enabled',NULL,NULL,NULL),(715,'Miguel Angel','Sanz','msanz@uv.es',0,0,'','','Enabled',NULL,NULL,NULL),(716,'J.  George','Zhang','zhangjg@corning.com',0,0,'','','Enabled',NULL,NULL,NULL),(717,'Antonio','Lopez-Beltran','em1lobea@uco.es',0,0,'','','Enabled',NULL,NULL,NULL),(718,'Antonio','Lopez-Beltran','em1lobea@uco.es',0,0,'','','Enabled',NULL,NULL,NULL),(719,'Tsutomu','Fujiwara','fujiwaratu@otsuka.jp',0,0,'','','Enabled',NULL,NULL,NULL),(720,'Masayuki','Matsunaga','matsunagam@otsuka.jp',0,0,'','','Enabled',NULL,NULL,NULL),(721,'Kazuki','Santa','kazuki-santa@umin.ac.jp',0,0,'','','Enabled',NULL,NULL,NULL),(722,'Kazuki','Santa','kazuki-santa@umin.ac.jp',0,0,'','','Enabled',NULL,NULL,NULL),(723,'Kazuki','Santa','kazuki-santa@umin.ac.jp',0,0,'','','Enabled',NULL,NULL,NULL),(724,'Masaki','Tanaka','Tanaka.Masaki@otsuka.jp',0,0,'','','Enabled',NULL,NULL,NULL),(725,'Takehisa','Matsumaru','Matsumaru.Takehisa@otsuka.jp',0,0,'','','Enabled',NULL,NULL,NULL),(726,'Benesh  Munilal','Somai','benesh.somai@nmmu.ac.za',0,0,'','','Enabled',NULL,NULL,NULL),(727,'Vuyokazi','Belewa','s205041591@mandela.ac.za',0,0,'','','Enabled',NULL,NULL,NULL),(728,'Vuyokazi','Belewa','s205041591@mandela.ac.za',0,0,'','','Enabled',NULL,NULL,NULL),(729,'A.M.','Gutirrez','ftecles@um.es',0,0,'','','Enabled',NULL,NULL,NULL),(730,'A.M.','Gutirrez','ftecles@um.es',0,0,'','','Enabled',NULL,NULL,NULL),(731,'N.','Castro','ncastro@dpat.ulpgc.es',0,0,'','','Enabled',NULL,NULL,NULL),(732,'J.L.','Neira','jlneira@umh.es',0,0,'','','Enabled',NULL,NULL,NULL),(733,'D.M.','Livermore','david.livermore@hpa.org.uk',0,0,'','','Enabled',NULL,NULL,NULL),(734,'E.J.','Van Damme','elsjm.vandamme@ugent.be',0,0,'','','Enabled',NULL,NULL,NULL),(735,'R.','Beyaert','rudi.beyaert@dmbr.vib-UGent.be',0,0,'','','Enabled',NULL,NULL,NULL),(736,'S.','Monika','mstaniszewska@pzh.gov.pl',0,0,'','','Enabled',NULL,NULL,NULL),(737,'M.','Teijeira','qomaca@uvigo.es',0,0,'','','Enabled',NULL,NULL,NULL),(738,'M.','Teijeira','qomaca@uvigo.es',0,0,'','','Enabled',NULL,NULL,NULL),(739,'S.','Monika','mstaniszewska@pzh.gov.pl',0,0,'','','Enabled',NULL,NULL,NULL),(740,'P.','','pablo.gavina@uv.es',0,0,'','','Enabled',NULL,NULL,NULL),(741,'P.','Merino','pmerino@posta.unizar.es',0,0,'','','Enabled',NULL,NULL,NULL),(742,'P.','','pablo.gavina@uv.es',0,0,'','','Enabled',NULL,NULL,NULL),(743,'A.G.H.','Wee','andrew.wee@uregina.ca',0,0,'','','Enabled',NULL,NULL,NULL),(744,'P.','Merino','pmerino@posta.unizar.es',0,0,'','','Enabled',NULL,NULL,NULL),(745,'Natalia','Forbot','n_forbot@umk.pl',0,0,'','','Enabled',NULL,NULL,NULL),(746,'Natalia','Forbot','n_forbot@umk.pl',0,0,'','','Enabled',NULL,NULL,NULL),(747,'E.H.','Egelman','egelman@virginia.edu',0,0,'','','Enabled',NULL,NULL,NULL),(748,'N.','Castro','ncastro@dpat.ulpgc.es',0,0,'','','Enabled',NULL,NULL,NULL),(749,NULL,NULL,'kazemy@tafreshu.ac.ir',0,0,'','','Enabled',NULL,NULL,NULL),(750,NULL,NULL,'sjavaid_29ku@yahoo.co.in',0,0,'','','Enabled',NULL,NULL,NULL),(751,NULL,NULL,'bruiossa@unina.it',0,0,'','','Enabled',NULL,NULL,NULL),(752,NULL,NULL,'abdulwaheed168@gmail.com',0,0,'','','Enabled',NULL,NULL,NULL),(753,NULL,NULL,'Vijaya.kumar@vit.ac.in',0,0,'','','Enabled',NULL,NULL,NULL),(754,NULL,NULL,'mustafa_mq87@yahoo.com',0,0,'','','Enabled',NULL,NULL,NULL),(755,NULL,NULL,'mark.shortis@rmit.edu.au',0,0,'','','Enabled',NULL,NULL,NULL),(756,NULL,NULL,'charmi.mostafa@znu.ac.ir',0,0,'','','Enabled',NULL,NULL,NULL),(757,NULL,NULL,'jlevin@stfx.ca',0,0,'','','Enabled',NULL,NULL,NULL),(758,NULL,NULL,'drshaylikachauhan@gmail.com',0,0,'','','Enabled',NULL,NULL,NULL),(759,NULL,NULL,'zbouyang@126.com',0,0,'','','Enabled',NULL,NULL,NULL),(760,NULL,NULL,'Majia@asu.edu',0,0,'','','Enabled',NULL,NULL,NULL),(761,NULL,NULL,'zh.amini@alzahra.ac.ir',0,0,'','','Enabled',NULL,NULL,NULL),(762,NULL,NULL,'ramanysv@hotmail.com',0,0,'','','Enabled',NULL,NULL,NULL),(763,NULL,NULL,'Lynn.Holland@du.edu',0,0,'','','Enabled',NULL,NULL,NULL),(764,NULL,NULL,'hsaa8383@gmail.com',0,0,'','','Enabled',NULL,NULL,NULL),(765,NULL,NULL,'xiaogang_liu@sutd.edu.sg',0,0,'','','Enabled',NULL,NULL,NULL),(766,NULL,NULL,'borblik@isp.kiev.ua',0,0,'','','Enabled',NULL,NULL,NULL),(767,NULL,NULL,'pagreen@umich.edu',0,0,'','','Enabled',NULL,NULL,NULL),(768,NULL,NULL,'eandersn@umich.edu',0,0,'','','Enabled',NULL,NULL,NULL),(769,NULL,NULL,'tsebelis@umich.edu',0,0,'','','Enabled',NULL,NULL,NULL),(770,NULL,NULL,'howard.schweber@wisc.edu',0,0,'','','Enabled',NULL,NULL,NULL),(771,NULL,NULL,'dpk24@cornell.edu',0,0,'','','Enabled',NULL,NULL,NULL),(772,NULL,NULL,'massimo.florio@unimi.it',0,0,'','','Enabled',NULL,NULL,NULL),(773,NULL,NULL,'rswisa@univ.haifa.ac.il',0,0,'','','Enabled',NULL,NULL,NULL),(774,NULL,NULL,'claude@math.stonybrook.edu',0,0,'','','Enabled',NULL,NULL,NULL),(775,NULL,NULL,'david@cpnn-world.org',0,0,'','','Enabled',NULL,NULL,NULL),(776,NULL,NULL,'myesilirmak@ada.edu.az',0,0,'','','Enabled',NULL,NULL,NULL),(777,NULL,NULL,'arild.underdal@cicero.uio.no',0,0,'','','Enabled',NULL,NULL,NULL),(778,NULL,NULL,'paul_warwick@sfu.ca',0,0,'','','Enabled',NULL,NULL,NULL),(779,NULL,NULL,'peter.g.arnold@googlemail.com',0,0,'','','Enabled',NULL,NULL,NULL),(780,NULL,NULL,'y_sedaghat@ferdowsi.um.ac.ir',0,0,'','','Enabled',NULL,NULL,NULL),(781,NULL,NULL,'donald.stoker@gmail.com',0,0,'','','Enabled',NULL,NULL,NULL),(782,NULL,NULL,'swilson@sewanee.edu',0,0,'','','Enabled',NULL,NULL,NULL),(783,NULL,NULL,'giulia.sonetti@polito.it',0,0,'','','Enabled',NULL,NULL,NULL),(784,NULL,NULL,'r.u.yazici@arena.uio.no',0,0,'','','Enabled',NULL,NULL,NULL),(785,NULL,NULL,'renmingyang0222@163.com',0,0,'','','Enabled',NULL,NULL,NULL),(786,NULL,NULL,'Federico.Ravotti@cern.ch',0,0,'','','Enabled',NULL,NULL,NULL),(787,NULL,NULL,'subhransupadhee@gmail.com',0,0,'','','Enabled',NULL,NULL,NULL),(788,NULL,NULL,'bhoffman@stanford.edu',0,0,'','','Enabled',NULL,NULL,NULL),(789,NULL,NULL,'y.y.tak@office.hiroshima-cu.ac.jp',0,0,'','','Enabled',NULL,NULL,NULL),(790,NULL,NULL,'jmrosales@uma.es',0,0,'','','Enabled',NULL,NULL,NULL),(791,NULL,NULL,'alatawnh@bgu.ac.il',0,0,'','','Enabled',NULL,NULL,NULL),(792,NULL,NULL,'chesterman@nus.edu.sg',0,0,'','','Enabled',NULL,NULL,NULL),(793,NULL,NULL,'wickline.sam@gmail.com',0,0,'','','Enabled',NULL,NULL,NULL),(794,NULL,NULL,'assadian@sharif.edu',0,0,'','','Enabled',NULL,NULL,NULL),(795,NULL,NULL,'njdolan@uvic.ca',0,0,'','','Enabled',NULL,NULL,NULL),(796,NULL,NULL,'honarvar@mie.utoronto.ca',0,0,'','','Enabled',NULL,NULL,NULL),(797,NULL,NULL,'Ahmet.Yayla@desales.edu',0,0,'','','Enabled',NULL,NULL,NULL),(798,NULL,NULL,'John.Kirk@Dal.Ca',0,0,'','','Enabled',NULL,NULL,NULL),(799,NULL,NULL,'jonny.herwan@aist.go.jp',0,0,'','','Enabled',NULL,NULL,NULL),(800,NULL,NULL,'SMITHJ@mail.etsu.edu',0,0,'','','Enabled',NULL,NULL,NULL),(801,NULL,NULL,'leslie.north@wku.edu',0,0,'','','Enabled',NULL,NULL,NULL),(802,NULL,NULL,'dstavrin@uab.edu',0,0,'','','Enabled',NULL,NULL,NULL),(803,NULL,NULL,'ChanE@NJHealth.org',0,0,'','','Enabled',NULL,NULL,NULL),(804,NULL,NULL,'dr_hill@abv.bg',0,0,'','','Enabled',NULL,NULL,NULL),(805,NULL,NULL,'Kumudu.Munasinghe@canberra.edu.au',0,0,'','','Enabled',NULL,NULL,NULL),(806,NULL,NULL,'mahaddad@wesleyan.edu',0,0,'','','Enabled',NULL,NULL,NULL),(807,NULL,NULL,'tim@timothypeterson.org',0,0,'','','Enabled',NULL,NULL,NULL),(808,NULL,NULL,'sabrina.ramet@ntnu.no',0,0,'','','Enabled',NULL,NULL,NULL),(809,NULL,NULL,'mustafatagma@gmail.com',0,0,'','','Enabled',NULL,NULL,NULL),(810,NULL,NULL,'russellm@buffalo.edu',0,0,'','','Enabled',NULL,NULL,NULL),(811,NULL,NULL,'qinbo0809@hotmail.com',0,0,'','','Enabled',NULL,NULL,NULL),(812,NULL,NULL,'gdo0@cdc.gov',0,0,'','','Enabled',NULL,NULL,NULL),(813,NULL,NULL,'cf11@uw.edu',0,0,'','','Enabled',NULL,NULL,NULL),(814,NULL,NULL,'swu@fudan.edu.cn',0,0,'','','Enabled',NULL,NULL,NULL),(815,NULL,NULL,'yao.yumeng@outlook.com',0,0,'','','Enabled',NULL,NULL,NULL),(816,NULL,NULL,'pink@fss.muni.cz',0,0,'','','Enabled',NULL,NULL,NULL),(817,NULL,NULL,'falcaide@cidetec.es',0,0,'','','Enabled',NULL,NULL,NULL),(818,NULL,NULL,'trines@nih.no',0,0,'','','Enabled',NULL,NULL,NULL),(819,NULL,NULL,'f.shayan@ase.ui.ac.ir',0,0,'','','Enabled',NULL,NULL,NULL),(820,NULL,NULL,'morten.eriksrud@asn.com',0,0,'','','Enabled',NULL,NULL,NULL),(821,NULL,NULL,'Martin.Kessler@analog.com',0,0,'','','Enabled',NULL,NULL,NULL),(822,NULL,NULL,'gasparian.ar@gmail.com',0,0,'','','Enabled',NULL,NULL,NULL),(823,NULL,NULL,'chhsia625@gmail.com',0,0,'','','Enabled',NULL,NULL,NULL),(824,NULL,NULL,'dr.mosesrosaiah@gmail.com',0,0,'','','Enabled',NULL,NULL,NULL),(825,NULL,NULL,'o.bogdanovic@gmail.com',0,0,'','','Enabled',NULL,NULL,NULL),(826,NULL,NULL,'firdhous@uom.lk',0,0,'','','Enabled',NULL,NULL,NULL),(827,NULL,NULL,'c15alex@ionio.gr',0,0,'','','Enabled',NULL,NULL,NULL),(828,NULL,NULL,'nini@quimica.uminho.pt',0,0,'','','Enabled',NULL,NULL,NULL),(829,NULL,NULL,'tpangle@austin.utexas.edu',0,0,'','','Enabled',NULL,NULL,NULL),(830,NULL,NULL,'spencerte@missouri.edu',0,0,'','','Enabled',NULL,NULL,NULL),(831,NULL,NULL,'pbgoulart@uol.com.br',0,0,'','','Enabled',NULL,NULL,NULL),(832,NULL,NULL,'z.li@usciences.edu',0,0,'','','Enabled',NULL,NULL,NULL),(833,NULL,NULL,'keith@mvsinc.net',0,0,'','','Enabled',NULL,NULL,NULL),(834,NULL,NULL,'lhoffm@uw.edu',0,0,'','','Enabled',NULL,NULL,NULL),(835,NULL,NULL,'hcrane@uw.edu',0,0,'','','Enabled',NULL,NULL,NULL),(836,NULL,NULL,'seth.k@uconn.edu',0,0,'','','Enabled',NULL,NULL,NULL),(837,NULL,NULL,'siqing.liu@usda.gov',0,0,'','','Enabled',NULL,NULL,NULL),(838,NULL,NULL,'mehran@giki.edu.pk',0,0,'','','Enabled',NULL,NULL,NULL),(839,NULL,NULL,'owadas@waseda.jp',0,0,'','','Enabled',NULL,NULL,NULL),(840,NULL,NULL,'K.Gibson@westernsydney.edu.au',0,0,'','','Enabled',NULL,NULL,NULL),(841,NULL,NULL,'feng.li2@sydney.edu.au',0,0,'','','Enabled',NULL,NULL,NULL),(842,NULL,NULL,'christine.folch@duke.edu',0,0,'','','Enabled',NULL,NULL,NULL),(843,NULL,NULL,'nuria.castanneda@uam.es',0,0,'','','Enabled',NULL,NULL,NULL),(844,NULL,NULL,'a.kabi@ack.edu.kw',0,0,'','','Enabled',NULL,NULL,NULL),(845,NULL,NULL,'carlosmh@quimica.ufrn.br',0,0,'','','Enabled',NULL,NULL,NULL),(846,NULL,NULL,'James_Mcmahon@URMC.Rochester.edu',0,0,'','','Enabled',NULL,NULL,NULL),(847,NULL,NULL,'marcinpen@us.es',0,0,'','','Enabled',NULL,NULL,NULL),(848,NULL,NULL,'kjarthur@usf.edu',0,0,'','','Enabled',NULL,NULL,NULL),(849,NULL,NULL,'vknight@ua.edu',0,0,'','','Enabled',NULL,NULL,NULL),(850,NULL,NULL,'alberto.sanchez@uam.es',0,0,'','','Enabled',NULL,NULL,NULL),(851,NULL,NULL,'ksalih@qu.edu.qa',0,0,'','','Enabled',NULL,NULL,NULL),(852,NULL,NULL,'sitiamaniah@utem.edu.my',0,0,'','','Enabled',NULL,NULL,NULL),(853,NULL,NULL,'ali.delibas@bozok.edu.tr',0,0,'','','Enabled',NULL,NULL,NULL),(854,NULL,NULL,'yung@cycu.edu.tw',0,0,'','','Enabled',NULL,NULL,NULL),(855,NULL,NULL,'rabie@rabieramadan.org',0,0,'','','Enabled',NULL,NULL,NULL),(856,NULL,NULL,'mwhitfeld@stlderm.com.au',0,0,'','','Enabled',NULL,NULL,NULL),(857,NULL,NULL,'russt@mit.edu',0,0,'','','Enabled',NULL,NULL,NULL),(858,NULL,NULL,'penny@uci.edu',0,0,'','','Enabled',NULL,NULL,NULL),(859,NULL,NULL,'a.kabi@ack.edu.kw',0,0,'','','Enabled',NULL,NULL,NULL),(860,NULL,NULL,'sevincaydin2380@gmail.com',0,0,'','','Enabled',NULL,NULL,NULL),(861,NULL,NULL,'rezaee@tbzmed.ac.ir',0,0,'','','Enabled',NULL,NULL,NULL),(862,NULL,NULL,'sachin.rs.eee@iitbhu.ac.in',0,0,'','','Enabled',NULL,NULL,NULL),(863,NULL,NULL,'j.mcgrath@uq.edu.au',0,0,'','','Enabled',NULL,NULL,NULL),(864,NULL,NULL,'hghasemi92@basu.ac.ir',0,0,'','','Enabled',NULL,NULL,NULL),(865,NULL,NULL,'paivi.lujala@ntnu.no',0,0,'','','Enabled',NULL,NULL,NULL),(866,NULL,NULL,'yakovro@towersemi.com',0,0,'','','Enabled',NULL,NULL,NULL),(867,NULL,NULL,'lmontes@unizar.es',0,0,'','','Enabled',NULL,NULL,NULL),(868,NULL,NULL,'p.cao@auckland.ac.nz',0,0,'','','Enabled',NULL,NULL,NULL),(869,NULL,NULL,'catherine.yoshida@canada.ca',0,0,'','','Enabled',NULL,NULL,NULL),(870,NULL,NULL,'Peter.Haug@imail.org',0,0,'','','Enabled',NULL,NULL,NULL),(871,NULL,NULL,'paraskumar.mishra@unmc.edu',0,0,'','','Enabled',NULL,NULL,NULL),(872,NULL,NULL,'michael.merson@duke.edu',0,0,'','','Enabled',NULL,NULL,NULL),(873,NULL,NULL,'santoro@scs.carleton.ca',0,0,'','','Enabled',NULL,NULL,NULL),(874,NULL,NULL,'junzo.watada@gmail.com',0,0,'','','Enabled',NULL,NULL,NULL),(875,NULL,NULL,'marianne.geiser@ana.unibe.ch',0,0,'','','Enabled',NULL,NULL,NULL),(876,NULL,NULL,'chong@seas.harvard.edu',0,0,'','','Enabled',NULL,NULL,NULL),(877,NULL,NULL,'mohamed@uvigo.es',0,0,'','','Enabled',NULL,NULL,NULL),(878,NULL,NULL,'tsugawa@ccalumni.meijo-u.ac.jp',0,0,'','','Enabled',NULL,NULL,NULL),(879,NULL,NULL,'hucg@cqu.edu.cn',0,0,'','','Enabled',NULL,NULL,NULL),(880,NULL,NULL,'lhudgins@stanford.edu',0,0,'','','Enabled',NULL,NULL,NULL),(881,NULL,NULL,'teds@mcmaster.ca',0,0,'','','Enabled',NULL,NULL,NULL),(882,NULL,NULL,'simon.kuenzi@gmail.com',0,0,'','','Enabled',NULL,NULL,NULL),(883,NULL,NULL,'xuheng81916@scu.edu.cn',0,0,'','','Enabled',NULL,NULL,NULL),(884,NULL,NULL,'chhsia625@gmail.com',0,0,'','','Enabled',NULL,NULL,NULL),(885,NULL,NULL,'jleibowitz@tamu.edu',0,0,'','','Enabled',NULL,NULL,NULL),(886,NULL,NULL,'charles.white@uconn.edu',0,0,'','','Enabled',NULL,NULL,NULL),(887,NULL,NULL,'xfzhou-nccdc@hotmail.com',0,0,'','','Enabled',NULL,NULL,NULL),(888,NULL,NULL,'Leeanne.Gladigau@sa.gov.au',0,0,'','','Enabled',NULL,NULL,NULL),(889,NULL,NULL,'wschwan@uwlax.edu',0,0,'','','Enabled',NULL,NULL,NULL),(890,NULL,NULL,'hualei_1314@hotmail.com',0,0,'','','Enabled',NULL,NULL,NULL),(891,NULL,NULL,'rinkiv3@gmail.com',0,0,'','','Enabled',NULL,NULL,NULL),(892,NULL,NULL,'mesmith9@asu.edu',0,0,'','','Enabled',NULL,NULL,NULL),(893,NULL,NULL,'clifford.snapper@usuhs.edu',0,0,'','','Enabled',NULL,NULL,NULL),(894,NULL,NULL,'mpezk@nus.edu.sg',0,0,'','','Enabled',NULL,NULL,NULL),(895,NULL,NULL,'ranwei@cuhk.edu.hk',0,0,'','','Enabled',NULL,NULL,NULL),(896,NULL,NULL,'pgarner@idiap.ch',0,0,'','','Enabled',NULL,NULL,NULL),(897,NULL,NULL,'gaspare@dia.uniroma3.it',0,0,'','','Enabled',NULL,NULL,NULL),(898,NULL,NULL,'FrisbyC@missouri.edu',0,0,'','','Enabled',NULL,NULL,NULL),(899,NULL,NULL,'szahriah@utem.edu.my',0,0,'','','Enabled',NULL,NULL,NULL),(900,NULL,NULL,'swklgl@nus.edu.sg',0,0,'','','Enabled',NULL,NULL,NULL),(901,NULL,NULL,'yamamura@prec.eng.osaka-u.ac.jp',0,0,'','','Enabled',NULL,NULL,NULL),(902,NULL,NULL,'WEI2@mailbox.sc.edu',0,0,'','','Enabled',NULL,NULL,NULL),(903,NULL,NULL,'huizhao@sjtu.edu.cn',0,0,'','','Enabled',NULL,NULL,NULL),(904,NULL,NULL,'drshiyamala@veltech.edu.in',0,0,'','','Enabled',NULL,NULL,NULL),(905,NULL,NULL,'fnizamani@digipen.edu',0,0,'','','Enabled',NULL,NULL,NULL),(906,NULL,NULL,'kwinet@arizona.edu',0,0,'','','Enabled',NULL,NULL,NULL),(907,NULL,NULL,'pjensen@unimelb.edu.au',0,0,'','','Enabled',NULL,NULL,NULL),(908,NULL,NULL,'tracyat@uw.edu',0,0,'','','Enabled',NULL,NULL,NULL),(909,NULL,NULL,'rmquazi@pvamu.edu',0,0,'','','Enabled',NULL,NULL,NULL),(910,NULL,NULL,'troll@andrew.cmu.edu',0,0,'','','Enabled',NULL,NULL,NULL),(911,NULL,NULL,'mjoao@mail.upt.pt',0,0,'','','Enabled',NULL,NULL,NULL),(912,NULL,NULL,'Peter.Taylor@health.nsw.gov.au',0,0,'','','Enabled',NULL,NULL,NULL),(913,NULL,NULL,'blecker@american.edu',0,0,'','','Enabled',NULL,NULL,NULL),(914,NULL,NULL,'devlina@iitk.ac.in',0,0,'','','Enabled',NULL,NULL,NULL),(915,NULL,NULL,'Zahraei@suss.edu.sg',0,0,'','','Enabled',NULL,NULL,NULL),(916,NULL,NULL,'admin@advantia.com.au',0,0,'','','Enabled',NULL,NULL,NULL),(917,NULL,NULL,'rmquazi@pvamu.edu',0,0,'','','Enabled',NULL,NULL,NULL),(918,NULL,NULL,'Zahraei@suss.edu.sg',0,0,'','','Enabled',NULL,NULL,NULL),(919,NULL,NULL,'renger@vannieuwkoop.ch',0,0,'','','Enabled',NULL,NULL,NULL),(920,NULL,NULL,'otto@g.ucla.edu',0,0,'','','Enabled',NULL,NULL,NULL),(921,NULL,NULL,'ed8c@virginia.edu',0,0,'','','Enabled',NULL,NULL,NULL),(922,NULL,NULL,'atashgar@alumni.iust.ac.ir',0,0,'','','Enabled',NULL,NULL,NULL),(923,NULL,NULL,'matthiaswasinger@gmail.com',0,0,'','','Enabled',NULL,NULL,NULL),(924,NULL,NULL,'Erin.Tang@vch.ca',0,0,'','','Enabled',NULL,NULL,NULL),(925,NULL,NULL,'Arendt.Katherine@mayo.edu',0,0,'','','Enabled',NULL,NULL,NULL),(926,NULL,NULL,'jgentry@unl.edu',0,0,'','','Enabled',NULL,NULL,NULL),(927,NULL,NULL,'McLaughlin.Sarah@mayo.edu',0,0,'','','Enabled',NULL,NULL,NULL),(928,NULL,NULL,'omalleym@rice.edu',0,0,'','','Enabled',NULL,NULL,NULL),(929,NULL,NULL,'amprouzgou@uth.gr',0,0,'','','Enabled',NULL,NULL,NULL),(930,NULL,NULL,'Charles.Woods@erlanger.org',0,0,'','','Enabled',NULL,NULL,NULL),(931,NULL,NULL,'zhongxk@yeah.net',0,0,'','','Enabled',NULL,NULL,NULL),(932,NULL,NULL,'Laura.Shane-McWhorter@pharm.utah.edu',0,0,'','','Enabled',NULL,NULL,NULL),(933,NULL,NULL,'daniel.sexton@duke.edu',0,0,'','','Enabled',NULL,NULL,NULL),(934,NULL,NULL,'patrick.kiser@northwestern.edu',0,0,'','','Enabled',NULL,NULL,NULL),(935,NULL,NULL,'ssuliman1@bwh.harvard.edu',0,0,'','','Enabled',NULL,NULL,NULL),(936,NULL,NULL,'smartin@dfmf.uned.es',0,0,'','','Enabled',NULL,NULL,NULL),(937,NULL,NULL,'Shi.Qian2@mayo.edu',0,0,'','','Enabled',NULL,NULL,NULL),(938,NULL,NULL,'lijianli@buaa.edu.cn',0,0,'','','Enabled',NULL,NULL,NULL),(939,NULL,NULL,'falgun.shah@merck.com',0,0,'','','Enabled',NULL,NULL,NULL),(940,NULL,NULL,'mlovric@irb.hr',0,0,'','','Enabled',NULL,NULL,NULL),(941,NULL,NULL,'qingzhong.yu@usda.gov',0,0,'','','Enabled',NULL,NULL,NULL),(942,NULL,NULL,'mike.clawson@usda.gov',0,0,'','','Enabled',NULL,NULL,NULL),(943,NULL,NULL,'abdelmassihr@upmc.edu',0,0,'','','Enabled',NULL,NULL,NULL),(944,NULL,NULL,'richard.peek@vumc.org',0,0,'','','Enabled',NULL,NULL,NULL),(945,NULL,NULL,'xxzx7514@hotmail.com',0,0,'','','Enabled',NULL,NULL,NULL),(946,NULL,NULL,'glasser@stanford.edu',0,0,'','','Enabled',NULL,NULL,NULL),(947,NULL,NULL,'Mary.Potash@mssm.edu',0,0,'','','Enabled',NULL,NULL,NULL),(948,NULL,NULL,'douglas.webb@undp.org',0,0,'','','Enabled',NULL,NULL,NULL),(949,NULL,NULL,'Kelly.Cooke@phci.org',0,0,'','','Enabled',NULL,NULL,NULL),(950,NULL,NULL,'Kelly.Cooke@phci.org',0,0,'','','Enabled',NULL,NULL,NULL),(951,NULL,NULL,'puglisi@american.edu',0,0,'','','Enabled',NULL,NULL,NULL),(952,NULL,NULL,'yangzhiwen2009@sina.com',0,0,'','','Enabled',NULL,NULL,NULL),(953,NULL,NULL,'pfrantom@ua.edu',0,0,'','','Enabled',NULL,NULL,NULL),(954,NULL,NULL,'BENNIE.LINDEQUE@CUANSCHUTZ.EDU',0,0,'','','Enabled',NULL,NULL,NULL),(955,NULL,NULL,'yanilkin@iopc.ru',0,0,'','','Enabled',NULL,NULL,NULL),(956,NULL,NULL,'Juqin.Zeng@iit.it',0,0,'','','Enabled',NULL,NULL,NULL),(957,NULL,NULL,'monika.bednarek@sydney.edu.au',0,0,'','','Enabled',NULL,NULL,NULL),(958,NULL,NULL,'Dick.Stolley@meredith.com',0,0,'','','Enabled',NULL,NULL,NULL),(959,NULL,NULL,'dee.carter@sydney.edu.au',0,0,'','','Enabled',NULL,NULL,NULL),(960,NULL,NULL,'wojciech.furman@ur.edu.pl',0,0,'','','Enabled',NULL,NULL,NULL),(961,NULL,NULL,'matthew.dunn@anu.edu.au',0,0,'','','Enabled',NULL,NULL,NULL),(962,NULL,NULL,'david.d\'alessio@uconn.edu',0,0,'','','Enabled',NULL,NULL,NULL),(963,NULL,NULL,'Peter.Colman@mh.org.au',0,0,'','','Enabled',NULL,NULL,NULL),(964,NULL,NULL,'Mary.Paradisis@health.nsw.gov.au',0,0,'','','Enabled',NULL,NULL,NULL),(965,NULL,NULL,'jimlichtenberg@mac.com',0,0,'','','Enabled',NULL,NULL,NULL),(966,NULL,NULL,'holli.semetko@emory.edu',0,0,'','','Enabled',NULL,NULL,NULL),(967,NULL,NULL,'timothy.dwyer@sydney.edu.au',0,0,'','','Enabled',NULL,NULL,NULL),(968,NULL,NULL,'Michael.Puskarich@hcmed.org',0,0,'','','Enabled',NULL,NULL,NULL),(969,NULL,NULL,'wnielsen@uow.edu.au',0,0,'','','Enabled',NULL,NULL,NULL),(970,NULL,NULL,'shiying_li@126.com',0,0,'','','Enabled',NULL,NULL,NULL),(971,NULL,NULL,'Christine.Gilmartin@thewomens.org.au',0,0,'','','Enabled',NULL,NULL,NULL),(972,NULL,NULL,'rashel.li@anu.edu.au',0,0,'','','Enabled',NULL,NULL,NULL),(973,NULL,NULL,'kbculver@wisc.edu',0,0,'','','Enabled',NULL,NULL,NULL),(974,NULL,NULL,'catherine.bennett@deakin.edu.au',0,0,'','','Enabled',NULL,NULL,NULL),(975,NULL,NULL,'epaskewi@utk.edu',0,0,'','','Enabled',NULL,NULL,NULL),(976,NULL,NULL,'brian.cozzarin@uwaterloo.ca',0,0,'','','Enabled',NULL,NULL,NULL),(977,NULL,NULL,'nelsonmr@illinois.edu',0,0,'','','Enabled',NULL,NULL,NULL),(978,NULL,NULL,'gtodorova@Fullerton.edu',0,0,'','','Enabled',NULL,NULL,NULL),(979,NULL,NULL,'falcaide@cidetec.es',0,0,'','','Enabled',NULL,NULL,NULL),(980,NULL,NULL,'brett.shannon@mail.utoronto.ca',0,0,'','','Enabled',NULL,NULL,NULL),(981,NULL,NULL,'anita.gue@canada.ca',0,0,'','','Enabled',NULL,NULL,NULL),(982,NULL,NULL,'stevewring@mac.com',0,0,'','','Enabled',NULL,NULL,NULL),(983,NULL,NULL,'FergusonD@cofc.edu',0,0,'','','Enabled',NULL,NULL,NULL),(984,NULL,NULL,'etarasheva@nbu.bg',0,0,'','','Enabled',NULL,NULL,NULL),(985,NULL,NULL,'mehdi.riazi@mq.edu.au',0,0,'','','Enabled',NULL,NULL,NULL),(986,NULL,NULL,'m.fantinato@usp.br',0,0,'','','Enabled',NULL,NULL,NULL),(987,NULL,NULL,'birginosman@hotmail.com',0,0,'','','Enabled',NULL,NULL,NULL),(988,NULL,NULL,'sahar_kiani@royaninstitute.org',0,0,'','','Enabled',NULL,NULL,NULL),(989,NULL,NULL,'Andres.Chamarro@uab.cat',0,0,'','','Enabled',NULL,NULL,NULL),(990,NULL,NULL,'m.hossain@cqu.edu.au',0,0,'','','Enabled',NULL,NULL,NULL),(991,NULL,NULL,'liuyu.hi.good@163.com',0,0,'','','Enabled',NULL,NULL,NULL),(992,NULL,NULL,'Jean.Lessard@USherbrooke.ca',0,0,'','','Enabled',NULL,NULL,NULL),(993,NULL,NULL,'AllisonBT@GCC.EDU',0,0,'','','Enabled',NULL,NULL,NULL),(994,NULL,NULL,'agoktas63@gmail.com',0,0,'','','Enabled',NULL,NULL,NULL),(995,NULL,NULL,'Myron.Brown@jhuapl.edu',0,0,'','','Enabled',NULL,NULL,NULL),(996,NULL,NULL,'thomas-oates@uiowa.edu',0,0,'','','Enabled',NULL,NULL,NULL),(997,NULL,NULL,'Postmaster@nwu.ac.za',0,0,'','','Enabled',NULL,NULL,NULL),(998,NULL,NULL,'zarate.blades@gmail.com',0,0,'','','Enabled',NULL,NULL,NULL),(999,NULL,NULL,'Juqin.Zeng@iit.it',0,0,'','','Enabled',NULL,NULL,NULL),(1000,NULL,NULL,'adel_aa@pusan.ac.kr',0,0,'','','Enabled',NULL,NULL,NULL),(1001,NULL,NULL,'paula.rojas.s@uai.cl',0,0,'','','Enabled',NULL,NULL,NULL),(1002,NULL,NULL,'samatasm@uoc.gr',0,0,'','','Enabled',NULL,NULL,NULL),(1003,NULL,NULL,'jorge.pereira@staff.uma.pt',0,0,'','','Enabled',NULL,NULL,NULL),(1004,NULL,NULL,'editorial@openmechanicalengineeringjournal.net',0,0,'','','Enabled',NULL,NULL,NULL),(1005,NULL,NULL,'agolubin@hse.ru',0,0,'','','Enabled',NULL,NULL,NULL),(1006,NULL,NULL,'BruwerJP@cput.ac.za',0,0,'','','Enabled',NULL,NULL,NULL),(1007,NULL,NULL,'44870@gifu-hp.jp',0,0,'','','Enabled',NULL,NULL,NULL),(1008,NULL,NULL,'elcmb@nus.edu.sg',0,0,'','','Enabled',NULL,NULL,NULL),(1009,NULL,NULL,'roaldb@nih.no',0,0,'','','Enabled',NULL,NULL,NULL),(1010,NULL,NULL,'noreply@scientific-cart.com',0,0,'','','Enabled',NULL,NULL,NULL),(1011,NULL,NULL,'sajjad.hussain@giki.edu.pk',0,0,'','','Enabled',NULL,NULL,NULL),(1012,NULL,NULL,'radmila.tomovska@ehu.es',0,0,'','','Enabled',NULL,NULL,NULL),(1013,NULL,NULL,'andrew.demello@chem.ethz.ch',0,0,'','','Enabled',NULL,NULL,NULL),(1014,NULL,NULL,'viliam.kolivoska@jh-inst.cas.cz',0,0,'','','Enabled',NULL,NULL,NULL),(1015,NULL,NULL,'romana.sokolova@jh-inst.cas.cz',0,0,'','','Enabled',NULL,NULL,NULL),(1016,NULL,NULL,'marco.cecchetti@polimi.it',0,0,'','','Enabled',NULL,NULL,NULL),(1017,NULL,NULL,'sppzvdw@nus.edu.sg',0,0,'','','Enabled',NULL,NULL,NULL),(1018,NULL,NULL,'asma.rauf@hotmail.com',0,0,'','','Enabled',NULL,NULL,NULL),(1019,NULL,NULL,'sjavaid_29ku@yahoo.co.in',0,0,'','','Enabled',NULL,NULL,NULL),(1020,NULL,NULL,'pityn7@gmail.com',0,0,'','','Enabled',NULL,NULL,NULL),(1021,NULL,NULL,'dmm@cbsm.com',0,0,'','','Enabled',NULL,NULL,NULL),(1022,NULL,NULL,'hassan_h@lycos.com',0,0,'','','Enabled',NULL,NULL,NULL),(1023,NULL,NULL,'des.bokor@mq.edu.au',0,0,'','','Enabled',NULL,NULL,NULL),(1024,NULL,NULL,'alberto.sanchez@uam.es',0,0,'','','Enabled',NULL,NULL,NULL),(1025,NULL,NULL,'hthornton@newcastleknights.com.au',0,0,'','','Enabled',NULL,NULL,NULL),(1026,NULL,NULL,'herbert.tobias@austin.utexas.edu',0,0,'','','Enabled',NULL,NULL,NULL),(1027,NULL,NULL,'mariana.spodaryk@gmail.com',0,0,'','','Enabled',NULL,NULL,NULL),(1028,NULL,NULL,'osama_nrc@hotmail.com',0,0,'','','Enabled',NULL,NULL,NULL),(1029,NULL,NULL,'dahawkins@ucdavis.edu',0,0,'','','Enabled',NULL,NULL,NULL),(1030,NULL,NULL,'karuti.kanyinga@uonbi.ac.ke',0,0,'','','Enabled',NULL,NULL,NULL),(1031,NULL,NULL,'bindua@umsl.edu',0,0,'','','Enabled',NULL,NULL,NULL),(1032,NULL,NULL,'kocabasr@gmail.com',0,0,'','','Enabled',NULL,NULL,NULL),(1033,NULL,NULL,'dean.baker1@verizon.net',0,0,'','','Enabled',NULL,NULL,NULL),(1034,NULL,NULL,'n.hemmati@alumni.ut.ac.ir',0,0,'','','Enabled',NULL,NULL,NULL),(1035,NULL,NULL,'Reo.Song@csulb.edu',0,0,'','','Enabled',NULL,NULL,NULL),(1036,NULL,NULL,'brownm@unimelb.edu.au',0,0,'','','Enabled',NULL,NULL,NULL),(1037,NULL,NULL,'cfonseca@fe.up.pt',0,0,'','','Enabled',NULL,NULL,NULL),(1038,NULL,NULL,'chel61@mail.ru',0,0,'','','Enabled',NULL,NULL,NULL),(1039,NULL,NULL,'sasanb@gmx.com',0,0,'','','Enabled',NULL,NULL,NULL),(1040,NULL,NULL,'laryssadotsenko@gmail.com',0,0,'','','Enabled',NULL,NULL,NULL),(1041,NULL,NULL,'VASANTRAVAL@creighton.edu',0,0,'','','Enabled',NULL,NULL,NULL),(1042,NULL,NULL,'zeidersk@arizona.edu',0,0,'','','Enabled',NULL,NULL,NULL),(1043,NULL,NULL,'hrushi@cds.ac.in',0,0,'','','Enabled',NULL,NULL,NULL),(1044,NULL,NULL,'mktitoh@nifty.com',0,0,'','','Enabled',NULL,NULL,NULL),(1045,NULL,NULL,'ahasan1@worldbank.org',0,0,'','','Enabled',NULL,NULL,NULL),(1046,NULL,NULL,'gilson@utfpr.edu.br',0,0,'','','Enabled',NULL,NULL,NULL),(1047,NULL,NULL,'gayatri.sakya@rediffmail.com',0,0,'','','Enabled',NULL,NULL,NULL),(1048,NULL,NULL,'ag@iitk.ac.in',0,0,'','','Enabled',NULL,NULL,NULL),(1049,NULL,NULL,'Mike.Goddard@agriculture.vic.gov.au',0,0,'','','Enabled',NULL,NULL,NULL),(1050,NULL,NULL,'arpita.zone@gmail.com',0,0,'','','Enabled',NULL,NULL,NULL),(1051,NULL,NULL,'kostasm@ekmd.huji.ac.il',0,0,'','','Enabled',NULL,NULL,NULL),(1052,NULL,NULL,'c.sha@student.unsw.edu.au',0,0,'','','Enabled',NULL,NULL,NULL),(1053,NULL,NULL,'adukhin@dispersion.com',0,0,'','','Enabled',NULL,NULL,NULL),(1054,NULL,NULL,'hany.mohamed@science.menofia.edu.eg',0,0,'','','Enabled',NULL,NULL,NULL),(1055,NULL,NULL,'Beata.Bajorek@uts.edu.au',0,0,'','','Enabled',NULL,NULL,NULL),(1056,NULL,NULL,'cgyles@ovc.uoguelph.ca',0,0,'','','Enabled',NULL,NULL,NULL),(1057,NULL,NULL,'thahn@Novavax.com',0,0,'','','Enabled',NULL,NULL,NULL),(1058,NULL,NULL,'craigb12244@gmail.com',0,0,'','','Enabled',NULL,NULL,NULL),(1059,NULL,NULL,'elizabeth.brauer@canada.ca',0,0,'','','Enabled',NULL,NULL,NULL),(1060,NULL,NULL,'szabo@ufu.br',0,0,'','','Enabled',NULL,NULL,NULL),(1061,NULL,NULL,'jbonin@wesleyan.edu',0,0,'','','Enabled',NULL,NULL,NULL),(1062,NULL,NULL,'katrinh@upenn.edu',0,0,'','','Enabled',NULL,NULL,NULL),(1063,NULL,NULL,'ovd@phys.vsu.ru',0,0,'','','Enabled',NULL,NULL,NULL),(1064,NULL,NULL,'swmartin@ovc.uoguelph.ca',0,0,'','','Enabled',NULL,NULL,NULL),(1065,NULL,NULL,'oal_jabr@hotmail.com',0,0,'','','Enabled',NULL,NULL,NULL),(1066,NULL,NULL,'d.burnett@garvan.org.au',0,0,'','','Enabled',NULL,NULL,NULL),(1067,NULL,NULL,'nash@muctr.ru',0,0,'','','Enabled',NULL,NULL,NULL),(1068,NULL,NULL,'ceom@wisc.edu',0,0,'','','Enabled',NULL,NULL,NULL),(1069,NULL,NULL,'feng.li2@sydney.edu.au',0,0,'','','Enabled',NULL,NULL,NULL),(1070,NULL,NULL,'stefania.specchia@polito.it',0,0,'','','Enabled',NULL,NULL,NULL),(1071,NULL,NULL,'tamikoubrown@yahoo.com',0,0,'','','Enabled',NULL,NULL,NULL),(1072,NULL,NULL,'lucio.pellacani@uniroma1.it',0,0,'','','Enabled',NULL,NULL,NULL),(1073,NULL,NULL,'olivier.dangles@univ-avignon.fr',0,0,'','','Enabled',NULL,NULL,NULL),(1074,NULL,NULL,'bks@physics.org.in',0,0,'','','Enabled',NULL,NULL,NULL),(1075,NULL,NULL,'yacov.kaufman@gmail.com',0,0,'','','Enabled',NULL,NULL,NULL),(1076,NULL,NULL,'rock_@mail.ru',0,0,'','','Enabled',NULL,NULL,NULL),(1077,NULL,NULL,'skakooei59@hotmail.com',0,0,'','','Enabled',NULL,NULL,NULL),(1078,NULL,NULL,'skakooei59@hotmail.com',0,0,'','','Enabled',NULL,NULL,NULL),(1079,NULL,NULL,'logan@physics.carleton.ca',0,0,'','','Enabled',NULL,NULL,NULL),(1080,NULL,NULL,'h.worth@unsw.edu.au',0,0,'','','Enabled',NULL,NULL,NULL),(1081,NULL,NULL,'filip.lim@uam.es',0,0,'','','Enabled',NULL,NULL,NULL),(1082,NULL,NULL,'dag.kvale@medisin.uio.no',0,0,'','','Enabled',NULL,NULL,NULL),(1083,NULL,NULL,'mthomson@isciii.es',0,0,'','','Enabled',NULL,NULL,NULL),(1084,NULL,NULL,'deflo@unsam.edu.ar',0,0,'','','Enabled',NULL,NULL,NULL),(1085,NULL,NULL,'dana@biochem.utah.edu',0,0,'','','Enabled',NULL,NULL,NULL),(1086,NULL,NULL,'vdaskalaki@gmail.com',0,0,'','','Enabled',NULL,NULL,NULL),(1087,NULL,NULL,'amparo.tatay@hotmail.com',0,0,'','','Enabled',NULL,NULL,NULL),(1088,NULL,NULL,'plumety@quim.ucm.es',0,0,'','','Enabled',NULL,NULL,NULL),(1089,NULL,NULL,'avederni@umd.edu',0,0,'','','Enabled',NULL,NULL,NULL),(1090,NULL,NULL,'sfmartin@mail.utexas.edu',0,0,'','','Enabled',NULL,NULL,NULL),(1091,NULL,NULL,'drawaisuaf@gmail.com',0,0,'','','Enabled',NULL,NULL,NULL),(1092,NULL,NULL,'profdramer@yahoo.com',0,0,'','','Enabled',NULL,NULL,NULL),(1093,NULL,NULL,'sabir@manuu.ac.in',0,0,'','','Enabled',NULL,NULL,NULL),(1094,NULL,NULL,'mohamedmekky@vet.svu.edu.eg',0,0,'','','Enabled',NULL,NULL,NULL),(1095,NULL,NULL,'ymd_20hiro4@yahoo.co.jp',0,0,'','','Enabled',NULL,NULL,NULL),(1096,NULL,NULL,'syadav@nplindia.org',0,0,'','','Enabled',NULL,NULL,NULL),(1097,NULL,NULL,'rchaim@technion.ac.il',0,0,'','','Enabled',NULL,NULL,NULL),(1098,NULL,NULL,'banai@sharif.edu',0,0,'','','Enabled',NULL,NULL,NULL),(1099,NULL,NULL,'corentin.briat@bsse.ethz.ch',0,0,'','','Enabled',NULL,NULL,NULL),(1100,NULL,NULL,'nhaigh@btinternet.com',0,0,'','','Enabled',NULL,NULL,NULL),(1101,NULL,NULL,'leangirl@provide.net',0,0,'','','Enabled',NULL,NULL,NULL),(1102,NULL,NULL,'hym0509@scau.edu.cn',0,0,'','','Enabled',NULL,NULL,NULL),(1103,NULL,NULL,'feridazemi@gmail.com',0,0,'','','Enabled',NULL,NULL,NULL),(1104,NULL,NULL,'peterz@um.edu.mo',0,0,'','','Enabled',NULL,NULL,NULL),(1105,NULL,NULL,'andersonbri@umkc.edu',0,0,'','','Enabled',NULL,NULL,NULL),(1106,NULL,NULL,'ralgharabat@qu.edu.qa',0,0,'','','Enabled',NULL,NULL,NULL),(1107,NULL,NULL,'akimovivran@mail.ru',0,0,'','','Enabled',NULL,NULL,NULL),(1108,NULL,NULL,'Postmaster@nwu.ac.za',0,0,'','','Enabled',NULL,NULL,NULL),(1109,NULL,NULL,'rickycsp@student.upi.edu',0,0,'','','Enabled',NULL,NULL,NULL),(1110,NULL,NULL,'ysk@internode.on.net',0,0,'','','Enabled',NULL,NULL,NULL),(1111,NULL,NULL,'jose.rios00@usc.edu.co',0,0,'','','Enabled',NULL,NULL,NULL),(1112,NULL,NULL,'alexy@law.uni-kiel.de',0,0,'','','Enabled',NULL,NULL,NULL),(1113,NULL,NULL,'david@damartindale.com',0,0,'','','Enabled',NULL,NULL,NULL),(1114,NULL,NULL,'kfm@law.virginia.edu',0,0,'','','Enabled',NULL,NULL,NULL),(1115,NULL,NULL,'tiziana.guzzo@irpps.cnr.it',0,0,'','','Enabled',NULL,NULL,NULL),(1116,NULL,NULL,'bixxx002@umn.edu',0,0,'','','Enabled',NULL,NULL,NULL),(1117,NULL,NULL,'klaus.g.troitzsch@bluewin.ch',0,0,'','','Enabled',NULL,NULL,NULL),(1118,NULL,NULL,'shlee@knu.ac.kr',0,0,'','','Enabled',NULL,NULL,NULL),(1119,NULL,NULL,'lm@mcvoy.com',0,0,'','','Enabled',NULL,NULL,NULL),(1120,NULL,NULL,'rob.hecker@utas.edu.au',0,0,'','','Enabled',NULL,NULL,NULL),(1121,NULL,NULL,'Douglas_H._Ginsburg@cadc.uscourts.gov',0,0,'','','Enabled',NULL,NULL,NULL),(1122,NULL,NULL,'andreibandura@gmail.com',0,0,'','','Enabled',NULL,NULL,NULL),(1123,NULL,NULL,'asb_sm@mail.ru',0,0,'','','Enabled',NULL,NULL,NULL),(1124,NULL,NULL,'thaymet@ucsd.edu',0,0,'','','Enabled',NULL,NULL,NULL),(1125,NULL,NULL,'jdcicci@gmail.com',0,0,'','','Enabled',NULL,NULL,NULL),(1126,NULL,NULL,'hjones@niu.edu',0,0,'','','Enabled',NULL,NULL,NULL),(1127,NULL,NULL,'omidi_89@yahoo.com',0,0,'','','Enabled',NULL,NULL,NULL),(1128,NULL,NULL,'libor.skoda@fjfi.cvut.cz',0,0,'','','Enabled',NULL,NULL,NULL),(1129,NULL,NULL,'ddobrosielski@towson.edu',0,0,'','','Enabled',NULL,NULL,NULL),(1130,NULL,NULL,'lowman@optics.arizona.edu',0,0,'','','Enabled',NULL,NULL,NULL),(1131,NULL,NULL,'Azriel.Genack@qc.cuny.edu',0,0,'','','Enabled',NULL,NULL,NULL),(1132,NULL,NULL,'chenum@umich.edu',0,0,'','','Enabled',NULL,NULL,NULL),(1133,NULL,NULL,'francisco.cuena@unican.es',0,0,'','','Enabled',NULL,NULL,NULL),(1134,NULL,NULL,'Patrick.Danaher@va.gov',0,0,'','','Enabled',NULL,NULL,NULL),(1135,NULL,NULL,'Andrew.Strange@csiro.au',0,0,'','','Enabled',NULL,NULL,NULL),(1136,NULL,NULL,'tberry@gmu.edu',0,0,'','','Enabled',NULL,NULL,NULL),(1137,NULL,NULL,'ian.olver@adelaide.edu.au',0,0,'','','Enabled',NULL,NULL,NULL),(1138,NULL,NULL,'alba@umd.edu',0,0,'','','Enabled',NULL,NULL,NULL),(1139,NULL,NULL,'kdryounis@gmail.com',0,0,'','','Enabled',NULL,NULL,NULL),(1140,NULL,NULL,'dorantesd@mef.edu.tr',0,0,'','','Enabled',NULL,NULL,NULL),(1141,NULL,NULL,'toky@idc.ac.il',0,0,'','','Enabled',NULL,NULL,NULL),(1142,NULL,NULL,'asma.rauf@hotmail.com',0,0,'','','Enabled',NULL,NULL,NULL),(1143,NULL,NULL,'madan.ce15@nitp.ac.in',0,0,'','','Enabled',NULL,NULL,NULL),(1144,NULL,NULL,'diasanaputra@unud.ac.id',0,0,'','','Enabled',NULL,NULL,NULL),(1145,NULL,NULL,'jawad.hussain@engineer.com',0,0,'','','Enabled',NULL,NULL,NULL),(1146,NULL,NULL,'nuwan.marasinghearachchige@connect.polyu.hk',0,0,'','','Enabled',NULL,NULL,NULL),(1147,NULL,NULL,'bruce.yang@nchu.edu.tw',0,0,'','','Enabled',NULL,NULL,NULL),(1148,NULL,NULL,'sivasankaran.panneerselvam@yahoo.com',0,0,'','','Enabled',NULL,NULL,NULL),(1149,NULL,NULL,'calebwarren@arizona.edu',0,0,'','','Enabled',NULL,NULL,NULL),(1150,NULL,NULL,'maoliang.ye@gmail.com',0,0,'','','Enabled',NULL,NULL,NULL),(1151,NULL,NULL,'sivasankaran.panneerselvam@yahoo.com',0,0,'','','Enabled',NULL,NULL,NULL),(1152,NULL,NULL,'mohamedabdulhafeez72@gmail.com',0,0,'','','Enabled',NULL,NULL,NULL),(1153,NULL,NULL,'mohamedabdulhafeez72@gmail.com',0,0,'','','Enabled',NULL,NULL,NULL),(1154,NULL,NULL,'yurilcg@gmail.com',0,0,'','','Enabled',NULL,NULL,NULL),(1155,NULL,NULL,'thbaumann@hin.ch',0,0,'','','Enabled',NULL,NULL,NULL),(1156,NULL,NULL,'plane@arizona.edu',0,0,'','','Enabled',NULL,NULL,NULL),(1157,NULL,NULL,'segladys@yahoo.com',0,0,'','','Enabled',NULL,NULL,NULL),(1158,NULL,NULL,'angela.mariani@uniparthenope.it',0,0,'','','Enabled',NULL,NULL,NULL),(1159,NULL,NULL,'Michael.Heagy@nmt.edu',0,0,'','','Enabled',NULL,NULL,NULL),(1160,NULL,NULL,'choisi345@gmail.com',0,0,'','','Enabled',NULL,NULL,NULL),(1161,NULL,NULL,'marta.feroci@uniroma1.it',0,0,'','','Enabled',NULL,NULL,NULL),(1162,NULL,NULL,'domenico.spinelli@unibo.it',0,0,'','','Enabled',NULL,NULL,NULL),(1163,NULL,NULL,'dario.landini@unimi.it',0,0,'','','Enabled',NULL,NULL,NULL),(1164,NULL,NULL,'kuratieva@gmail.com',0,0,'','','Enabled',NULL,NULL,NULL),(1165,NULL,NULL,'bruekberg@uri.edu',0,0,'','','Enabled',NULL,NULL,NULL),(1166,NULL,NULL,'a.azadian90@ms.tabrizu.ac.ir',0,0,'','','Enabled',NULL,NULL,NULL),(1167,NULL,NULL,'cvallsv@uao.es',0,0,'','','Enabled',NULL,NULL,NULL),(1168,NULL,NULL,'appleton@bluewin.ch',0,0,'','','Enabled',NULL,NULL,NULL),(1169,NULL,NULL,'ppodadera@uma.es',0,0,'','','Enabled',NULL,NULL,NULL),(1170,NULL,NULL,'ahmed.khalid@ubd.edu.bn',0,0,'','','Enabled',NULL,NULL,NULL),(1171,NULL,NULL,'Donald.Siegel.1@asu.edu',0,0,'','','Enabled',NULL,NULL,NULL),(1172,NULL,NULL,'a.d.chirita@durham.ac.uk',0,0,'','','Enabled',NULL,NULL,NULL),(1173,NULL,NULL,'yves.oytana@univ-fcomte.fr',0,0,'','','Enabled',NULL,NULL,NULL),(1174,NULL,NULL,'ahmed.khalid@ubd.edu.bn',0,0,'','','Enabled',NULL,NULL,NULL),(1175,NULL,NULL,'n.a.zavialova@urfu.ru',0,0,'','','Enabled',NULL,NULL,NULL),(1176,NULL,NULL,'cc.shu@csu.edu.cn',0,0,'','','Enabled',NULL,NULL,NULL),(1177,NULL,NULL,'dongping@physics.osu.edu',0,0,'','','Enabled',NULL,NULL,NULL),(1178,NULL,NULL,'athomas@inifta.unlp.edu.ar',0,0,'','','Enabled',NULL,NULL,NULL),(1179,NULL,NULL,'clorente@inifta.unlp.edu.ar',0,0,'','','Enabled',NULL,NULL,NULL),(1180,NULL,NULL,'vsharma@tamu.edu',0,0,'','','Enabled',NULL,NULL,NULL),(1181,NULL,NULL,'v.vadi@lancaster.ac.uk',0,0,'','','Enabled',NULL,NULL,NULL),(1182,NULL,NULL,'wcarroll@uvic.ca',0,0,'','','Enabled',NULL,NULL,NULL),(1183,NULL,NULL,'Tim.Hall@winchester.ac.uk',0,0,'','','Enabled',NULL,NULL,NULL),(1184,NULL,NULL,'zhengchuantao578@163.com',0,0,'','','Enabled',NULL,NULL,NULL),(1185,NULL,NULL,'ancovia@urb.upv.es',0,0,'','','Enabled',NULL,NULL,NULL),(1186,NULL,NULL,'jen20074u@gmail.com',0,0,'','','Enabled',NULL,NULL,NULL),(1187,NULL,NULL,'roywant@gmail.com',0,0,'','','Enabled',NULL,NULL,NULL),(1188,NULL,NULL,'vahidhoseinpoor@yahoo.com',0,0,'','','Enabled',NULL,NULL,NULL),(1189,NULL,NULL,'scgilman@global-integrity.net',0,0,'','','Enabled',NULL,NULL,NULL),(1190,NULL,NULL,'s.rundle-thiele@griffith.edu.au',0,0,'','','Enabled',NULL,NULL,NULL),(1191,NULL,NULL,'Nicole.Hartnett@marketingscience.info',0,0,'','','Enabled',NULL,NULL,NULL),(1192,NULL,NULL,'diana.johns@unimelb.edu.au',0,0,'','','Enabled',NULL,NULL,NULL),(1193,NULL,NULL,'h.paanakker@fm.ru.nl',0,0,'','','Enabled',NULL,NULL,NULL),(1194,NULL,NULL,'Johra.Fatima@canberra.edu.au',0,0,'','','Enabled',NULL,NULL,NULL),(1195,NULL,NULL,'tamermekky@hotmail.com',0,0,'','','Enabled',NULL,NULL,NULL),(1196,NULL,NULL,'Stale.Einarsen@uib.no',0,0,'','','Enabled',NULL,NULL,NULL),(1197,NULL,NULL,'carolyn.maccann@sydney.edu.au',0,0,'','','Enabled',NULL,NULL,NULL),(1198,NULL,NULL,'poongodi.me@hotmail.com',0,0,'','','Enabled',NULL,NULL,NULL),(1199,NULL,NULL,'edzbroch@poczta.onet.pl',0,0,'','','Enabled',NULL,NULL,NULL),(1200,NULL,NULL,'baroquewang@icloud.com',0,0,'','','Enabled',NULL,NULL,NULL),(1201,NULL,NULL,'nishi.hpu@gmail.com',0,0,'','','Enabled',NULL,NULL,NULL),(1202,NULL,NULL,'fahimsgpgi@gmail.com',0,0,'','','Enabled',NULL,NULL,NULL),(1203,NULL,NULL,'annalisa.santucci@unisi.it',0,0,'','','Enabled',NULL,NULL,NULL),(1204,NULL,NULL,'yukihiro_hasegawa@tmhp.jp',0,0,'','','Enabled',NULL,NULL,NULL),(1205,NULL,NULL,'kogure@tokushima-u.ac.jp',0,0,'','','Enabled',NULL,NULL,NULL),(1206,NULL,NULL,'kawamata@fbri.org',0,0,'','','Enabled',NULL,NULL,NULL),(1207,NULL,NULL,'sdliuyueliang@163.com',0,0,'','','Enabled',NULL,NULL,NULL),(1208,NULL,NULL,'seckinengin@ktu.edu.tr',0,0,'','','Enabled',NULL,NULL,NULL),(1209,NULL,NULL,'vap52@bk.ru',0,0,'','','Enabled',NULL,NULL,NULL),(1210,NULL,NULL,'wuxf99@163.com',0,0,'','','Enabled',NULL,NULL,NULL),(1211,NULL,NULL,'MariansK@mskcc.org',0,0,'','','Enabled',NULL,NULL,NULL),(1212,NULL,NULL,'herrleej@foxmail.com',0,0,'','','Enabled',NULL,NULL,NULL),(1213,NULL,NULL,'takeshi-kunimatsu@ds-pharma.co.jp',0,0,'','','Enabled',NULL,NULL,NULL),(1214,NULL,NULL,'j.upham@uq.edu.au',0,0,'','','Enabled',NULL,NULL,NULL),(1215,NULL,NULL,'wancaichaojy@163.com',0,0,'','','Enabled',NULL,NULL,NULL),(1216,NULL,NULL,'wancaichaojy@163.com',0,0,'','','Enabled',NULL,NULL,NULL),(1217,NULL,NULL,'folabiyi@gmail.com',0,0,'','','Enabled',NULL,NULL,NULL),(1218,NULL,NULL,'yma@jjay.cuny.edu',0,0,'','','Enabled',NULL,NULL,NULL),(1219,NULL,NULL,'raf.geenens@kuleuven.be',0,0,'','','Enabled',NULL,NULL,NULL),(1220,NULL,NULL,'Amit.Mahajan@inova.org',0,0,'','','Enabled',NULL,NULL,NULL),(1221,NULL,NULL,'murry@uw.edu',0,0,'','','Enabled',NULL,NULL,NULL),(1222,NULL,NULL,'E.Seminari@smatteo.pv.it',0,0,'','','Enabled',NULL,NULL,NULL),(1223,NULL,NULL,'WCP3G@hscmail.mcc.virginia.edu',0,0,'','','Enabled',NULL,NULL,NULL),(1224,NULL,NULL,'domenico.albanese@unimi.it',0,0,'','','Enabled',NULL,NULL,NULL),(1225,NULL,NULL,'657151276@qq.com',0,0,'','','Enabled',NULL,NULL,NULL),(1226,NULL,NULL,'li.an@nih.gov',0,0,'','','Enabled',NULL,NULL,NULL),(1227,NULL,NULL,'strattop@mail.nih.gov',0,0,'','','Enabled',NULL,NULL,NULL),(1228,NULL,NULL,'JCLEE@BWH.HARVARD.EDU',0,0,'','','Enabled',NULL,NULL,NULL),(1229,NULL,NULL,'swoo@bwh.harvard.edu',0,0,'','','Enabled',NULL,NULL,NULL),(1230,NULL,NULL,'k.sofronoff@psy.uq.edu.au',0,0,'','','Enabled',NULL,NULL,NULL),(1231,NULL,NULL,'z.li@usciences.edu',0,0,'','','Enabled',NULL,NULL,NULL),(1232,NULL,NULL,'emily.ogier@utas.edu.au',0,0,'','','Enabled',NULL,NULL,NULL),(1233,NULL,NULL,'bella.mody@colorado.edu',0,0,'','','Enabled',NULL,NULL,NULL),(1234,NULL,NULL,'trifunac@usc.edu',0,0,'','','Enabled',NULL,NULL,NULL),(1235,NULL,NULL,'md_a2002@rediffmail.com',0,0,'','','Enabled',NULL,NULL,NULL),(1236,NULL,NULL,'hongmingmiao@sina.com',0,0,'','','Enabled',NULL,NULL,NULL),(1237,NULL,NULL,'2352837518@qq.com',0,0,'','','Enabled',NULL,NULL,NULL),(1238,NULL,NULL,'shrivastavap007@gmail.com',0,0,'','','Enabled',NULL,NULL,NULL),(1239,NULL,NULL,'LANGENBR@mail.etsu.edu',0,0,'','','Enabled',NULL,NULL,NULL),(1240,NULL,NULL,'walter.giurlani@unifi.it',0,0,'','','Enabled',NULL,NULL,NULL),(1241,NULL,NULL,'kurikshanew@mail.ru',0,0,'','','Enabled',NULL,NULL,NULL),(1242,NULL,NULL,'ajgp@racgp.org.au',0,0,'','','Enabled',NULL,NULL,NULL),(1243,'Stephen L.','Chan','chanlam_stephen@cuhk.edu.hk',0,0,'','','Enabled',NULL,NULL,NULL),(1244,'Y.','Tsunetsugu Yokota','yyokota@nih.go.jp',0,0,'','','Enabled',NULL,NULL,NULL),(1245,'G.J.','Prud\\\'homme','prudhommeg@smh.toronto.on.ca',0,0,'','','Enabled',NULL,NULL,NULL),(1246,'G.J.','Prud\\\'homme','prudhommeg@smh.toronto.on.ca',0,0,'','','Enabled',NULL,NULL,NULL),(1247,'K.','Abshagen','kerstin.abshagen@uni-rostock.de',0,0,'','','Enabled',NULL,NULL,NULL),(1248,'Thuy','Ho','hot@corning.com',0,0,'','','Enabled',NULL,NULL,NULL),(1249,'Jens  C.','Hahne','jens.hahne@icr.ac.uk',0,0,'','','Enabled',NULL,NULL,NULL),(1250,'Joseph','Moore','joseph.moore@vapourtec.com',0,0,'','','Enabled',NULL,NULL,NULL),(1251,'W.G.','Lai','george_lai@eri.eisai.com',0,0,'','','Enabled',NULL,NULL,NULL),(1252,'D.','Shah','devang.shah@syngeneintl.com',0,0,'','','Enabled',NULL,NULL,NULL),(1253,'D.J.','Schust','schustd@health.missouri.edu',0,0,'','','Enabled',NULL,NULL,NULL),(1254,'D.J.','Schust','schustd@health.missouri.edu',0,0,'','','Enabled',NULL,NULL,NULL),(1255,'D.J.','Schust','schustd@health.missouri.edu',0,0,'','','Enabled',NULL,NULL,NULL),(1256,'Tomasz','Jarosz','tomasz.jarosz@polsl.pl',0,0,'','','Enabled',NULL,NULL,NULL),(1257,'M.','Desport','mdesport@murdoch.edu.au',0,0,'','','Enabled',NULL,NULL,NULL),(1258,'K.','Tokunaga','tokunaga@nih.go.jp',0,0,'','','Enabled',NULL,NULL,NULL),(1259,'Y.','Higuchi','higuchiy@med.kanazawa-u.ac.jp',0,0,'','','Enabled',NULL,NULL,NULL),(1260,'M.','Twagirumukiza','Marc.Twagirumukiza@UGent.be',0,0,'','','Enabled',NULL,NULL,NULL),(1261,'B.','Verhasselt','bruno.verhasselt@ugent.be',0,0,'','','Enabled',NULL,NULL,NULL),(1262,'B.','Verhasselt','bruno.verhasselt@ugent.be',0,0,'','','Enabled',NULL,NULL,NULL),(1263,'B.','Verhasselt','bruno.verhasselt@ugent.be',0,0,'','','Enabled',NULL,NULL,NULL),(1264,'K.','Ezzedine','khaled.ezzedine@chu-bordeaux.fr',0,0,'','','Enabled',NULL,NULL,NULL),(1265,'K.','Ezzedine','khaled.ezzedine@chu-bordeaux.fr',0,0,'','','Enabled',NULL,NULL,NULL),(1266,'B.','Kadenbach','kadenbach@staff.uni-marburg.de',0,0,'','','Enabled',NULL,NULL,NULL),(1267,'V.','Alphand','Roland.Wohlgemuth@sial.com',0,0,'','','Enabled',NULL,NULL,NULL),(1268,'V.','van der Pascal','pascal.vandervoort@ugent.be',0,0,'','','Enabled',NULL,NULL,NULL),(1269,'F.','Verpoort','Francis.Verpoort@ugent.be',0,0,'','','Enabled',NULL,NULL,NULL),(1270,'N.','Haider','norbert.haider@univie.ac.at',0,0,'','','Enabled',NULL,NULL,NULL),(1271,'J.T.','Blackard','jason.blackard@uc.edu',0,0,'','','Enabled',NULL,NULL,NULL),(1272,'J.T.','Blackard','jason.blackard@uc.edu',0,0,'','','Enabled',NULL,NULL,NULL),(1273,'J.T.','Blackard','jason.blackard@uc.edu',0,0,'','','Enabled',NULL,NULL,NULL),(1274,'Yu','Xiao','y.xiao@murdoch.edu.au',0,0,'','','Enabled',NULL,NULL,NULL),(1275,'Gustaaf','Schoukens','Gustaaf.Schoukens@UGent.be',0,0,'','','Enabled',NULL,NULL,NULL),(1276,'Tracey','Mersfelder','Tracey.Mersfelder@ascension.org',0,0,'','','Enabled',NULL,NULL,NULL),(1277,'Holger','Cramer','h.cramer@kem-med.com',0,0,'','','Enabled',NULL,NULL,NULL),(1278,'A','Blocki','Anna.Blocki@cuhk.edu.hk',0,0,'','','Enabled',NULL,NULL,NULL),(1279,'Suresh','sivan','ssuresh@nitt.edu',0,0,'','','Enabled',NULL,NULL,NULL),(1280,'Yusuke','Ide','IDE.Yusuke@nims.go.jp',0,0,'','','Enabled',NULL,NULL,NULL),(1281,'Luc','Marks','Luc.Marks@UGent.be',0,0,'','','Enabled',NULL,NULL,NULL),(1282,'Yangjian','Quan','yjquan@cuhk.edu.hk',0,0,'','','Enabled',NULL,NULL,NULL),(1283,'Akhtar','Kalam','akhtar.kalam@vu.edu.au',0,0,'','','Enabled',NULL,NULL,NULL),(1284,'Van Huylenbroeck','Guido','Guido.VanHuylenbroeck@UGent.be',0,0,'','','Enabled',NULL,NULL,NULL),(1285,'Shinji','Saiki','ssaiki@juntendo.ac.jp',0,0,'','','Enabled',NULL,NULL,NULL),(1286,'J','Bubalo','bubaloj@ohsu.edu',0,0,'','','Enabled',NULL,NULL,NULL),(1287,'J','Bubalo','bubaloj@ohsu.edu',0,0,'','','Enabled',NULL,NULL,NULL),(1288,'P.A.','Ackerman','ackerman@interchange.ubc.ca',0,0,'','','Enabled',NULL,NULL,NULL),(1289,'S.D.','Aird','steven.aird@oist.jp',0,0,'','','Enabled',NULL,NULL,NULL),(1290,'K.','Aizawa','koichi_aizawa@kagome.co.jp',0,0,'','','Enabled',NULL,NULL,NULL),(1291,'C.E.','Allen','ceallen@txccc.org',0,0,'','','Enabled',NULL,NULL,NULL),(1292,'C.E.','Allen','ceallen@txch.org',0,0,'','','Enabled',NULL,NULL,NULL),(1293,'H.','GStEJ','g.hardy@murdoch.edu.au',0,0,'','','Enabled',NULL,NULL,NULL),(1294,'A.H.L.','Gunawardena','celord@dal.ca',0,0,'','','Enabled',NULL,NULL,NULL),(1295,'A.H.L.','Gunawardena','celord@dal.ca',0,0,'','','Enabled',NULL,NULL,NULL),(1296,'A.M.','Anniss','aanniss@arcbs.redcross.org.au',0,0,'','','Enabled',NULL,NULL,NULL),(1297,'T.','Haga','takanobu.haga.uw@hitachi.com',0,0,'','','Enabled',NULL,NULL,NULL),(1298,'Y.','Aoyagi','aoyagiyo@taiho.co.jp',0,0,'','','Enabled',NULL,NULL,NULL),(1299,'M.','Hamada','hamadam@oist.jp',0,0,'','','Enabled',NULL,NULL,NULL),(1300,'T.','Hamada','takahiro.hamada@mitsui-chem.co.jp',0,0,'','','Enabled',NULL,NULL,NULL),(1301,'R.','Hamada','hamada.ryo@jp.panasonic.com',0,0,'','','Enabled',NULL,NULL,NULL),(1302,'A.','Hamvas','ahamvas@luriechildrens.org',0,0,'','','Enabled',NULL,NULL,NULL),(1303,'B.H.','Han','yweinber@bhmcny.org',0,0,'','','Enabled',NULL,NULL,NULL),(1304,'N.','Hanagata','hanagata.nobutaka@nims.go.jp',0,0,'','','Enabled',NULL,NULL,NULL),(1305,'T.','Hanamura','hanamurat@nichirei.co.jp',0,0,'','','Enabled',NULL,NULL,NULL),(1306,'N.','Asada','noriaki.asada@mitsui-chem.co.jp',0,0,'','','Enabled',NULL,NULL,NULL),(1307,'H.','Asako','asako@sc.sumitomo-chem.co.jp',0,0,'','','Enabled',NULL,NULL,NULL),(1308,'M.','Astiz','mastiz@svcmcny.org',0,0,'','','Enabled',NULL,NULL,NULL),(1309,'G.M.T.','Hare','hareg@smh.ca',0,0,'','','Enabled',NULL,NULL,NULL),(1310,'G.M.T.','Hare','hareg@smh.ca',0,0,'','','Enabled',NULL,NULL,NULL),(1311,'S.A.','Harris','saharri2@stvincent.org',0,0,'','','Enabled',NULL,NULL,NULL),(1312,'D.','Haschtmann','daniel.haschtmann@kws.ch',0,0,'','','Enabled',NULL,NULL,NULL),(1313,'K.','Hatakeyama','k.hatakeyama@scchr.jp',0,0,'','','Enabled',NULL,NULL,NULL),(1314,'M.','Hatanaka','misaki.hatanaka@calpis.co.jp',0,0,'','','Enabled',NULL,NULL,NULL),(1315,'A.J.','Baker','bakera@smh.toronto.on.ca',0,0,'','','Enabled',NULL,NULL,NULL),(1316,'A.J.','Baker','bakera@smh.ca',0,0,'','','Enabled',NULL,NULL,NULL),(1317,'A.J.','Baker','bakera@smh.toronto.on.ca',0,0,'','','Enabled',NULL,NULL,NULL),(1318,'A.J.','Baker','bakera@smh.ca',0,0,'','','Enabled',NULL,NULL,NULL),(1319,'S.','Haymond','shaymond@luriechildrens.org',0,0,'','','Enabled',NULL,NULL,NULL),(1320,'C.E.','Helmstetter','chelmste@fit.edu',0,0,'','','Enabled',NULL,NULL,NULL),(1321,'C.E.','Helmstetter','chelmste@fit.edu',0,0,'','','Enabled',NULL,NULL,NULL),(1322,'I.C.','Henderson','chenderson@hendersonmd.org',0,0,'','','Enabled',NULL,NULL,NULL),(1323,'K.','Heuermann','kheuermann@sial.com',0,0,'','','Enabled',NULL,NULL,NULL),(1324,'T.S.','Acott','acott@ohsu.edu',0,0,'','','Enabled',NULL,NULL,NULL),(1325,'T.S.','Acott','acott@ohsu.edu',0,0,'','','Enabled',NULL,NULL,NULL),(1326,'M.','Hibi','hibi.masanobu@kao.co.jp',0,0,'','','Enabled',NULL,NULL,NULL),(1327,'G.','Beedessee','girish.beedessee@oist.jp',0,0,'','','Enabled',NULL,NULL,NULL),(1328,'P.','Baumann','pbaumann@med.wayne.edu',0,0,'','','Enabled',NULL,NULL,NULL),(1329,'S.','Hirayama','shin_hirayama@mhi.co.jp',0,0,'','','Enabled',NULL,NULL,NULL),(1330,'M.I.','Bellgard','m.bellgard@murdoch.edu.au',0,0,'','','Enabled',NULL,NULL,NULL),(1331,'T.','Hirota','tatsuhiko.hirota@calpis.co.jp',0,0,'','','Enabled',NULL,NULL,NULL),(1332,'A.','Hisada','akiko.hisada.uf@hitachi.com',0,0,'','','Enabled',NULL,NULL,NULL),(1333,'P.','Bentley','pbentley@redcrossblood.org.au',0,0,'','','Enabled',NULL,NULL,NULL),(1334,'B.E.','Hoffman','bhoffman@morphotek.com',0,0,'','','Enabled',NULL,NULL,NULL),(1335,'L.R.','Hoffman','lhoffm@u.washington.edu',0,0,'','','Enabled',NULL,NULL,NULL),(1336,'M.C.','Berndt','michael.berndt@curtin.edu.au',0,0,'','','Enabled',NULL,NULL,NULL),(1337,'G.P.','Bertenshaw','gbertenshaw@biomarkerstrategies.com',0,0,'','','Enabled',NULL,NULL,NULL),(1338,'Y.','Hong','hongy@corning.com',0,0,'','','Enabled',NULL,NULL,NULL),(1339,'S.U.','Bhalerao','bhaleraos@smh.ca',0,0,'','','Enabled',NULL,NULL,NULL),(1340,'B.R.','Bhavnani','bhavnani@smh.toronto.on.ca',0,0,'','','Enabled',NULL,NULL,NULL),(1341,'N.L.','Haigwood','haigwoon@ohsu.edu',0,0,'','','Enabled',NULL,NULL,NULL),(1342,'N.L.','Haigwood','haigwoon@ohsu.edu',0,0,'','','Enabled',NULL,NULL,NULL),(1343,'N.L.','Haigwood','haigwoon@ohsu.edu',0,0,'','','Enabled',NULL,NULL,NULL),(1344,'N.L.','Haigwood','haigwoon@ohsu.edu',0,0,'','','Enabled',NULL,NULL,NULL),(1345,'A.','Hotta','kentaro.ishida@cira.kyoto-u.ac.jp',0,0,'','','Enabled',NULL,NULL,NULL),(1346,'D.H.','Hryciw','deanne.skelly@vu.edu.au',0,0,'','','Enabled',NULL,NULL,NULL),(1347,'V.','Blaschke','volker.blaschke@towerjazz.com',0,0,'','','Enabled',NULL,NULL,NULL),(1348,'N.L.','Haigwood','haigwoon@ohsu.edu',0,0,'','','Enabled',NULL,NULL,NULL),(1349,'N.L.','Haigwood','haigwoon@ohsu.edu',0,0,'','','Enabled',NULL,NULL,NULL),(1350,'S.','Bleuler','bleuler@tik.ee.ethz.ch',0,0,'','','Enabled',NULL,NULL,NULL),(1351,'A.','Belanger','alain.belanger@ap.ulaval.ca',0,0,'','','Enabled',NULL,NULL,NULL),(1352,'C.A.','Harrington','harringc@ohsu.edu',0,0,'','','Enabled',NULL,NULL,NULL),(1353,'C.A.','Harrington','harringc@ohsu.edu',0,0,'','','Enabled',NULL,NULL,NULL),(1354,'W.T.','Birdsong','birdsong@ohsu.edu',0,0,'','','Enabled',NULL,NULL,NULL),(1355,'W.T.','Birdsong','birdsong@ohsu.edu',0,0,'','','Enabled',NULL,NULL,NULL),(1356,'C.V.','Bishop','bishopc@ohsu.edu',0,0,'','','Enabled',NULL,NULL,NULL),(1357,'C.V.','Bishop','bishopc@ohsu.edu',0,0,'','','Enabled',NULL,NULL,NULL),(1358,'S.P.F.','Bonny','s.bonny@murdoch.edu.au',0,0,'','','Enabled',NULL,NULL,NULL),(1359,'R.L.','Hurwitz','rhurwitz@txccc.org',0,0,'','','Enabled',NULL,NULL,NULL),(1360,'C.','Bowman Gholston','cynthia.x.bowmangholston@questdiagnostics.com',0,0,'','','Enabled',NULL,NULL,NULL),(1361,'S.A.','Back','backs@ohsu.edu',0,0,'','','Enabled',NULL,NULL,NULL),(1362,'S.A.','Back','backs@ohsu.edu',0,0,'','','Enabled',NULL,NULL,NULL),(1363,'T.','Ide','teruhiko-ide-zj@tosoh.co.jp',0,0,'','','Enabled',NULL,NULL,NULL),(1364,'K.','Igarashi','igarashi.kazuaki@kao.co.jp',0,0,'','','Enabled',NULL,NULL,NULL),(1365,'K.','Ikizawa','k-ikizawa@taiho.co.jp',0,0,'','','Enabled',NULL,NULL,NULL),(1366,'H.P.','Beck','hans-peter.beck@unibas.ch',0,0,'','','Enabled',NULL,NULL,NULL),(1367,'H.P.','Beck','hans-peter.beck@unibas.ch',0,0,'','','Enabled',NULL,NULL,NULL),(1368,'S.','Inoue','sinoue@nih.go.jp',0,0,'','','Enabled',NULL,NULL,NULL),(1369,'S.C.','Brooks','brooksst@smh.ca',0,0,'','','Enabled',NULL,NULL,NULL),(1370,'S.C.','Brooks','brooksst@smh.ca',0,0,'','','Enabled',NULL,NULL,NULL),(1371,'C.','Ishiguro','ishiguro-chieko@pmda.go.jp',0,0,'','','Enabled',NULL,NULL,NULL),(1372,'M.E.','Hoatlin','hoatlinm@ohsu.edu',0,0,'','','Enabled',NULL,NULL,NULL),(1373,'M.E.','Hoatlin','hoatlinm@ohsu.edu',0,0,'','','Enabled',NULL,NULL,NULL),(1374,'A.','Ishiwari','kagakusousa01@police.pref.kanagawa.jp',0,0,'','','Enabled',NULL,NULL,NULL),(1375,'A.','Ishiwari','kagakusousa01@police.pref.kanagawa.jp',0,0,'','','Enabled',NULL,NULL,NULL),(1376,'A.J.','Hessell','hessell@ohsu.edu',0,0,'','','Enabled',NULL,NULL,NULL),(1377,'A.J.','Hessell','hessell@ohsu.edu',0,0,'','','Enabled',NULL,NULL,NULL),(1378,'A.','Bugey','aurelie.bugey@etat.ge.ch',0,0,'','','Enabled',NULL,NULL,NULL),(1379,'T.I.','Burgess','tburgess@murdoch.edu.au',0,0,'','','Enabled',NULL,NULL,NULL),(1380,'C.L.','Bethea','betheac@ohsu.edu',0,0,'','','Enabled',NULL,NULL,NULL),(1381,'C.L.','Bethea','betheac@ohsu.edu',0,0,'','','Enabled',NULL,NULL,NULL),(1382,'R.E.','Burton','rburton@usgenomics.com',0,0,'','','Enabled',NULL,NULL,NULL),(1383,'R.E.','Burton','rburton@usgenomics.com',0,0,'','','Enabled',NULL,NULL,NULL),(1384,'R.E.','Burton','rburton@usgenomics.com',0,0,'','','Enabled',NULL,NULL,NULL),(1385,'R.E.','Burton','rburton@usgenomics.com',0,0,'','','Enabled',NULL,NULL,NULL),(1386,'R.E.','Burton','rburton@usgenomics.com',0,0,'','','Enabled',NULL,NULL,NULL),(1387,'R.E.','Burton','rburton@usgenomics.com',0,0,'','','Enabled',NULL,NULL,NULL),(1388,'A.C.','Buenafe','buenafea@ohsu.edu',0,0,'','','Enabled',NULL,NULL,NULL),(1389,'A.C.','Buenafe','buenafea@ohsu.edu',0,0,'','','Enabled',NULL,NULL,NULL),(1390,'C.M.','James','cassandra.james@murdoch.edu.au',0,0,'','','Enabled',NULL,NULL,NULL),(1391,'A.C.','Buenafe','buenafea@ohsu.edu',0,0,'','','Enabled',NULL,NULL,NULL),(1392,'A.C.','Buenafe','buenafea@ohsu.edu',0,0,'','','Enabled',NULL,NULL,NULL),(1393,'M.','Jerkic','jerkicm@smh.ca',0,0,'','','Enabled',NULL,NULL,NULL),(1394,'M.P.','Caulfield','michael.p.caulfield@questdiagnostics.com',0,0,'','','Enabled',NULL,NULL,NULL),(1395,'C.S.','Johnson','shanthi.johnson@uregina.ca',0,0,'','','Enabled',NULL,NULL,NULL),(1396,'L.','Johnson','ljohn-son@redcrossblood.org.au',0,0,'','','Enabled',NULL,NULL,NULL),(1397,'L.','Johnson','ljohnson@redcrossblood.org.au',0,0,'','','Enabled',NULL,NULL,NULL),(1398,'C.W.','Jones','cresta.jones@wfhc.org',0,0,'','','Enabled',NULL,NULL,NULL),(1399,'C.','Jorand Lebrun','catherine.jorandlebrun@merckserono.net',0,0,'','','Enabled',NULL,NULL,NULL),(1400,'S.','Jothy','jothys@smh.toronto.on.ca',0,0,'','','Enabled',NULL,NULL,NULL),(1401,'S.','Jothy','jothys@smh.toronto.on.ca',0,0,'','','Enabled',NULL,NULL,NULL),(1402,'W.','Chapco','chapco@uregina.ca',0,0,'','','Enabled',NULL,NULL,NULL),(1403,'W.','Chapco','chapco@uregina.ca',0,0,'','','Enabled',NULL,NULL,NULL),(1404,'M.','Juza','markus.juza@dsm.com',0,0,'','','Enabled',NULL,NULL,NULL),(1405,'S.','Kada','kada@mizkan.co.jp',0,0,'','','Enabled',NULL,NULL,NULL),(1406,'R.M.','Kagan','kaganr@questdiagnostics.com',0,0,'','','Enabled',NULL,NULL,NULL),(1407,'E.D.','Chan','chane@njc.org',0,0,'','','Enabled',NULL,NULL,NULL),(1408,'S.S.','Jonker','jonkers@ohsu.edu',0,0,'','','Enabled',NULL,NULL,NULL),(1409,'S.S.','Jonker','jonkers@ohsu.edu',0,0,'','','Enabled',NULL,NULL,NULL),(1410,'K.','Kamachi','kamachi@nih.go.jp',0,0,'','','Enabled',NULL,NULL,NULL),(1411,'H.','Kambara','hideki.kambara.se@hitachi.com',0,0,'','','Enabled',NULL,NULL,NULL),(1412,'L.','Cheng','l.cheng@murdoch.edu.au',0,0,'','','Enabled',NULL,NULL,NULL),(1413,'T.','Kaneko','takushi.kaneko@tballiance.org',0,0,'','','Enabled',NULL,NULL,NULL),(1414,'L.W.','Jones','jonesl3@mskcc.org',0,0,'','','Enabled',NULL,NULL,NULL),(1415,'L.W.','Jones','jonesl3@mskcc.org',0,0,'','','Enabled',NULL,NULL,NULL),(1416,'Y.H.','Chi','yhchi@boryung.co.kr',0,0,'','','Enabled',NULL,NULL,NULL),(1417,'Y.H.','Chi','yhchi@boryung.co.kr',0,0,'','','Enabled',NULL,NULL,NULL),(1418,'K.','Kamimura','kamimura@cc.okayama-u.ac.jp',0,0,'','','Enabled',NULL,NULL,NULL),(1419,'S.','Kaech','kaechs@ohsu.edu',0,0,'','','Enabled',NULL,NULL,NULL),(1420,'S.','Kaech','kaechs@ohsu.edu',0,0,'','','Enabled',NULL,NULL,NULL),(1421,'J.M.','Chinsky','jchinsky@stagnes.org',0,0,'','','Enabled',NULL,NULL,NULL),(1422,'S.','Kaech','kaechs@ohsu.edu',0,0,'','','Enabled',NULL,NULL,NULL),(1423,'S.','Kaech','kaechs@ohsu.edu',0,0,'','','Enabled',NULL,NULL,NULL),(1424,'A.','Kagawa','kagawa@qc.ee.es.osaka-u.ac.jp',0,0,'','','Enabled',NULL,NULL,NULL),(1425,'A.','Kapus','kapusa@smh.toronto.on.ca',0,0,'','','Enabled',NULL,NULL,NULL),(1426,'A.','Kapus','kapusa@smh.ca',0,0,'','','Enabled',NULL,NULL,NULL),(1427,'J.O.M.','Karlsson','karlsson@alum.mit.edu',0,0,'','','Enabled',NULL,NULL,NULL),(1428,'J.O.M.','Karlsson','karlsson@alum.mit.edu',0,0,'','','Enabled',NULL,NULL,NULL),(1429,'J.O.M.','Karlsson','karlsson@alum.mit.edu',0,0,'','','Enabled',NULL,NULL,NULL),(1430,'J.O.M.','Karlsson','karlsson@alum.mit.edu',0,0,'','','Enabled',NULL,NULL,NULL),(1431,'J.O.M.','Karlsson','karlsson@alum.mit.edu',0,0,'','','Enabled',NULL,NULL,NULL),(1432,'J.O.M.','Karlsson','karlsson@alum.mit.edu',0,0,'','','Enabled',NULL,NULL,NULL),(1433,'J.O.M.','Karlsson','karlsson@alum.mit.edu',0,0,'','','Enabled',NULL,NULL,NULL),(1434,'J.O.M.','Karlsson','karlsson@alum.mit.edu',0,0,'','','Enabled',NULL,NULL,NULL),(1435,'J.O.M.','Karlsson','karlsson@alum.mit.edu',0,0,'','','Enabled',NULL,NULL,NULL),(1436,'J.O.M.','Karlsson','karlsson@alum.mit.edu',0,0,'','','Enabled',NULL,NULL,NULL),(1437,'J.O.M.','Karlsson','karlsson@alum.mit.edu',0,0,'','','Enabled',NULL,NULL,NULL),(1438,'J.O.M.','Karlsson','karlsson@alum.mit.edu',0,0,'','','Enabled',NULL,NULL,NULL),(1439,'J.O.M.','Karlsson','karlsson@alum.mit.edu',0,0,'','','Enabled',NULL,NULL,NULL),(1440,'J.O.M.','Karlsson','karlsson@alum.mit.edu',0,0,'','','Enabled',NULL,NULL,NULL),(1441,'J.O.M.','Karlsson','karlsson@alum.mit.edu',0,0,'','','Enabled',NULL,NULL,NULL),(1442,'J.O.M.','Karlsson','karlsson@alum.mit.edu',0,0,'','','Enabled',NULL,NULL,NULL),(1443,'J.O.M.','Karlsson','karlsson@alum.mit.edu',0,0,'','','Enabled',NULL,NULL,NULL),(1444,'S.S.','Jonker','jonkers@ohsu.edu',0,0,'','','Enabled',NULL,NULL,NULL),(1445,'S.S.','Jonker','jonkers@ohsu.edu',0,0,'','','Enabled',NULL,NULL,NULL),(1446,'J.O.M.','Karlsson','karlsson@alum.mit.edu',0,0,'','','Enabled',NULL,NULL,NULL),(1447,'J.O.M.','Karlsson','karlsson@alum.mit.edu',0,0,'','','Enabled',NULL,NULL,NULL),(1448,'J.O.M.','Karlsson','karlsson@alum.mit.edu',0,0,'','','Enabled',NULL,NULL,NULL),(1449,'J.O.M.','Karlsson','karlsson@alum.mit.edu',0,0,'','','Enabled',NULL,NULL,NULL),(1450,'J.O.M.','Karlsson','karlsson@alum.mit.edu',0,0,'','','Enabled',NULL,NULL,NULL),(1451,'J.O.M.','Karlsson','karlsson@alum.mit.edu',0,0,'','','Enabled',NULL,NULL,NULL),(1452,'J.O.M.','Karlsson','karlsson@alum.mit.edu',0,0,'','','Enabled',NULL,NULL,NULL),(1453,'J.O.M.','Karlsson','karlsson@alum.mit.edu',0,0,'','','Enabled',NULL,NULL,NULL),(1454,'J.O.M.','Karlsson','karlsson@alum.mit.edu',0,0,'','','Enabled',NULL,NULL,NULL),(1455,'J.O.M.','Karlsson','karlsson@alum.mit.edu',0,0,'','','Enabled',NULL,NULL,NULL),(1456,'J.O.M.','Karlsson','karlsson@alum.mit.edu',0,0,'','','Enabled',NULL,NULL,NULL),(1457,'S.','Kaech','kaechs@ohsu.edu',0,0,'','','Enabled',NULL,NULL,NULL),(1458,'S.','Kaech','kaechs@ohsu.edu',0,0,'','','Enabled',NULL,NULL,NULL),(1459,'K.','Kasuya','keigo.kasuya.bp@hitachi.com',0,0,'','','Enabled',NULL,NULL,NULL),(1460,'Y.H.','Choi','yhchoi@deu.ac.kr',0,0,'','','Enabled',NULL,NULL,NULL),(1461,'Y.H.','Choi','yhchoi@deu.ac.kr',0,0,'','','Enabled',NULL,NULL,NULL),(1462,'Y.H.','Choi','yhchoi@deu.ac.kr',0,0,'','','Enabled',NULL,NULL,NULL),(1463,'Y.H.','Choi','yhchoi@deu.ac.kr',0,0,'','','Enabled',NULL,NULL,NULL),(1464,'J.O.M.','Karlsson','karlsson@alum.mit.edu',0,0,'','','Enabled',NULL,NULL,NULL),(1465,'J.O.M.','Karlsson','karlsson@alum.mit.edu',0,0,'','','Enabled',NULL,NULL,NULL),(1466,'J.O.M.','Karlsson','karlsson@alum.mit.edu',0,0,'','','Enabled',NULL,NULL,NULL),(1467,'J.O.M.','Karlsson','karlsson@alum.mit.edu',0,0,'','','Enabled',NULL,NULL,NULL),(1468,'J.O.M.','Karlsson','karlsson@alum.mit.edu',0,0,'','','Enabled',NULL,NULL,NULL),(1469,'J.O.M.','Karlsson','karlsson@alum.mit.edu',0,0,'','','Enabled',NULL,NULL,NULL),(1470,'J.O.M.','Karlsson','karlsson@alum.mit.edu',0,0,'','','Enabled',NULL,NULL,NULL),(1471,'J.O.M.','Karlsson','karlsson@alum.mit.edu',0,0,'','','Enabled',NULL,NULL,NULL),(1472,'J.O.M.','Karlsson','karlsson@alum.mit.edu',0,0,'','','Enabled',NULL,NULL,NULL),(1473,'J.O.M.','Karlsson','karlsson@alum.mit.edu',0,0,'','','Enabled',NULL,NULL,NULL),(1474,'J.O.M.','Karlsson','karlsson@alum.mit.edu',0,0,'','','Enabled',NULL,NULL,NULL),(1475,'J.O.M.','Karlsson','karlsson@alum.mit.edu',0,0,'','','Enabled',NULL,NULL,NULL),(1476,'J.O.M.','Karlsson','karlsson@alum.mit.edu',0,0,'','','Enabled',NULL,NULL,NULL),(1477,'J.O.M.','Karlsson','karlsson@alum.mit.edu',0,0,'','','Enabled',NULL,NULL,NULL),(1478,'J.O.M.','Karlsson','karlsson@alum.mit.edu',0,0,'','','Enabled',NULL,NULL,NULL),(1479,'J.O.M.','Karlsson','karlsson@alum.mit.edu',0,0,'','','Enabled',NULL,NULL,NULL),(1480,'J.O.M.','Karlsson','karlsson@alum.mit.edu',0,0,'','','Enabled',NULL,NULL,NULL),(1481,'J.O.M.','Karlsson','karlsson@alum.mit.edu',0,0,'','','Enabled',NULL,NULL,NULL),(1482,'J.O.M.','Karlsson','karlsson@alum.mit.edu',0,0,'','','Enabled',NULL,NULL,NULL),(1483,'J.O.M.','Karlsson','karlsson@alum.mit.edu',0,0,'','','Enabled',NULL,NULL,NULL),(1484,'J.O.M.','Karlsson','karlsson@alum.mit.edu',0,0,'','','Enabled',NULL,NULL,NULL),(1485,'J.O.M.','Karlsson','karlsson@alum.mit.edu',0,0,'','','Enabled',NULL,NULL,NULL),(1486,'J.O.M.','Karlsson','karlsson@alum.mit.edu',0,0,'','','Enabled',NULL,NULL,NULL),(1487,'J.O.M.','Karlsson','karlsson@alum.mit.edu',0,0,'','','Enabled',NULL,NULL,NULL),(1488,'J.O.M.','Karlsson','karlsson@alum.mit.edu',0,0,'','','Enabled',NULL,NULL,NULL),(1489,'J.O.M.','Karlsson','karlsson@alum.mit.edu',0,0,'','','Enabled',NULL,NULL,NULL),(1490,'J.O.M.','Karlsson','karlsson@alum.mit.edu',0,0,'','','Enabled',NULL,NULL,NULL),(1491,'J.O.M.','Karlsson','karlsson@alum.mit.edu',0,0,'','','Enabled',NULL,NULL,NULL),(1492,'J.O.M.','Karlsson','karlsson@alum.mit.edu',0,0,'','','Enabled',NULL,NULL,NULL),(1493,'J.O.M.','Karlsson','karlsson@alum.mit.edu',0,0,'','','Enabled',NULL,NULL,NULL),(1494,'J.O.M.','Karlsson','karlsson@alum.mit.edu',0,0,'','','Enabled',NULL,NULL,NULL),(1495,'J.O.M.','Karlsson','karlsson@alum.mit.edu',0,0,'','','Enabled',NULL,NULL,NULL),(1496,'J.O.M.','Karlsson','karlsson@alum.mit.edu',0,0,'','','Enabled',NULL,NULL,NULL),(1497,'J.O.M.','Karlsson','karlsson@alum.mit.edu',0,0,'','','Enabled',NULL,NULL,NULL),(1498,'J.O.M.','Karlsson','karlsson@alum.mit.edu',0,0,'','','Enabled',NULL,NULL,NULL),(1499,'J.O.M.','Karlsson','karlsson@alum.mit.edu',0,0,'','','Enabled',NULL,NULL,NULL),(1500,'J.O.M.','Karlsson','karlsson@alum.mit.edu',0,0,'','','Enabled',NULL,NULL,NULL),(1501,'J.O.M.','Karlsson','karlsson@alum.mit.edu',0,0,'','','Enabled',NULL,NULL,NULL),(1502,'J.O.M.','Karlsson','karlsson@alum.mit.edu',0,0,'','','Enabled',NULL,NULL,NULL),(1503,'J.O.M.','Karlsson','karlsson@alum.mit.edu',0,0,'','','Enabled',NULL,NULL,NULL),(1504,'J.O.M.','Karlsson','karlsson@alum.mit.edu',0,0,'','','Enabled',NULL,NULL,NULL),(1505,'J.O.M.','Karlsson','karlsson@alum.mit.edu',0,0,'','','Enabled',NULL,NULL,NULL),(1506,'J.O.M.','Karlsson','karlsson@alum.mit.edu',0,0,'','','Enabled',NULL,NULL,NULL),(1507,'J.O.M.','Karlsson','karlsson@alum.mit.edu',0,0,'','','Enabled',NULL,NULL,NULL),(1508,'J.O.M.','Karlsson','karlsson@alum.mit.edu',0,0,'','','Enabled',NULL,NULL,NULL),(1509,'J.O.M.','Karlsson','karlsson@alum.mit.edu',0,0,'','','Enabled',NULL,NULL,NULL),(1510,'J.O.M.','Karlsson','karlsson@alum.mit.edu',0,0,'','','Enabled',NULL,NULL,NULL),(1511,'J.O.M.','Karlsson','karlsson@alum.mit.edu',0,0,'','','Enabled',NULL,NULL,NULL),(1512,'J.O.M.','Karlsson','karlsson@alum.mit.edu',0,0,'','','Enabled',NULL,NULL,NULL),(1513,'J.O.M.','Karlsson','karlsson@alum.mit.edu',0,0,'','','Enabled',NULL,NULL,NULL),(1514,'J.O.M.','Karlsson','karlsson@alum.mit.edu',0,0,'','','Enabled',NULL,NULL,NULL),(1515,'J.O.M.','Karlsson','karlsson@alum.mit.edu',0,0,'','','Enabled',NULL,NULL,NULL),(1516,'J.O.M.','Karlsson','karlsson@alum.mit.edu',0,0,'','','Enabled',NULL,NULL,NULL),(1517,'J.O.M.','Karlsson','karlsson@alum.mit.edu',0,0,'','','Enabled',NULL,NULL,NULL),(1518,'J.O.M.','Karlsson','karlsson@alum.mit.edu',0,0,'','','Enabled',NULL,NULL,NULL),(1519,'J.O.M.','Karlsson','karlsson@alum.mit.edu',0,0,'','','Enabled',NULL,NULL,NULL),(1520,'J.O.M.','Karlsson','karlsson@alum.mit.edu',0,0,'','','Enabled',NULL,NULL,NULL),(1521,'J.O.M.','Karlsson','karlsson@alum.mit.edu',0,0,'','','Enabled',NULL,NULL,NULL),(1522,'J.O.M.','Karlsson','karlsson@alum.mit.edu',0,0,'','','Enabled',NULL,NULL,NULL),(1523,'J.O.M.','Karlsson','karlsson@alum.mit.edu',0,0,'','','Enabled',NULL,NULL,NULL),(1524,'J.O.M.','Karlsson','karlsson@alum.mit.edu',0,0,'','','Enabled',NULL,NULL,NULL),(1525,'J.O.M.','Karlsson','karlsson@alum.mit.edu',0,0,'','','Enabled',NULL,NULL,NULL),(1526,'J.O.M.','Karlsson','karlsson@alum.mit.edu',0,0,'','','Enabled',NULL,NULL,NULL),(1527,'J.O.M.','Karlsson','karlsson@alum.mit.edu',0,0,'','','Enabled',NULL,NULL,NULL),(1528,'J.O.M.','Karlsson','karlsson@alum.mit.edu',0,0,'','','Enabled',NULL,NULL,NULL),(1529,'J.O.M.','Karlsson','karlsson@alum.mit.edu',0,0,'','','Enabled',NULL,NULL,NULL),(1530,'J.O.M.','Karlsson','karlsson@alum.mit.edu',0,0,'','','Enabled',NULL,NULL,NULL),(1531,'J.O.M.','Karlsson','karlsson@alum.mit.edu',0,0,'','','Enabled',NULL,NULL,NULL),(1532,'J.O.M.','Karlsson','karlsson@alum.mit.edu',0,0,'','','Enabled',NULL,NULL,NULL),(1533,'J.O.M.','Karlsson','karlsson@alum.mit.edu',0,0,'','','Enabled',NULL,NULL,NULL),(1534,'J.O.M.','Karlsson','karlsson@alum.mit.edu',0,0,'','','Enabled',NULL,NULL,NULL),(1535,'J.O.M.','Karlsson','karlsson@alum.mit.edu',0,0,'','','Enabled',NULL,NULL,NULL),(1536,'J.O.M.','Karlsson','karlsson@alum.mit.edu',0,0,'','','Enabled',NULL,NULL,NULL),(1537,'J.O.M.','Karlsson','karlsson@alum.mit.edu',0,0,'','','Enabled',NULL,NULL,NULL),(1538,'J.O.M.','Karlsson','karlsson@alum.mit.edu',0,0,'','','Enabled',NULL,NULL,NULL),(1539,'J.O.M.','Karlsson','karlsson@alum.mit.edu',0,0,'','','Enabled',NULL,NULL,NULL),(1540,'J.O.M.','Karlsson','karlsson@alum.mit.edu',0,0,'','','Enabled',NULL,NULL,NULL),(1541,'J.O.M.','Karlsson','karlsson@alum.mit.edu',0,0,'','','Enabled',NULL,NULL,NULL),(1542,'J.O.M.','Karlsson','karlsson@alum.mit.edu',0,0,'','','Enabled',NULL,NULL,NULL),(1543,'J.O.M.','Karlsson','karlsson@alum.mit.edu',0,0,'','','Enabled',NULL,NULL,NULL),(1544,'J.O.M.','Karlsson','karlsson@alum.mit.edu',0,0,'','','Enabled',NULL,NULL,NULL),(1545,'J.O.M.','Karlsson','karlsson@alum.mit.edu',0,0,'','','Enabled',NULL,NULL,NULL),(1546,'J.O.M.','Karlsson','karlsson@alum.mit.edu',0,0,'','','Enabled',NULL,NULL,NULL),(1547,'J.O.M.','Karlsson','karlsson@alum.mit.edu',0,0,'','','Enabled',NULL,NULL,NULL),(1548,'J.O.M.','Karlsson','karlsson@alum.mit.edu',0,0,'','','Enabled',NULL,NULL,NULL),(1549,'J.O.M.','Karlsson','karlsson@alum.mit.edu',0,0,'','','Enabled',NULL,NULL,NULL),(1550,'J.O.M.','Karlsson','karlsson@alum.mit.edu',0,0,'','','Enabled',NULL,NULL,NULL),(1551,'J.O.M.','Karlsson','karlsson@alum.mit.edu',0,0,'','','Enabled',NULL,NULL,NULL),(1552,'J.O.M.','Karlsson','karlsson@alum.mit.edu',0,0,'','','Enabled',NULL,NULL,NULL),(1553,'J.O.M.','Karlsson','karlsson@alum.mit.edu',0,0,'','','Enabled',NULL,NULL,NULL),(1554,'J.O.M.','Karlsson','karlsson@alum.mit.edu',0,0,'','','Enabled',NULL,NULL,NULL),(1555,'J.O.M.','Karlsson','karlsson@alum.mit.edu',0,0,'','','Enabled',NULL,NULL,NULL),(1556,'J.O.M.','Karlsson','karlsson@alum.mit.edu',0,0,'','','Enabled',NULL,NULL,NULL),(1557,'J.O.M.','Karlsson','karlsson@alum.mit.edu',0,0,'','','Enabled',NULL,NULL,NULL),(1558,'J.O.M.','Karlsson','karlsson@alum.mit.edu',0,0,'','','Enabled',NULL,NULL,NULL),(1559,'J.O.M.','Karlsson','karlsson@alum.mit.edu',0,0,'','','Enabled',NULL,NULL,NULL),(1560,'J.O.M.','Karlsson','karlsson@alum.mit.edu',0,0,'','','Enabled',NULL,NULL,NULL),(1561,'J.O.M.','Karlsson','karlsson@alum.mit.edu',0,0,'','','Enabled',NULL,NULL,NULL),(1562,'J.O.M.','Karlsson','karlsson@alum.mit.edu',0,0,'','','Enabled',NULL,NULL,NULL),(1563,'C.','Kataoka Hamai','KATAOKA.Chiho@nims.go.jp',0,0,'','','Enabled',NULL,NULL,NULL),(1564,'A.','Kato','akato@nih.go.jp',0,0,'','','Enabled',NULL,NULL,NULL),(1565,'M.','Kato','kmasaru@kirin.co.jp',0,0,'','','Enabled',NULL,NULL,NULL),(1566,'J.O.M.','Karlsson','karlsson@alum.mit.edu',0,0,'','','Enabled',NULL,NULL,NULL),(1567,'H.','Katoh','kato0704@nih.go.jp',0,0,'','','Enabled',NULL,NULL,NULL),(1568,'B.H.','Chang','changb@ohsu.edu',0,0,'','','Enabled',NULL,NULL,NULL),(1569,'B.H.','Chang','changb@ohsu.edu',0,0,'','','Enabled',NULL,NULL,NULL),(1570,'C.Y.','Cheung','cheungce@ohsu.edu',0,0,'','','Enabled',NULL,NULL,NULL),(1571,'C.Y.','Cheung','cheungce@ohsu.edu',0,0,'','','Enabled',NULL,NULL,NULL),(1572,'R.','Kawabata','rumi-kawabata@taiho.co.jp',0,0,'','','Enabled',NULL,NULL,NULL),(1573,'S.S.','Jonker','jonkers@ohsu.edu',0,0,'','','Enabled',NULL,NULL,NULL),(1574,'S.S.','Jonker','jonkers@ohsu.edu',0,0,'','','Enabled',NULL,NULL,NULL),(1575,'B.H.','Chang','changb@ohsu.edu',0,0,'','','Enabled',NULL,NULL,NULL),(1576,'B.H.','Chang','changb@ohsu.edu',0,0,'','','Enabled',NULL,NULL,NULL),(1577,'A.','Kawamoto','kawamoto@fbri.org',0,0,'','','Enabled',NULL,NULL,NULL),(1578,'Y.','Kawamura','k-yusuke@toranomon.gr.jp',0,0,'','','Enabled',NULL,NULL,NULL),(1579,'K.T.','Chun','kchun@iupui.edu',0,0,'','','Enabled',NULL,NULL,NULL),(1580,'H.','Kazuno','h-kazuno@taiho.co.jp',0,0,'','','Enabled',NULL,NULL,NULL),(1581,'S.','Karimi','karimis@mskcc.org',0,0,'','','Enabled',NULL,NULL,NULL),(1582,'S.','Karimi','karimis@mskcc.org',0,0,'','','Enabled',NULL,NULL,NULL),(1583,'T.','Kenri','kenri@nih.go.jp',0,0,'','','Enabled',NULL,NULL,NULL),(1584,'S.G.','Keswani','sgkeswan@texaschildrens.org',0,0,'','','Enabled',NULL,NULL,NULL),(1585,'J.','Conlan','j.conlan@murdoch.edu.au',0,0,'','','Enabled',NULL,NULL,NULL),(1586,'K.A.','Connelly','connellyk@smh.ca',0,0,'','','Enabled',NULL,NULL,NULL),(1587,'P.W.','Connelly','connellyp@smh.toronto.on.ca',0,0,'','','Enabled',NULL,NULL,NULL),(1588,'M.B.','Cooke','matt.cooke@vu.edu.au',0,0,'','','Enabled',NULL,NULL,NULL),(1589,'Bart','De Spiegeleer','bart.despiegeleer@ugent.be',0,0,'','','Enabled',NULL,NULL,NULL),(1590,'A.J.','Cowieson','aaron.cowieson@dsm.com',0,0,'','','Enabled',NULL,NULL,NULL),(1591,'Ki','Chan','chanki@cuhk.edu.hk',0,0,'','','Enabled',NULL,NULL,NULL),(1592,'T.','Kimoto','t.kimoto@teijin.co.jp',0,0,'','','Enabled',NULL,NULL,NULL),(1593,'A.J.','Currie','a.currie@murdoch.edu.au',0,0,'','','Enabled',NULL,NULL,NULL),(1594,'T.','Kimura','t.kimura@teijin.co.jp',0,0,'','','Enabled',NULL,NULL,NULL),(1595,'B.','Custer','bcuster@bloodsystems.org',0,0,'','','Enabled',NULL,NULL,NULL),(1596,'T.','Kinouchi','toshi.kinouchi@meiji.com',0,0,'','','Enabled',NULL,NULL,NULL),(1597,'H.','Daicho','hdaicho@koito.co.jp',0,0,'','','Enabled',NULL,NULL,NULL),(1598,'S.','Dames','shale.dames@aruplab.com',0,0,'','','Enabled',NULL,NULL,NULL),(1599,'T.R.','Daniels','danielst@smh.toronto.on.ca',0,0,'','','Enabled',NULL,NULL,NULL),(1600,'T.R.','Daniels','danielst@smh.toronto.on.ca',0,0,'','','Enabled',NULL,NULL,NULL),(1601,'Qi  S.','Zheng','njcvc1302@163.com',0,0,'','','Enabled',NULL,NULL,NULL),(1602,'B.S.','Klein','bsklein@wisc.edu',0,0,'','','Enabled',NULL,NULL,NULL),(1603,'S.','Kim','sarasound@aol.com',0,0,'','','Enabled',NULL,NULL,NULL),(1604,'J.O.M.','Karlsson','karlsson@alum.mit.edu',0,0,'','','Enabled',NULL,NULL,NULL),(1605,'J.O.M.','Karlsson','karlsson@alum.mit.edu',0,0,'','','Enabled',NULL,NULL,NULL),(1606,'J.R.','Kirsch','kirschje@ohsu.edu',0,0,'','','Enabled',NULL,NULL,NULL),(1607,'J.R.','Kirsch','kirschje@ohsu.edu',0,0,'','','Enabled',NULL,NULL,NULL),(1608,'A.M.','Cohen','cohenaa@ohsu.edu',0,0,'','','Enabled',NULL,NULL,NULL),(1609,'A.M.','Cohen','cohenaa@ohsu.edu',0,0,'','','Enabled',NULL,NULL,NULL),(1610,'Andre','Skirtach','andre.skirtach@ugent.be',0,0,'','','Enabled',NULL,NULL,NULL),(1611,'J.R.','Kirsch','kirschje@ohsu.edu',0,0,'','','Enabled',NULL,NULL,NULL),(1612,'J.R.','Kirsch','kirschje@ohsu.edu',0,0,'','','Enabled',NULL,NULL,NULL),(1613,'Osama','Chahrour','osama.chahrour@almacgroup.com',0,0,'','','Enabled',NULL,NULL,NULL),(1614,'K.','Kobayashi','kobayashik7@sc.sumitomo-chem.co.jp',0,0,'','','Enabled',NULL,NULL,NULL),(1615,'Frederick','Verbeke','frederick.verbeke@ugent.be',0,0,'','','Enabled',NULL,NULL,NULL),(1616,'M.M.','Dean','meldean@arcbs.redcross.org.au',0,0,'','','Enabled',NULL,NULL,NULL),(1617,'Evelien','Wynendaele','Ejwynend.Wynendaele@UGent.be',0,0,'','','Enabled',NULL,NULL,NULL),(1618,'Evelien','Wynendaele','Ejwynend.Wynendaele@UGent.be',0,0,'','','Enabled',NULL,NULL,NULL),(1619,'J.','Koenig','jochen.koenig@genedata.com',0,0,'','','Enabled',NULL,NULL,NULL),(1620,'Ran','Wei','wei2@sc.edu',0,0,'','','Enabled',NULL,NULL,NULL),(1621,'A.M.','Cohen','cohenaa@ohsu.edu',0,0,'','','Enabled',NULL,NULL,NULL),(1622,'A.M.','Cohen','cohenaa@ohsu.edu',0,0,'','','Enabled',NULL,NULL,NULL),(1623,'Jessica  R.','Chapman','chapmanj@mskcc.org',0,0,'','','Enabled',NULL,NULL,NULL),(1624,'Jessica  R.','Chapman','chapmanj@mskcc.org',0,0,'','','Enabled',NULL,NULL,NULL),(1625,'H.','Kondo','kondo.hidehiko@kao.co.jp',0,0,'','','Enabled',NULL,NULL,NULL),(1626,'K.','Kondo','kondok@kirin.co.jp',0,0,'','','Enabled',NULL,NULL,NULL),(1627,'Santiago','','santiago.valdez@ues.mx',0,0,'','','Enabled',NULL,NULL,NULL),(1628,'K.T.','HayGlass','hayglass@cc.umanitoba.ca',0,0,'','','Enabled',NULL,NULL,NULL),(1629,'Mir','Mehraj Ud Din','mir117@rediffmail.com',0,0,'','','Enabled',NULL,NULL,NULL),(1630,'Bin','Xu','bxu@mail.shcnc.ac.cn',0,0,'','','Enabled',NULL,NULL,NULL),(1631,'S.J.','Danishefsky','danishes@mskcc.org',0,0,'','','Enabled',NULL,NULL,NULL),(1632,'S.J.','Danishefsky','danishes@mskcc.org',0,0,'','','Enabled',NULL,NULL,NULL),(1633,'Chunping','Xu','c.p.xu@zzuli.edu.cn',0,0,'','','Enabled',NULL,NULL,NULL),(1634,'S.','Devaraj','sxdevara@texaschildrens.org',0,0,'','','Enabled',NULL,NULL,NULL),(1635,'Kalman','Filanovsky','kalmanph@clalit.org.il',0,0,'','','Enabled',NULL,NULL,NULL),(1636,'T.','Koshiba','koshiba@kyudai.jp',0,0,'','','Enabled',NULL,NULL,NULL),(1637,'I.','Kostanic','kostanic@fit.edu',0,0,'','','Enabled',NULL,NULL,NULL),(1638,'I.','Kostanic','kostanic@fit.edu',0,0,'','','Enabled',NULL,NULL,NULL),(1639,'D.','de Wolf','daniel.dewolf@ugent.be',0,0,'','','Enabled',NULL,NULL,NULL),(1640,'D.','de Wolf','daniel.dewolf@ugent.be',0,0,'','','Enabled',NULL,NULL,NULL),(1641,'D.','de Wolf','daniel.dewolf@ugent.be',0,0,'','','Enabled',NULL,NULL,NULL),(1642,'Xiaofen','Meng','meng6810@126.com',0,0,'','','Enabled',NULL,NULL,NULL),(1643,'P.F.','Alewood','p.alewood@imb.uq.edu.au',0,0,'','','Enabled',NULL,NULL,NULL),(1644,'Z.','Peng','zpeng@ms.umanitoba.ca',0,0,'','','Enabled',NULL,NULL,NULL),(1645,'D.B.','Northrop','dbnorthrop@pharmacy.wisc.edu',0,0,'','','Enabled',NULL,NULL,NULL),(1646,'D.B.','Northrop','dbnorthrop@pharmacy.wisc.edu',0,0,'','','Enabled',NULL,NULL,NULL),(1647,'Amanda  L.','Cirello','acirello@tarveda.com',0,0,'','','Enabled',NULL,NULL,NULL),(1648,'Dongwei','Huang','tjhuangdw@163.com',0,0,'','','Enabled',NULL,NULL,NULL),(1649,'B.','Holzmann','bernhard.holzmann@tum.de',0,0,'','','Enabled',NULL,NULL,NULL),(1650,'Alex','Xenopoulos','alex.xenopoulos@emdmillipore.com',0,0,'','','Enabled',NULL,NULL,NULL),(1651,'J.S.','Dlott','jeffrey.s.dlott@questdiagnostics.com',0,0,'','','Enabled',NULL,NULL,NULL),(1652,'T.','Doi','tomoko@crl.mei.co.jp',0,0,'','','Enabled',NULL,NULL,NULL),(1653,'Shanthi','Nagarajan','nagaraja@ohsu.edu',0,0,'','','Enabled',NULL,NULL,NULL),(1654,'Shanthi','Nagarajan','nagaraja@ohsu.edu',0,0,'','','Enabled',NULL,NULL,NULL),(1655,'A.','Kugimiya','kugimiya@hiroshima-cu.ac.jp',0,0,'','','Enabled',NULL,NULL,NULL),(1656,'W.M.','Kuebler','kueblerw@smh.ca',0,0,'','','Enabled',NULL,NULL,NULL),(1657,'W.M.','Kuebler','kueblerw@smh.toronto.on.ca',0,0,'','','Enabled',NULL,NULL,NULL),(1658,'B.','Kuhn','bkuhn@oist.jp',0,0,'','','Enabled',NULL,NULL,NULL),(1659,'I.','Kukimoto','ikuki@niid.go.jp',0,0,'','','Enabled',NULL,NULL,NULL),(1660,'V.A.','Mordvinov','mordvin@bionet.nsc.ru',0,0,'','','Enabled',NULL,NULL,NULL),(1661,'Y.','Takahashi','ytakahas@nih.go.jp',0,0,'','','Enabled',NULL,NULL,NULL),(1662,'P.','Dorian','dorianp@smh.toronto.on.ca',0,0,'','','Enabled',NULL,NULL,NULL),(1663,'D.','Makris','methuth@uth.gr',0,0,'','','Enabled',NULL,NULL,NULL),(1664,'K.','Mutton','ken.mutton@hpa.org.uk',0,0,'','','Enabled',NULL,NULL,NULL),(1665,'C.C.','DosSantos','dossantosc@smh.toronto.on.ca',0,0,'','','Enabled',NULL,NULL,NULL),(1666,'Y.','Kunori','y.kunori@teijin.co.jp',0,0,'','','Enabled',NULL,NULL,NULL),(1667,'Arun','Sahai','arun.sahai@gstt.nhs.uk',0,0,'','','Enabled',NULL,NULL,NULL),(1668,'Arun','Sahai','arun.sahai@gstt.nhs.uk',0,0,'','','Enabled',NULL,NULL,NULL),(1669,'E.S.','Drummond','E.Drummond@murdoch.edu.au',0,0,'','','Enabled',NULL,NULL,NULL),(1670,'M.','Kusuhara','m.kusuhara@scchr.jp',0,0,'','','Enabled',NULL,NULL,NULL),(1671,'H.','Kusunoki','kusunoki@niid.go.jp',0,0,'','','Enabled',NULL,NULL,NULL),(1672,'M.J.','Kutryk','kutrykm@smh.ca',0,0,'','','Enabled',NULL,NULL,NULL),(1673,'M.J.','Kutryk','kutrykm@smh.ca',0,0,'','','Enabled',NULL,NULL,NULL),(1674,'Y.','Nakanishi','nakanaka@kenroku.kanazawa-u.ac.jp',0,0,'','','Enabled',NULL,NULL,NULL),(1675,'G.','Kuznetsov','galina_kuznetsov@eri.eisai.com',0,0,'','','Enabled',NULL,NULL,NULL),(1676,'M.C.','Duke','mikel.duke@vu.edu.au',0,0,'','','Enabled',NULL,NULL,NULL),(1677,'G.','la Fata','giorgio.lafata@dsm.com',0,0,'','','Enabled',NULL,NULL,NULL),(1678,'J.','Lahiri','lahirij@corning.com',0,0,'','','Enabled',NULL,NULL,NULL),(1679,'Maharij  Haroon','Jadoon','maharijjadoon@yahoo.com',0,0,'','','Enabled',NULL,NULL,NULL),(1680,'Maharij  Haroon','Jadoon','maharijjadoon@yahoo.com',0,0,'','','Enabled',NULL,NULL,NULL),(1681,'T.','Yokota','t.yokota@scchr.jp',0,0,'','','Enabled',NULL,NULL,NULL),(1682,'H.A.','Lane','heidi.lane@basilea.com',0,0,'','','Enabled',NULL,NULL,NULL),(1683,'J.B.','Egan','jegan@biochem.adelaide.edu.au',0,0,'','','Enabled',NULL,NULL,NULL),(1684,'I.','Collins','ian.collins@icr.ac.uk',0,0,'','','Enabled',NULL,NULL,NULL),(1685,'M.C.','Lanteri','mlanteri@bloodsystems.org',0,0,'','','Enabled',NULL,NULL,NULL),(1686,'B.','De Paepe','boel.depaepe@ugent.be',0,0,'','','Enabled',NULL,NULL,NULL),(1687,'M.G.','Elgort','marc.elgort@aruplab.com',0,0,'','','Enabled',NULL,NULL,NULL),(1688,'H.K.F.','Lau','lauh@smh.toronto.on.ca',0,0,'','','Enabled',NULL,NULL,NULL),(1689,'S.E.','Lamhamedi Cherradi','salah.cherradi@cellgenesys.com',0,0,'','','Enabled',NULL,NULL,NULL),(1690,'S.E.','Lamhamedi Cherradi','salah.cherradi@cellgenesys.com',0,0,'','','Enabled',NULL,NULL,NULL),(1691,'S.E.','Lamhamedi Cherradi','salah.cherradi@cellgenesys.com',0,0,'','','Enabled',NULL,NULL,NULL),(1692,'J.','Laurent','julien.laurent@merckgroup.com',0,0,'','','Enabled',NULL,NULL,NULL),(1693,'L.J.','Layfield','layfiel@aruplab.com',0,0,'','','Enabled',NULL,NULL,NULL),(1694,'Zhuo','Ma','404332631@qq.com',0,0,'','','Enabled',NULL,NULL,NULL),(1695,'J.H.','LeBowitz','jlebowitz@bmrn.com',0,0,'','','Enabled',NULL,NULL,NULL),(1696,'T. Thanga','Mariappan','thanga.mariappan@syngeneintl.com',0,0,'','','Enabled',NULL,NULL,NULL),(1697,'H.A.','Epstein','howard.epstein@emdchemicals.com',0,0,'','','Enabled',NULL,NULL,NULL),(1698,'Junjie','Wang','wangjunjie1587@163.com',0,0,'','','Enabled',NULL,NULL,NULL),(1699,'Y.','Ni','yicheng.ni@med.kuleuven.be',0,0,'','','Enabled',NULL,NULL,NULL),(1700,'L.','Eshraghi','L.Eshraghi@murdoch.edu.au',0,0,'','','Enabled',NULL,NULL,NULL),(1701,'D.','Ezcurra','diego.ezcurra@emdserono.com',0,0,'','','Enabled',NULL,NULL,NULL),(1702,'Yun','Liu','xyun2005@163.com',0,0,'','','Enabled',NULL,NULL,NULL),(1703,'J.','de Bono','jdebono@icr.ac.uk',0,0,'','','Enabled',NULL,NULL,NULL),(1704,'W.L.','Lee','leew@smh.ca',0,0,'','','Enabled',NULL,NULL,NULL),(1705,'W.L.','Lee','leew@smh.ca',0,0,'','','Enabled',NULL,NULL,NULL),(1706,'A.M.','Leen','amleen@txccc.org',0,0,'','','Enabled',NULL,NULL,NULL),(1707,'P.','Brust','p.brust@hzdr.de',0,0,'','','Enabled',NULL,NULL,NULL),(1708,'F.','Lefort','francois.lefort@hesge.ch',0,0,'','','Enabled',NULL,NULL,NULL),(1709,'J.','Jassem','jjassem@amg.gda.pl',0,0,'','','Enabled',NULL,NULL,NULL),(1710,'A.G.','Feldman','afeldman@luriechildrens.org',0,0,'','','Enabled',NULL,NULL,NULL),(1711,'M.','Felo','michael.felo@emdmillipore.com',0,0,'','','Enabled',NULL,NULL,NULL),(1712,'H.','Leong Poi','singhk@smh.ca',0,0,'','','Enabled',NULL,NULL,NULL),(1713,'H.','Leong Poi','singhk@smh.ca',0,0,'','','Enabled',NULL,NULL,NULL),(1714,'H.','Leong Poi','leong-poih@smh.toronto.on.ca',0,0,'','','Enabled',NULL,NULL,NULL),(1715,'H.','Leong Poi','leong-poih@smh.ca',0,0,'','','Enabled',NULL,NULL,NULL),(1716,'H.','Leong Poi','leong-poih@smh.ca',0,0,'','','Enabled',NULL,NULL,NULL),(1717,'H.','Leong Poi','leong-poih@smh.toronto.on.ca',0,0,'','','Enabled',NULL,NULL,NULL),(1718,'J.L.','Pilgrim','jenniferp@vifm.org',0,0,'','','Enabled',NULL,NULL,NULL),(1719,'H.P.','Lassalle','h.lassalle@nancy.unicancer.fr',0,0,'','','Enabled',NULL,NULL,NULL),(1720,'C.','Ferran','cferran@bidmc.harvard.edu',0,0,'','','Enabled',NULL,NULL,NULL),(1721,'H.P.','Lassalle','h.lassalle@nancy.unicancer.fr',0,0,'','','Enabled',NULL,NULL,NULL),(1722,'C.','Ferran','cferran@bidmc.harvard.edu',0,0,'','','Enabled',NULL,NULL,NULL),(1723,'P.','Levinger','pazit.levinger@vu.edu.au',0,0,'','','Enabled',NULL,NULL,NULL),(1724,'S.','Levy','samuel.levy@celera.com',0,0,'','','Enabled',NULL,NULL,NULL),(1725,'S.','Latcha','latchas@mskcc.org',0,0,'','','Enabled',NULL,NULL,NULL),(1726,'S.','Latcha','latchas@mskcc.org',0,0,'','','Enabled',NULL,NULL,NULL),(1727,'R.G.','Gilbert','b.gilbert@uq.edu.au',0,0,'','','Enabled',NULL,NULL,NULL),(1728,'S.','Latcha','latchas@mskcc.org',0,0,'','','Enabled',NULL,NULL,NULL),(1729,'S.','Latcha','latchas@mskcc.org',0,0,'','','Enabled',NULL,NULL,NULL),(1730,'E.F.','Etter','efe3c@virginia.edu',0,0,'','','Enabled',NULL,NULL,NULL),(1731,'S.','Latcha','latchas@mskcc.org',0,0,'','','Enabled',NULL,NULL,NULL),(1732,'S.','Latcha','latchas@mskcc.org',0,0,'','','Enabled',NULL,NULL,NULL),(1733,'S.','Latcha','latchas@mskcc.org',0,0,'','','Enabled',NULL,NULL,NULL),(1734,'S.','Latcha','latchas@mskcc.org',0,0,'','','Enabled',NULL,NULL,NULL),(1735,'S.','Latcha','latchas@mskcc.org',0,0,'','','Enabled',NULL,NULL,NULL),(1736,'S.','Latcha','latchas@mskcc.org',0,0,'','','Enabled',NULL,NULL,NULL),(1737,'V.','Leytin','leytinv@smh.ca',0,0,'','','Enabled',NULL,NULL,NULL),(1738,'V.','Leytin','leytinv@smh.ca',0,0,'','','Enabled',NULL,NULL,NULL),(1739,'I.','Findlay','ian@agrf.org.au',0,0,'','','Enabled',NULL,NULL,NULL),(1740,'G.','Finer','gfiner@luriechildrens.org',0,0,'','','Enabled',NULL,NULL,NULL),(1741,'H.P.','Fischer','hans-peter.fischer@genedata.com',0,0,'','','Enabled',NULL,NULL,NULL),(1742,'S.','Latcha','latchas@mskcc.org',0,0,'','','Enabled',NULL,NULL,NULL),(1743,'S.','Latcha','latchas@mskcc.org',0,0,'','','Enabled',NULL,NULL,NULL),(1744,'S.','Latcha','latchas@mskcc.org',0,0,'','','Enabled',NULL,NULL,NULL),(1745,'S.','Latcha','latchas@mskcc.org',0,0,'','','Enabled',NULL,NULL,NULL),(1746,'S.','Jana','Snehasis.Jana@syngeneintl.com',0,0,'','','Enabled',NULL,NULL,NULL),(1747,'S.','Latcha','latchas@mskcc.org',0,0,'','','Enabled',NULL,NULL,NULL),(1748,'S.','Latcha','latchas@mskcc.org',0,0,'','','Enabled',NULL,NULL,NULL),(1749,'H.','Tabata','Homare.Tabata@mitsui-chem.co.jp',0,0,'','','Enabled',NULL,NULL,NULL),(1750,'B.','Kobe','b.kobe@uq.edu.au',0,0,'','','Enabled',NULL,NULL,NULL),(1751,'R.','Li','lir@smh.toronto.on.ca',0,0,'','','Enabled',NULL,NULL,NULL),(1752,'R.','Li','lir@smh.toronto.on.ca',0,0,'','','Enabled',NULL,NULL,NULL),(1753,'P.','Flanagan','peter.flanagan@nzblood.co.nz',0,0,'','','Enabled',NULL,NULL,NULL),(1754,'T.C.','Li','litc@nih.go.jp',0,0,'','','Enabled',NULL,NULL,NULL),(1755,'S.','Latcha','latchas@mskcc.org',0,0,'','','Enabled',NULL,NULL,NULL),(1756,'S.','Latcha','latchas@mskcc.org',0,0,'','','Enabled',NULL,NULL,NULL),(1757,'J.','Bondeson','BondesonJ@cf.ac.uk',0,0,'','','Enabled',NULL,NULL,NULL),(1758,'J.','Bondeson','BondesonJ@cf.ac.uk',0,0,'','','Enabled',NULL,NULL,NULL),(1759,'J.','Bondeson','BondesonJ@cf.ac.uk',0,0,'','','Enabled',NULL,NULL,NULL),(1760,'J.S.','de Bono','johann.de-bono@icr.ac.uk',0,0,'','','Enabled',NULL,NULL,NULL),(1761,'G.','Barone','giuseppe.barone@icr.ac.uk',0,0,'','','Enabled',NULL,NULL,NULL),(1762,'K.','Nurgali','kulmira.nurgali@vu.edu.au',0,0,'','','Enabled',NULL,NULL,NULL),(1763,'V.','Krytof','vladimir.krystof@upol.cz',0,0,'','','Enabled',NULL,NULL,NULL),(1764,'A.','Arcangeli','andrea.arcangeli@rm.unicatt.it',0,0,'','','Enabled',NULL,NULL,NULL),(1765,'J.','Sachin','sachin10pharmacy@gmail.com',0,0,'','','Enabled',NULL,NULL,NULL),(1766,'M.','Van Boven','maurits.vanboven@pharm.kuleuven.be',0,0,'','','Enabled',NULL,NULL,NULL),(1767,'R.E.','Castro','ruieduardocastro@ff.ulisboa.pt',0,0,'','','Enabled',NULL,NULL,NULL),(1768,'G.','Broessner','gregor.broessner@i-med.ac.at',0,0,'','','Enabled',NULL,NULL,NULL),(1769,'A.','Jozkowicz','alicja.jozkowicz@uj.edu.pl',0,0,'','','Enabled',NULL,NULL,NULL),(1770,'S.','Latcha','latchas@mskcc.org',0,0,'','','Enabled',NULL,NULL,NULL),(1771,'S.','Latcha','latchas@mskcc.org',0,0,'','','Enabled',NULL,NULL,NULL),(1772,'R.','Ford','rford@se.fit.edu',0,0,'','','Enabled',NULL,NULL,NULL),(1773,'S.P.','Putluru','sivaprasad.putlur@syngeneintl.com',0,0,'','','Enabled',NULL,NULL,NULL),(1774,'R.','Ford','rford@se.fit.edu',0,0,'','','Enabled',NULL,NULL,NULL),(1775,'R.I.','Liem','rliem@luriechildrens.org',0,0,'','','Enabled',NULL,NULL,NULL),(1776,'A.','Taniguchi','TANIGUCHI.Akiyoshi@nims.go.jp',0,0,'','','Enabled',NULL,NULL,NULL),(1777,'S.A.','Forman','forman@helix.mgh.harvard.edu',0,0,'','','Enabled',NULL,NULL,NULL),(1778,'S.A.','Forman','saforman@partners.org',0,0,'','','Enabled',NULL,NULL,NULL),(1779,'J.','Fosu Nyarko','j.fosu-nyarko@murdoch.edu.au',0,0,'','','Enabled',NULL,NULL,NULL),(1780,'S.M.','Lim','bio9lim@boryung.co.kr',0,0,'','','Enabled',NULL,NULL,NULL),(1781,'S.M.','Lim','bio9lim@boryung.co.kr',0,0,'','','Enabled',NULL,NULL,NULL),(1782,'A.','Fowler','ann.fowler@dsm.com',0,0,'','','Enabled',NULL,NULL,NULL),(1783,'E.L.','Frank','e.frank@aruplab.com',0,0,'','','Enabled',NULL,NULL,NULL),(1784,'B.A.','French','bf4g@eservices.virginia.edu',0,0,'','','Enabled',NULL,NULL,NULL),(1785,'N.','Fujimori','fujimori-akcb@pref.yamanashi.lg.jp',0,0,'','','Enabled',NULL,NULL,NULL),(1786,'T.','Fujimura','fujimura.tsutomu@kao.co.jp',0,0,'','','Enabled',NULL,NULL,NULL),(1787,'H.','Fujinaka','fujinaka.hidetake@kao.co.jp',0,0,'','','Enabled',NULL,NULL,NULL),(1788,'N.','Fujimori','fujimori-akcb@pref.yamanashi.lg.jp',0,0,'','','Enabled',NULL,NULL,NULL),(1789,'K.M.','Lo','klo@emdlexigen.com',0,0,'','','Enabled',NULL,NULL,NULL),(1790,'Y.','Fujisawa','recfuji@kms.ac.jp',0,0,'','','Enabled',NULL,NULL,NULL),(1791,'M.','Fukasawa','fuka@nih.go.jp',0,0,'','','Enabled',NULL,NULL,NULL),(1792,'H.','Fukazawa','fukazawa@nih.go.jp',0,0,'','','Enabled',NULL,NULL,NULL),(1793,'Y.','Fukui','y-fukui@taiho.co.jp',0,0,'','','Enabled',NULL,NULL,NULL),(1794,NULL,NULL,'azargaran@sina.tums.ac.ir',0,0,'','','Enabled',NULL,NULL,NULL),(1795,NULL,NULL,'yamada.s@kao.com',0,0,'','','Enabled',NULL,NULL,NULL),(1796,NULL,NULL,'kostasm@ekmd.huji.ac.il',0,0,'','','Enabled',NULL,NULL,NULL),(1797,NULL,NULL,'navasona.krishnan@abbvie.com',0,0,'','','Enabled',NULL,NULL,NULL),(1798,NULL,NULL,'profdramer@yahoo.com',0,0,'','','Enabled',NULL,NULL,NULL),(1799,NULL,NULL,'sarkadil@atomki.hu',0,0,'','','Enabled',NULL,NULL,NULL),(1800,NULL,NULL,'tasos_serbis@yahoo.com',0,0,'','','Enabled',NULL,NULL,NULL),(1801,NULL,NULL,'kazachki@comcast.net',0,0,'','','Enabled',NULL,NULL,NULL),(1802,NULL,NULL,'rbrainard@sunypoly.edu',0,0,'','','Enabled',NULL,NULL,NULL),(1803,NULL,NULL,'kcjrsp@uohyd.ernet.in',0,0,'','','Enabled',NULL,NULL,NULL),(1804,NULL,NULL,'sahar.abdalla@uofk.edu',0,0,'','','Enabled',NULL,NULL,NULL),(1805,NULL,NULL,'eshirani@gmail.com',0,0,'','','Enabled',NULL,NULL,NULL),(1806,NULL,NULL,'wangwei@jipd.com',0,0,'','','Enabled',NULL,NULL,NULL),(1807,NULL,NULL,'wangwei@jipd.com',0,0,'','','Enabled',NULL,NULL,NULL),(1808,NULL,NULL,'wangwei@jipd.com',0,0,'','','Enabled',NULL,NULL,NULL),(1809,NULL,NULL,'carcamo@unam.mx',0,0,'','','Enabled',NULL,NULL,NULL),(1810,NULL,NULL,'veluvarthy@yahoo.com',0,0,'','','Enabled',NULL,NULL,NULL),(1811,NULL,NULL,'mickeyg@tauex.tau.ac.il',0,0,'','','Enabled',NULL,NULL,NULL),(1812,NULL,NULL,'yamakado@wakayama-u.ac.jp',0,0,'','','Enabled',NULL,NULL,NULL),(1813,NULL,NULL,'yujiohashi@jcom.home.ne.jp',0,0,'','','Enabled',NULL,NULL,NULL),(1814,NULL,NULL,'m.heydarnejad@utas.edu.au',0,0,'','','Enabled',NULL,NULL,NULL),(1815,NULL,NULL,'rge3@psu.edu',0,0,'','','Enabled',NULL,NULL,NULL),(1816,NULL,NULL,'paulapriscilamv@yahoo.com.br',0,0,'','','Enabled',NULL,NULL,NULL),(1817,NULL,NULL,'theovankempen@yahoo.com',0,0,'','','Enabled',NULL,NULL,NULL),(1818,NULL,NULL,'ostrichkhalid@zu.edu.eg',0,0,'','','Enabled',NULL,NULL,NULL),(1819,NULL,NULL,'zahoorwani_103@yahoo.co.in',0,0,'','','Enabled',NULL,NULL,NULL),(1820,NULL,NULL,'nauman535@yahoo.com',0,0,'','','Enabled',NULL,NULL,NULL),(1821,NULL,NULL,'junjiehit@163.com',0,0,'','','Enabled',NULL,NULL,NULL),(1822,NULL,NULL,'rsimmonds@unr.edu',0,0,'','','Enabled',NULL,NULL,NULL),(1823,NULL,NULL,'Maryam.Sattari@medicine.ufl.edu',0,0,'','','Enabled',NULL,NULL,NULL),(1824,NULL,NULL,'mahmoodhere@gmail.com',0,0,'','','Enabled',NULL,NULL,NULL),(1825,NULL,NULL,'piotr.szefer@gumed.edu.pl',0,0,'','','Enabled',NULL,NULL,NULL),(1826,NULL,NULL,'pszef@gumed.edu.pl',0,0,'','','Enabled',NULL,NULL,NULL),(1827,NULL,NULL,'zhiyonghecn@sina.com',0,0,'','','Enabled',NULL,NULL,NULL),(1828,NULL,NULL,'anugu.amarender.reddy@gmail.com',0,0,'','','Enabled',NULL,NULL,NULL),(1829,NULL,NULL,'w.c.tsoi@swansea.ac.uk',0,0,'','','Enabled',NULL,NULL,NULL),(1830,NULL,NULL,'tasos_serbis@yahoo.com',0,0,'','','Enabled',NULL,NULL,NULL),(1831,NULL,NULL,'shilmi@yildiz.edu.tr',0,0,'','','Enabled',NULL,NULL,NULL),(1832,NULL,NULL,'djli@whu.edu.cn',0,0,'','','Enabled',NULL,NULL,NULL),(1833,NULL,NULL,'futaki@scl.kyoto-u.ac.jp',0,0,'','','Enabled',NULL,NULL,NULL),(1834,NULL,NULL,'achini@cnb.csic.es',0,0,'','','Enabled',NULL,NULL,NULL),(1835,NULL,NULL,'lly2020@smu.edu.cn',0,0,'','','Enabled',NULL,NULL,NULL),(1836,NULL,NULL,'baezmdc@yahoo.com.ar',0,0,'','','Enabled',NULL,NULL,NULL),(1837,NULL,NULL,'rgascoyn@bccancer.bc.ca',0,0,'','','Enabled',NULL,NULL,NULL),(1838,NULL,NULL,'roger.tanner@sydney.edu.au',0,0,'','','Enabled',NULL,NULL,NULL),(1839,NULL,NULL,'mrw@uow.edu.au',0,0,'','','Enabled',NULL,NULL,NULL),(1840,NULL,NULL,'jordi.bujons@iqac.csic.es',0,0,'','','Enabled',NULL,NULL,NULL),(1841,NULL,NULL,'avakakis@illinois.edu',0,0,'','','Enabled',NULL,NULL,NULL),(1842,NULL,NULL,'aminnich@caltech.edu',0,0,'','','Enabled',NULL,NULL,NULL),(1843,NULL,NULL,'lrybak@siumed.edu',0,0,'','','Enabled',NULL,NULL,NULL),(1844,NULL,NULL,'helen.liushuchang@gmail.com',0,0,'','','Enabled',NULL,NULL,NULL),(1845,NULL,NULL,'emelia@bu.edu',0,0,'','','Enabled',NULL,NULL,NULL),(1846,NULL,NULL,'Doug.Thamm@ColoState.EDU',0,0,'','','Enabled',NULL,NULL,NULL),(1847,NULL,NULL,'sjames@fnih.org',0,0,'','','Enabled',NULL,NULL,NULL),(1848,NULL,NULL,'fanruitai@126.com',0,0,'','','Enabled',NULL,NULL,NULL),(1849,NULL,NULL,'rmage@niaid.nih.gov',0,0,'','','Enabled',NULL,NULL,NULL),(1850,NULL,NULL,'d.hoyer@unimelb.edu.au',0,0,'','','Enabled',NULL,NULL,NULL),(1851,NULL,NULL,'tcfagan@arizona.edu',0,0,'','','Enabled',NULL,NULL,NULL),(1852,NULL,NULL,'Joan.Bertran@uab.cat',0,0,'','','Enabled',NULL,NULL,NULL),(1853,NULL,NULL,'valshits@mail.ru',0,0,'','','Enabled',NULL,NULL,NULL),(1854,NULL,NULL,'Hai.Tran@sa.gov.au',0,0,'','','Enabled',NULL,NULL,NULL),(1855,NULL,NULL,'ARNONEJ@wpunj.edu',0,0,'','','Enabled',NULL,NULL,NULL),(1856,NULL,NULL,'pjose@mfa.gwu.edu',0,0,'','','Enabled',NULL,NULL,NULL),(1857,NULL,NULL,'rennerto@mail.nih.gov',0,0,'','','Enabled',NULL,NULL,NULL),(1858,NULL,NULL,'brzirkin@jhu.edu',0,0,'','','Enabled',NULL,NULL,NULL),(1859,NULL,NULL,'glincere@PACIFIC.EDU',0,0,'','','Enabled',NULL,NULL,NULL),(1860,NULL,NULL,'sbalas14@ITS.JNJ.com',0,0,'','','Enabled',NULL,NULL,NULL),(1861,NULL,NULL,'jcarethe@med.umich.edu',0,0,'','','Enabled',NULL,NULL,NULL),(1862,NULL,NULL,'dspence@robarts.ca',0,0,'','','Enabled',NULL,NULL,NULL),(1863,NULL,NULL,'mgross@wustl.edu',0,0,'','','Enabled',NULL,NULL,NULL),(1864,NULL,NULL,'mkimber@uoguelph.ca',0,0,'','','Enabled',NULL,NULL,NULL),(1865,NULL,NULL,'JDC5XC@hscmail.mcc.virginia.edu',0,0,'','','Enabled',NULL,NULL,NULL),(1866,NULL,NULL,'mcockram@upei.ca',0,0,'','','Enabled',NULL,NULL,NULL),(1867,NULL,NULL,'jingli@rutgers.edu',0,0,'','','Enabled',NULL,NULL,NULL),(1868,NULL,NULL,'mamonidhar@rediffmail.com',0,0,'','','Enabled',NULL,NULL,NULL),(1869,NULL,NULL,'noureenazhar@benthamscience.net',0,0,'','','Enabled',NULL,NULL,NULL),(1870,NULL,NULL,'goulding@salk.edu',0,0,'','','Enabled',NULL,NULL,NULL),(1871,NULL,NULL,'gevanylo@vt.edu',0,0,'','','Enabled',NULL,NULL,NULL),(1872,NULL,NULL,'avarela2@utep.edu',0,0,'','','Enabled',NULL,NULL,NULL),(1873,NULL,NULL,'rvuppala@iu.edu',0,0,'','','Enabled',NULL,NULL,NULL),(1874,NULL,NULL,'myzheng@mail.shcnc.ac.cn',0,0,'','','Enabled',NULL,NULL,NULL),(1875,NULL,NULL,'jdrozak@biol.uw.edu.pl',0,0,'','','Enabled',NULL,NULL,NULL),(1876,NULL,NULL,'baharmeliss@hotmail.com',0,0,'','','Enabled',NULL,NULL,NULL),(1877,NULL,NULL,'richard.christopherson@sydney.edu.au',0,0,'','','Enabled',NULL,NULL,NULL),(1878,NULL,NULL,'w.sherwin@unsw.edu.au',0,0,'','','Enabled',NULL,NULL,NULL),(1879,NULL,NULL,'ruji79@mail.ru',0,0,'','','Enabled',NULL,NULL,NULL),(1880,NULL,NULL,'syoon88@gmail.com',0,0,'','','Enabled',NULL,NULL,NULL),(1881,NULL,NULL,'f.gardiner@uq.edu.au',0,0,'','','Enabled',NULL,NULL,NULL),(1882,NULL,NULL,'maria.hrmova@adelaide.edu.au',0,0,'','','Enabled',NULL,NULL,NULL),(1883,NULL,NULL,'dcampbell@svi.edu.au',0,0,'','','Enabled',NULL,NULL,NULL),(1884,NULL,NULL,'kpoulas@upatras.gr',0,0,'','','Enabled',NULL,NULL,NULL),(1885,NULL,NULL,'drxuxin@zju.edu.cn',0,0,'','','Enabled',NULL,NULL,NULL),(1886,NULL,NULL,'trine.hvoslef-eide@nmbu.no',0,0,'','','Enabled',NULL,NULL,NULL),(1887,NULL,NULL,'markus-a.ruegg@unibas.ch',0,0,'','','Enabled',NULL,NULL,NULL),(1888,NULL,NULL,'mxnishim@gpo.kumamoto-u.ac.jp',0,0,'','','Enabled',NULL,NULL,NULL),(1889,NULL,NULL,'alfredo.procino@unina.it',0,0,'','','Enabled',NULL,NULL,NULL),(1890,NULL,NULL,'gbpagano@tin.it',0,0,'','','Enabled',NULL,NULL,NULL),(1891,NULL,NULL,'skmishra@irde.drdo.in',0,0,'','','Enabled',NULL,NULL,NULL),(1892,NULL,NULL,'omraneamira@yahoo.fr',0,0,'','','Enabled',NULL,NULL,NULL),(1893,NULL,NULL,'macdouga@med.umich.edu',0,0,'','','Enabled',NULL,NULL,NULL),(1894,NULL,NULL,'ewgenijj@rambler.ru',0,0,'','','Enabled',NULL,NULL,NULL),(1895,NULL,NULL,'jegreene@illinois.edu',0,0,'','','Enabled',NULL,NULL,NULL),(1896,NULL,NULL,'kayeelee@uchicago.edu',0,0,'','','Enabled',NULL,NULL,NULL),(1897,NULL,NULL,'sunh@health.missouri.edu',0,0,'','','Enabled',NULL,NULL,NULL),(1898,NULL,NULL,'msajadi@ihv.umaryland.edu',0,0,'','','Enabled',NULL,NULL,NULL),(1899,NULL,NULL,'nnemeth@uoguelph.ca',0,0,'','','Enabled',NULL,NULL,NULL),(1900,NULL,NULL,'hejtmancikj@nei.nih.gov',0,0,'','','Enabled',NULL,NULL,NULL),(1901,NULL,NULL,'maria.hrmova@adelaide.edu.au',0,0,'','','Enabled',NULL,NULL,NULL),(1902,NULL,NULL,'rcomelli@fiq.unl.edu.ar',0,0,'','','Enabled',NULL,NULL,NULL),(1903,NULL,NULL,'sirislaursen@gmail.com',0,0,'','','Enabled',NULL,NULL,NULL),(1904,NULL,NULL,'shoenber@usc.edu',0,0,'','','Enabled',NULL,NULL,NULL),(1905,NULL,NULL,'David_Hill@dfci.harvard.edu',0,0,'','','Enabled',NULL,NULL,NULL),(1906,NULL,NULL,'Kay.Wilhelm@svha.org.au',0,0,'','','Enabled',NULL,NULL,NULL),(1907,NULL,NULL,'ncq9@cdc.gov',0,0,'','','Enabled',NULL,NULL,NULL),(1908,NULL,NULL,'oppenhej@mail.nih.gov',0,0,'','','Enabled',NULL,NULL,NULL),(1909,NULL,NULL,'Tao.Chen@fda.hhs.gov',0,0,'','','Enabled',NULL,NULL,NULL),(1910,NULL,NULL,'Sergio.Jimenez@jefferson.edu',0,0,'','','Enabled',NULL,NULL,NULL),(1911,NULL,NULL,'robert.yarchoan@nih.gov',0,0,'','','Enabled',NULL,NULL,NULL),(1912,NULL,NULL,'JCARTER0@mgh.harvard.edu',0,0,'','','Enabled',NULL,NULL,NULL),(1913,NULL,NULL,'tohuangtao@126.com',0,0,'','','Enabled',NULL,NULL,NULL),(1914,NULL,NULL,'Andres.Moya@uv.es',0,0,'','','Enabled',NULL,NULL,NULL),(1915,NULL,NULL,'leigh.ackland@deakin.edu.au',0,0,'','','Enabled',NULL,NULL,NULL),(1916,NULL,NULL,'Saraju.Mohanty@unt.edu',0,0,'','','Enabled',NULL,NULL,NULL),(1917,NULL,NULL,'jfox@eidostx.com',0,0,'','','Enabled',NULL,NULL,NULL),(1918,NULL,NULL,'maureen.murtaugh@hsc.utah.edu',0,0,'','','Enabled',NULL,NULL,NULL),(1919,NULL,NULL,'jashjannu@gmail.com',0,0,'','','Enabled',NULL,NULL,NULL),(1920,NULL,NULL,'rakovalexey@gmail.com',0,0,'','','Enabled',NULL,NULL,NULL),(1921,NULL,NULL,'skilickap@yahoo.com',0,0,'','','Enabled',NULL,NULL,NULL),(1922,NULL,NULL,'farid_chem86@yahoo.com',0,0,'','','Enabled',NULL,NULL,NULL),(1923,NULL,NULL,'ahmed.mahdy@pt.cu.edu.eg',0,0,'','','Enabled',NULL,NULL,NULL),(1924,NULL,NULL,'afinkel@vega.protres.ru',0,0,'','','Enabled',NULL,NULL,NULL),(1925,NULL,NULL,'abelo@huntington.com.br',0,0,'','','Enabled',NULL,NULL,NULL),(1926,NULL,NULL,'camkos@buffalo.edu',0,0,'','','Enabled',NULL,NULL,NULL),(1927,NULL,NULL,'Anja.Smith@horizondiscovery.com',0,0,'','','Enabled',NULL,NULL,NULL),(1928,NULL,NULL,'ad5180@wayne.edu',0,0,'','','Enabled',NULL,NULL,NULL),(1929,'S.','Fukushi','fukushi@nih.go.jp',0,0,'','','Enabled',NULL,NULL,NULL),(1930,'Y.L.','Fung','lfung@arcbs.redcross.org.au',0,0,'','','Enabled',NULL,NULL,NULL),(1931,'S.','Long','slong@bmrn.com',0,0,'','','Enabled',NULL,NULL,NULL),(1932,'M.','Furuya','mi.furuya@teijin.co.jp',0,0,'','','Enabled',NULL,NULL,NULL),(1933,'M.C.','Farso','mfarso@gmail.com',0,0,'','','Enabled',NULL,NULL,NULL),(1934,'P.E.','Luebbers','pluebber@emporia.edu',0,0,'','','Enabled',NULL,NULL,NULL),(1935,'Z.','Fuks','fuksz@mskcc.org',0,0,'','','Enabled',NULL,NULL,NULL),(1936,'Z.','Fuks','fuksz@mskcc.org',0,0,'','','Enabled',NULL,NULL,NULL),(1937,'N.W.','Lukacs','nlukacs@med.umich.edu',0,0,'','','Enabled',NULL,NULL,NULL),(1938,'N.W.','Lukacs','nlukacs@umich.edu',0,0,'','','Enabled',NULL,NULL,NULL),(1939,'G.W.','He','gwhe@cuhk.edu.hk',0,0,'','','Enabled',NULL,NULL,NULL),(1940,'J.W.','Ludlow','jludlow@incara.com',0,0,'','','Enabled',NULL,NULL,NULL),(1941,'J.W.','Ludlow','jludlow@incara.com',0,0,'','','Enabled',NULL,NULL,NULL),(1942,'J.W.','Ludlow','jludlow@incara.com',0,0,'','','Enabled',NULL,NULL,NULL),(1943,'Z.','Zuo','joanzuo@cuhk.edu.hk',0,0,'','','Enabled',NULL,NULL,NULL),(1944,'K.L.','Hon','ehon@cuhk.edu.hk',0,0,'','','Enabled',NULL,NULL,NULL),(1945,'J.C.','Garrelts','jim_garrelts@via-christi.org',0,0,'','','Enabled',NULL,NULL,NULL),(1946,'D.A.','Garrett','dgarrett2@icfi.com',0,0,'','','Enabled',NULL,NULL,NULL),(1947,'E.','Lyon','lyone@aruplab.com',0,0,'','','Enabled',NULL,NULL,NULL),(1948,'G.','Lin','linge@cuhk.edu.hk',0,0,'','','Enabled',NULL,NULL,NULL),(1949,'C.D.','Lopez','lopezc@ohsu.edu',0,0,'','','Enabled',NULL,NULL,NULL),(1950,'C.D.','Lopez','lopezc@ohsu.edu',0,0,'','','Enabled',NULL,NULL,NULL),(1951,'D.J.','Macey','d.macey@murdoch.edu.au',0,0,'','','Enabled',NULL,NULL,NULL),(1952,'R.L.','Macdonald','macdonaldlo@smh.toronto.on.ca',0,0,'','','Enabled',NULL,NULL,NULL),(1953,'Z.','Fuks','fuksz@mskcc.org',0,0,'','','Enabled',NULL,NULL,NULL),(1954,'Z.','Fuks','fuksz@mskcc.org',0,0,'','','Enabled',NULL,NULL,NULL),(1955,'A.','George','axgeorge@txch.org',0,0,'','','Enabled',NULL,NULL,NULL),(1956,'J.R.','Genzen','jonathan.genzen@path.utah.edu',0,0,'','','Enabled',NULL,NULL,NULL),(1957,'C.D.','Lopez','lopezc@ohsu.edu',0,0,'','','Enabled',NULL,NULL,NULL),(1958,'C.D.','Lopez','lopezc@ohsu.edu',0,0,'','','Enabled',NULL,NULL,NULL),(1959,'Y.','Maeda','ymaeda@crl.mei.co.jp',0,0,'','','Enabled',NULL,NULL,NULL),(1960,'G.','Lutty','Glutty1@jhmi.edu',0,0,'','','Enabled',NULL,NULL,NULL),(1961,'E.J.','Lon','leonen@ohsu.edu',0,0,'','','Enabled',NULL,NULL,NULL),(1962,'E.J.','Lon','leonen@ohsu.edu',0,0,'','','Enabled',NULL,NULL,NULL),(1963,'G.L.','Maker','G.Maker@murdoch.edu.au',0,0,'','','Enabled',NULL,NULL,NULL),(1964,'M.','Makino','mmaki@niid.go.jp',0,0,'','','Enabled',NULL,NULL,NULL),(1965,'M.','Makino','mmaki@nih.go.jp',0,0,'','','Enabled',NULL,NULL,NULL),(1966,'M.','Geiser','geiser@ana.unibe.ch',0,0,'','','Enabled',NULL,NULL,NULL),(1967,'S.K.R.','Hui','sxhui@txch.org',0,0,'','','Enabled',NULL,NULL,NULL),(1968,'P.','','skazy@litewska.edu.pl',0,0,'','','Enabled',NULL,NULL,NULL),(1969,'P.','','skazy@litewska.edu.pl',0,0,'','','Enabled',NULL,NULL,NULL),(1970,'M.J.','Adams','M.Adams@murdoch.edu.au',0,0,'','','Enabled',NULL,NULL,NULL),(1971,'J.','Teitel','teitelj@smh.ca',0,0,'','','Enabled',NULL,NULL,NULL),(1972,'J.','Teitel','teitelj@smh.ca',0,0,'','','Enabled',NULL,NULL,NULL),(1973,'C.L.','Girard','Christiane.Girard@agr.gc.ca',0,0,'','','Enabled',NULL,NULL,NULL),(1974,'S.','Suzuki','suzukiss@niid.go.jp',0,0,'','','Enabled',NULL,NULL,NULL),(1975,'Y.','Glinka','glinkay@smh.ca',0,0,'','','Enabled',NULL,NULL,NULL),(1976,'Y.','Glinka','glinkay@smh.ca',0,0,'','','Enabled',NULL,NULL,NULL),(1977,'R.','Gilmanshin','rgilmanshin@usgenomics.com',0,0,'','','Enabled',NULL,NULL,NULL),(1978,'J.','Gobeill','julien.gobeill@hesge.ch',0,0,'','','Enabled',NULL,NULL,NULL),(1979,'P.','','pawel.laguna@litewska.edu.pl',0,0,'','','Enabled',NULL,NULL,NULL),(1980,'J.A.','Rodrguez Garca','jrodriguezgar@saludcastillayleon.es',0,0,'','','Enabled',NULL,NULL,NULL),(1981,'J.J.','Terpolilli','J.Terpolilli@murdoch.edu.au',0,0,'','','Enabled',NULL,NULL,NULL),(1982,'F.','Leliaert','frederik.leliaert@ugent.be',0,0,'','','Enabled',NULL,NULL,NULL),(1983,'F.','Leliaert','frederik.leliaert@ugent.be',0,0,'','','Enabled',NULL,NULL,NULL),(1984,'V.','Makker','makkerv@mskcc.org',0,0,'','','Enabled',NULL,NULL,NULL),(1985,'V.','Makker','makkerv@mskcc.org',0,0,'','','Enabled',NULL,NULL,NULL),(1986,'P.','','pawel.laguna@litewska.edu.pl',0,0,'','','Enabled',NULL,NULL,NULL),(1987,'V.','Makker','makkerv@mskcc.org',0,0,'','','Enabled',NULL,NULL,NULL),(1988,'V.','Makker','makkerv@mskcc.org',0,0,'','','Enabled',NULL,NULL,NULL),(1989,'V.','Makker','makkerv@mskcc.org',0,0,'','','Enabled',NULL,NULL,NULL),(1990,'V.','Makker','makkerv@mskcc.org',0,0,'','','Enabled',NULL,NULL,NULL),(1991,'J.C.','Marshall','marshallj@smh.ca',0,0,'','','Enabled',NULL,NULL,NULL),(1992,'J.C.','Marshall','marshallj@smh.ca',0,0,'','','Enabled',NULL,NULL,NULL),(1993,'R.B.','Devlin','devlin.robert@epa.gov',0,0,'','','Enabled',NULL,NULL,NULL),(1994,'C.','Goodman','craig.goodman@vu.edu.au',0,0,'','','Enabled',NULL,NULL,NULL),(1995,'S.G.','Goodman','goodmans@smh.toronto.on.ca',0,0,'','','Enabled',NULL,NULL,NULL),(1996,'S.G.','Goodman','goodmans@smh.toronto.on.ca',0,0,'','','Enabled',NULL,NULL,NULL),(1997,'K.','Maruo','maruo.katsuhiko@jp.panasonic.com',0,0,'','','Enabled',NULL,NULL,NULL),(1998,'K.','Maruyama','k.maruyama@scchr.jp',0,0,'','','Enabled',NULL,NULL,NULL),(1999,'I.','Masai','masai@oist.jp',0,0,'','','Enabled',NULL,NULL,NULL),(2000,'G.A.','Maston','glenn.a.maston@athenadiagnostics.com',0,0,'','','Enabled',NULL,NULL,NULL),(2001,'K.','Masuda','masuda@aacl.co.jp',0,0,'','','Enabled',NULL,NULL,NULL),(2002,'Y.','Masuda','y-masuda@kikumasamune.co.jp',0,0,'','','Enabled',NULL,NULL,NULL),(2003,'L.','Grasso','grasso@morphotek.com',0,0,'','','Enabled',NULL,NULL,NULL),(2004,'J.D.','Martinez','jmartinez@azcc.arizona.edu',0,0,'','','Enabled',NULL,NULL,NULL),(2005,'S.','Matsumoto','matsumoto.shinichi@otsuka.jp',0,0,'','','Enabled',NULL,NULL,NULL),(2006,'T.E.','Martin','tom.martin@umontana.edu',0,0,'','','Enabled',NULL,NULL,NULL),(2007,'W.K.','Greene','w.greene@murdoch.edu.au',0,0,'','','Enabled',NULL,NULL,NULL),(2008,'I.','Matsushita','imatsu@osakagas.co.jp',0,0,'','','Enabled',NULL,NULL,NULL),(2009,'A.T.','Wecksler','wecksler.aaron@gene.com',0,0,'','','Enabled',NULL,NULL,NULL),(2010,'A.T.','Wecksler','wecksler.aaron@gene.com',0,0,'','','Enabled',NULL,NULL,NULL),(2011,'A.W.','Gross','alec.gross@emdserono.com',0,0,'','','Enabled',NULL,NULL,NULL),(2012,'P.M.','May','may@murdoch.edu.au',0,0,'','','Enabled',NULL,NULL,NULL),(2013,'C.D.','Mazer','mazerd@smh.ca',0,0,'','','Enabled',NULL,NULL,NULL),(2014,'C.D.','Mazer','mazerd@smh.ca',0,0,'','','Enabled',NULL,NULL,NULL),(2015,'P.R.','Mayo','pmayo@isotechnika.com',0,0,'','','Enabled',NULL,NULL,NULL),(2016,'P.R.','Mayo','pmayo@isotechnika.com',0,0,'','','Enabled',NULL,NULL,NULL),(2017,'P.R.','Mayo','pmayo@isotechnika.com',0,0,'','','Enabled',NULL,NULL,NULL),(2018,'R.S.','McBean','rmcbean@redcrossblood.org.au',0,0,'','','Enabled',NULL,NULL,NULL),(2019,'P.','McGilchrist','p.mcgilchrist@murdoch.edu.au',0,0,'','','Enabled',NULL,NULL,NULL),(2020,'J.J.','Mcgrath','john_mcgrath@qcmhr.uq.edu.au',0,0,'','','Enabled',NULL,NULL,NULL),(2021,'G.A.','McMillin','mcmillga@aruplab.com',0,0,'','','Enabled',NULL,NULL,NULL),(2022,'M.','Marino','marinom@ohsu.edu',0,0,'','','Enabled',NULL,NULL,NULL),(2023,'M.','Marino','marinom@ohsu.edu',0,0,'','','Enabled',NULL,NULL,NULL),(2024,'R.H.','Meltzer','rmeltzer@usgenomics.com',0,0,'','','Enabled',NULL,NULL,NULL),(2025,'R.H.','Meltzer','rmeltzer@usgenomics.com',0,0,'','','Enabled',NULL,NULL,NULL),(2026,'J.','Mellentin Michelotti','micheljm@pebio.com',0,0,'','','Enabled',NULL,NULL,NULL),(2027,'J.','Mellentin Michelotti','micheljm@pebio.com',0,0,'','','Enabled',NULL,NULL,NULL),(2028,'J.','Mellentin Michelotti','micheljm@pebio.com',0,0,'','','Enabled',NULL,NULL,NULL),(2029,'G.','Deftereos','gdef@uw.edu',0,0,'','','Enabled',NULL,NULL,NULL),(2030,'E.L.','Wald','Ewald@luriechildrens.org',0,0,'','','Enabled',NULL,NULL,NULL),(2031,'H.','Asai','asaih@kureha.co.jp',0,0,'','','Enabled',NULL,NULL,NULL),(2032,'M.B.','Mets','mmets@luriechildrens.org',0,0,'','','Enabled',NULL,NULL,NULL),(2033,'A.M.','Cubo','amcubo@saludcastillayleon.es',0,0,'','','Enabled',NULL,NULL,NULL),(2034,'A.','Cilla','acilla@saludcastillayleon.es',0,0,'','','Enabled',NULL,NULL,NULL),(2035,'A.','Ohara','oharaa@sc.sumitomo-chem.co.jp',0,0,'','','Enabled',NULL,NULL,NULL),(2036,'Y.','Ishii','yishii@nih.go.jp',0,0,'','','Enabled',NULL,NULL,NULL),(2037,'B.','Hong','bo.hong@aruplab.com',0,0,'','','Enabled',NULL,NULL,NULL),(2038,'A.J.','Perros','aperros@redcrossblood.org.au',0,0,'','','Enabled',NULL,NULL,NULL),(2039,'K.','Patel','krpatel@texaschildrens.org',0,0,'','','Enabled',NULL,NULL,NULL),(2040,'J.L.','Fast','jonas.fast@roche.com',0,0,'','','Enabled',NULL,NULL,NULL),(2041,'P.J.','Norris','pnorris@vitalant.org',0,0,'','','Enabled',NULL,NULL,NULL),(2042,'C.B.','Miller','cmiller@stagnes.org',0,0,'','','Enabled',NULL,NULL,NULL),(2043,'P.F.','Austin','pfaustin@texaschildrens.org',0,0,'','','Enabled',NULL,NULL,NULL),(2044,'H.L.','Weiner','hlweiner@texaschildrens.org',0,0,'','','Enabled',NULL,NULL,NULL),(2045,'L.C.','Torchen','LTorchen@luriechildrens.org',0,0,'','','Enabled',NULL,NULL,NULL),(2046,'K.','Jakate','jakateki@smh.ca',0,0,'','','Enabled',NULL,NULL,NULL),(2047,'C.','Xu','chun.xu@uq.edu.au',0,0,'','','Enabled',NULL,NULL,NULL),(2048,'T.M.','Martin','martint@ohsu.edu',0,0,'','','Enabled',NULL,NULL,NULL),(2049,'T.M.','Martin','martint@ohsu.edu',0,0,'','','Enabled',NULL,NULL,NULL),(2050,'T.M.','Martin','martint@ohsu.edu',0,0,'','','Enabled',NULL,NULL,NULL),(2051,'T.M.','Martin','martint@ohsu.edu',0,0,'','','Enabled',NULL,NULL,NULL),(2052,'R.','Pattani','pattanir@smh.ca',0,0,'','','Enabled',NULL,NULL,NULL),(2053,'T.M.','Martin','martint@ohsu.edu',0,0,'','','Enabled',NULL,NULL,NULL),(2054,'T.M.','Martin','martint@ohsu.edu',0,0,'','','Enabled',NULL,NULL,NULL),(2055,'D.','Martn Raymondi','dmratinr@saludcastillayleon.es',0,0,'','','Enabled',NULL,NULL,NULL),(2056,'R.','Lpez Izquierdo','rlopeziz@saludcastillayleon.es',0,0,'','','Enabled',NULL,NULL,NULL),(2057,'T.','Teramura','t-teramura@kose.co.jp',0,0,'','','Enabled',NULL,NULL,NULL),(2058,'V.','Matozzo','matozzo@civ.bio.unipd.it',0,0,'','','Enabled',NULL,NULL,NULL),(2059,'C.','Finlayson','cfinlayson@luriechildrens.org',0,0,'','','Enabled',NULL,NULL,NULL),(2060,'G.','Koutsoudakis','gkoutsou@clinic.cat',0,0,'','','Enabled',NULL,NULL,NULL),(2061,'P.','Vadas','Peter.Vadas@unityhealth.to',0,0,'','','Enabled',NULL,NULL,NULL),(2062,'P.','Vadas','Peter.Vadas@unityhealth.to',0,0,'','','Enabled',NULL,NULL,NULL),(2063,'J.J.','Griggs','jengrigg@umich.edu',0,0,'','','Enabled',NULL,NULL,NULL),(2064,'H.','Jiang','jianghui@umich.edu',0,0,'','','Enabled',NULL,NULL,NULL),(2065,'K.','Larimore','KLarimore@bmrn.com',0,0,'','','Enabled',NULL,NULL,NULL),(2066,'T.M.','Martin','martint@ohsu.edu',0,0,'','','Enabled',NULL,NULL,NULL),(2067,'T.M.','Martin','martint@ohsu.edu',0,0,'','','Enabled',NULL,NULL,NULL),(2068,'L.L.','Gievers','gievers@ohsu.edu',0,0,'','','Enabled',NULL,NULL,NULL),(2069,'L.L.','Gievers','gievers@ohsu.edu',0,0,'','','Enabled',NULL,NULL,NULL),(2070,'C.','Guy','Carrie.J.Guy@QuestDiagnostics.com',0,0,'','','Enabled',NULL,NULL,NULL),(2071,'L.L.','Gievers','gievers@ohsu.edu',0,0,'','','Enabled',NULL,NULL,NULL),(2072,'L.L.','Gievers','gievers@ohsu.edu',0,0,'','','Enabled',NULL,NULL,NULL),(2073,'C.M.','Yamamoto','cyamamoto@hitachi-chemical.com',0,0,'','','Enabled',NULL,NULL,NULL),(2074,'N.R.','Wadhwani','nwadhwani@luriechildrens.org',0,0,'','','Enabled',NULL,NULL,NULL),(2075,'L.L.','Gievers','gievers@ohsu.edu',0,0,'','','Enabled',NULL,NULL,NULL),(2076,'L.L.','Gievers','gievers@ohsu.edu',0,0,'','','Enabled',NULL,NULL,NULL),(2077,'T.','Toba','takahito-t@toranomon.gr.jp',0,0,'','','Enabled',NULL,NULL,NULL),(2078,'X.','Montalban','montalbanx@smh.ca',0,0,'','','Enabled',NULL,NULL,NULL),(2079,'A.T.','Yan','andrew.yan@unityhealth.to',0,0,'','','Enabled',NULL,NULL,NULL),(2080,'W.L.','Lee','warren.lee@unityhealth.to',0,0,'','','Enabled',NULL,NULL,NULL),(2081,'A.T.','Yan','andrew.yan@unityhealth.to',0,0,'','','Enabled',NULL,NULL,NULL),(2082,'X.','Montalban','montalbanx@smh.ca',0,0,'','','Enabled',NULL,NULL,NULL),(2083,'T.M.','Abd El Aziz','mohamedt1@uthscsa.edu',0,0,'','','Enabled',NULL,NULL,NULL),(2084,'L.L.','Gievers','gievers@ohsu.edu',0,0,'','','Enabled',NULL,NULL,NULL),(2085,'L.L.','Gievers','gievers@ohsu.edu',0,0,'','','Enabled',NULL,NULL,NULL),(2086,'N.H.','Roubinian','nroubinian@bloodsystems.org',0,0,'','','Enabled',NULL,NULL,NULL),(2087,'C.D.','Fraser','charles.fraser@ascension.org',0,0,'','','Enabled',NULL,NULL,NULL),(2088,'S.','Ozaki','shogo.ozaki@phar.kyushu-u.ac.jp',0,0,'','','Enabled',NULL,NULL,NULL),(2089,'F.M.','Izquierdo','fizquierdog@saludcastillayleon.es',0,0,'','','Enabled',NULL,NULL,NULL),(2090,'J.','Tasaki','tasaki.junichi2@kao.com',0,0,'','','Enabled',NULL,NULL,NULL),(2091,'T.','Tidwell','Timothy.Tidwell@aruplab.com',0,0,'','','Enabled',NULL,NULL,NULL),(2092,'S.E.','Dunn','Shannon.Dunn@unityhealth.to',0,0,'','','Enabled',NULL,NULL,NULL),(2093,'S.E.','Dunn','Shannon.Dunn@unityhealth.to',0,0,'','','Enabled',NULL,NULL,NULL),(2094,'M.','Lee','minholee@dgu.edu',0,0,'','','Enabled',NULL,NULL,NULL),(2095,'M.','Lee','minholee@dgu.edu',0,0,'','','Enabled',NULL,NULL,NULL),(2096,'Y.','Jiang','yangzjiang21@cuhk.edu.hk',0,0,'','','Enabled',NULL,NULL,NULL),(2097,'E.','Bugge','erlend.bugge@unn.no',0,0,'','','Enabled',NULL,NULL,NULL),(2098,'A.N.D.','Nolan','Ashley.Nolan@murdoch.edu.au',0,0,'','','Enabled',NULL,NULL,NULL),(2099,'A.','Hachiya','hachiya.akira@kao.com',0,0,'','','Enabled',NULL,NULL,NULL),(2100,'Y.','Toyooka','yayoi.toyooka@cira.kyoto-u.ac.jp',0,0,'','','Enabled',NULL,NULL,NULL),(2101,'D.C.','Markel','david.markel@ascension.org',0,0,'','','Enabled',NULL,NULL,NULL),(2102,'M.J.','Moreno','maria.jose.moreno.carretero@sergas.es',0,0,'','','Enabled',NULL,NULL,NULL),(2103,'G.','Borsani','giuseppe.borsani@unibs.it',0,0,'','','Enabled',NULL,NULL,NULL),(2104,'Y.','Tanaka','Tanaka_Yuusuke@house-wf.co.jp',0,0,'','','Enabled',NULL,NULL,NULL),(2105,'F.','Garofolo','fabiogarofolo@cfabs.org',0,0,'','','Enabled',NULL,NULL,NULL),(2106,'J.G.','Snchez Hernndez','jgermansanchez@saludcastillayleon.es',0,0,'','','Enabled',NULL,NULL,NULL),(2107,'Y.','Kuroda','kuroda.yasutaka@kao.co.jp',0,0,'','','Enabled',NULL,NULL,NULL),(2108,'U.','Demkow','urszula.demkow@litewska.edu.pl',0,0,'','','Enabled',NULL,NULL,NULL),(2109,'R.L.','Stewart','rachel.stewart@aruplab.com',0,0,'','','Enabled',NULL,NULL,NULL),(2110,'T.','Suzuki','toru.suzuki.ff@riken.jp',0,0,'','','Enabled',NULL,NULL,NULL),(2111,'T.','Suzuki','toru.suzuki.ff@riken.jp',0,0,'','','Enabled',NULL,NULL,NULL),(2112,'K.','Saito','saitou.kazutoshi@kao.co.jp',0,0,'','','Enabled',NULL,NULL,NULL),(2113,'K.','Yoshida','kazutaka_yoshida@kagome.co.jp',0,0,'','','Enabled',NULL,NULL,NULL),(2114,'M.S.','Fragala','Maren.S.Fragala@questdiagnostics.com',0,0,'','','Enabled',NULL,NULL,NULL),(2115,'M.','Mars Brisbin','margaret.marsbrisbin@oist.jp',0,0,'','','Enabled',NULL,NULL,NULL),(2116,'M.','Kobayashi','kobayashi.masaki2@kao.co.jp',0,0,'','','Enabled',NULL,NULL,NULL),(2117,'R.','Bianchi','bianchirita22@gmail.com',0,0,'','','Enabled',NULL,NULL,NULL),(2118,'R.','Bianchi','bianchirita22@gmail.com',0,0,'','','Enabled',NULL,NULL,NULL),(2119,'A.M.','Dworakowska','anna.dworakowska@wum.edu.pl',0,0,'','','Enabled',NULL,NULL,NULL),(2120,'M.','Dettwiler','martina.dettwiler@vetsuisse.unibe.ch',0,0,'','','Enabled',NULL,NULL,NULL),(2121,'E.','Verghese','elizabeth.verghese@vu.edu.au',0,0,'','','Enabled',NULL,NULL,NULL),(2122,'M.','Koda','kodamar@zeus.amb.edu.pl',0,0,'','','Enabled',NULL,NULL,NULL),(2123,'L.','Puchades Carrasco','leonor.puchadescarrasco@icr.ac.uk',0,0,'','','Enabled',NULL,NULL,NULL),(2124,'H.','Yang','yangh@sumhs.edu.cn',0,0,'','','Enabled',NULL,NULL,NULL),(2125,'Z.H.','Zhu','achi306@sina.com',0,0,'','','Enabled',NULL,NULL,NULL),(2126,'S.','Zhang','shoudongzhang@cuhk.edu.hk',0,0,'','','Enabled',NULL,NULL,NULL),(2127,'A.','Quartini','edy.qua@fastwebnet.it',0,0,'','','Enabled',NULL,NULL,NULL),(2128,'H.','Kothari','hk6x@virginia.edu',0,0,'','','Enabled',NULL,NULL,NULL),(2129,'H.','Aizaki','aizaki@niid.go.jp',0,0,'','','Enabled',NULL,NULL,NULL),(2130,'O.','Bogado Pascottini','osvaldo.bogado@ugent.be',0,0,'','','Enabled',NULL,NULL,NULL),(2131,'J.A.','Coss Bu','jacossbu@texaschildrens.org',0,0,'','','Enabled',NULL,NULL,NULL),(2132,'A.M.','de la Torre','amijan@saludcastillayleon.es',0,0,'','','Enabled',NULL,NULL,NULL),(2133,'H.','Hirai','Hiroshi-hirai@taiho.co.jp',0,0,'','','Enabled',NULL,NULL,NULL),(2134,'J.','Ishikawa','jun@nih.go.jp',0,0,'','','Enabled',NULL,NULL,NULL),(2135,'K.','Koester','katie.koester@froedtert.com',0,0,'','','Enabled',NULL,NULL,NULL),(2136,'T.','Kuraishi','tkuraishi@staff.kanazawa-u.ac.jp',0,0,'','','Enabled',NULL,NULL,NULL),(2137,'T.','Gomi','takag@pola.co.jp',0,0,'','','Enabled',NULL,NULL,NULL),(2138,'D.','Murase','murase.daiki@kao.com',0,0,'','','Enabled',NULL,NULL,NULL),(2139,'M.','Okuda','okuda.mitsuyoshi@kao.com',0,0,'','','Enabled',NULL,NULL,NULL),(2140,'M.','Sakata','msakata@nih.go.jp',0,0,'','','Enabled',NULL,NULL,NULL),(2141,'O.D.','Rotstein','rotsteino@smh.toronto.on.ca',0,0,'','','Enabled',NULL,NULL,NULL),(2142,'O.D.','Rotstein','rotsteino@smh.toronto.on.ca',0,0,'','','Enabled',NULL,NULL,NULL),(2143,'M.','Tobiishi','tobiishi.megumi@kanebocos.co.jp',0,0,'','','Enabled',NULL,NULL,NULL),(2144,'Z.','Wu','zeng.r.wu@questdiagnostics.com',0,0,'','','Enabled',NULL,NULL,NULL),(2145,'H.','Yoshida','yoshida.hiroyuki2@kao.co.jp',0,0,'','','Enabled',NULL,NULL,NULL),(2146,'T.','Berg','trond.berg@imbv.uio.no',0,0,'','','Enabled',NULL,NULL,NULL),(2147,'J.','Zhang','J.Zhang@murdoch.edu.au',0,0,'','','Enabled',NULL,NULL,NULL),(2148,NULL,NULL,'vasil@uoc.gr',0,0,'','','Enabled',NULL,NULL,NULL),(2149,NULL,NULL,'Franco.Pagani@icgeb.org',0,0,'','','Enabled',NULL,NULL,NULL),(2150,NULL,NULL,'andrea.ballini@uniba.it',0,0,'','','Enabled',NULL,NULL,NULL),(2151,NULL,NULL,'xushijie@tust.edu.cn',0,0,'','','Enabled',NULL,NULL,NULL),(2152,NULL,NULL,'xuxinfang@mail.sysu.edu.cn',0,0,'','','Enabled',NULL,NULL,NULL),(2153,NULL,NULL,'guoyuan8141@csu.edu.cn',0,0,'','','Enabled',NULL,NULL,NULL),(2154,NULL,NULL,'hxw1969@scau.edu.cn',0,0,'','','Enabled',NULL,NULL,NULL),(2155,NULL,NULL,'chenlin8310@aliyun.com',0,0,'','','Enabled',NULL,NULL,NULL),(2156,NULL,NULL,'lixt314@jlu.edu.cn',0,0,'','','Enabled',NULL,NULL,NULL),(2157,NULL,NULL,'haus@u.washington.edu',0,0,'','','Enabled',NULL,NULL,NULL),(2158,NULL,NULL,'khalef.rostom@umc.edu.dz',0,0,'','','Enabled',NULL,NULL,NULL),(2159,NULL,NULL,'wangyang0507@jnu.edu.cn',0,0,'','','Enabled',NULL,NULL,NULL),(2160,NULL,NULL,'Andrew.Lewis@fda.hhs.gov',0,0,'','','Enabled',NULL,NULL,NULL),(2161,NULL,NULL,'duand@health.missouri.edu',0,0,'','','Enabled',NULL,NULL,NULL),(2162,NULL,NULL,'jfpicimbon@gmail.com',0,0,'','','Enabled',NULL,NULL,NULL),(2163,NULL,NULL,'rdperles@cebas.csic.es',0,0,'','','Enabled',NULL,NULL,NULL),(2164,NULL,NULL,'jqw@csu.edu.cn',0,0,'','','Enabled',NULL,NULL,NULL),(2165,NULL,NULL,'crichard@uow.edu.au',0,0,'','','Enabled',NULL,NULL,NULL),(2166,NULL,NULL,'zenginbasak@gmail.com',0,0,'','','Enabled',NULL,NULL,NULL),(2167,NULL,NULL,'a.bala@griffith.edu.au',0,0,'','','Enabled',NULL,NULL,NULL),(2168,NULL,NULL,'dragan@pfri.hr',0,0,'','','Enabled',NULL,NULL,NULL),(2169,NULL,NULL,'unsaturatedsoil@yahoo.com',0,0,'','','Enabled',NULL,NULL,NULL),(2170,NULL,NULL,'baojin.yao1983@yahoo.com',0,0,'','','Enabled',NULL,NULL,NULL),(2171,NULL,NULL,'zengpei_qiao@wzhealth.com',0,0,'','','Enabled',NULL,NULL,NULL),(2172,NULL,NULL,'zengpei_qiao@wzhealth.com',0,0,'','','Enabled',NULL,NULL,NULL),(2173,NULL,NULL,'chenwenl@mail3.sysu.edu.cn',0,0,'','','Enabled',NULL,NULL,NULL),(2174,NULL,NULL,'merstudio@sina.com',0,0,'','','Enabled',NULL,NULL,NULL),(2175,NULL,NULL,'sjl1984@foxmail.com',0,0,'','','Enabled',NULL,NULL,NULL),(2176,NULL,NULL,'kprodromidou@pasteur.gr',0,0,'','','Enabled',NULL,NULL,NULL),(2177,NULL,NULL,'liuwei@ctgu.edu.cn',0,0,'','','Enabled',NULL,NULL,NULL),(2178,NULL,NULL,'nasrinali9285@gmail.com',0,0,'','','Enabled',NULL,NULL,NULL),(2179,NULL,NULL,'bikytsigkoy@yahoo.gr',0,0,'','','Enabled',NULL,NULL,NULL),(2180,NULL,NULL,'kaiyuan.wu@nih.gov',0,0,'','','Enabled',NULL,NULL,NULL),(2181,NULL,NULL,'frey@biochem.wisc.edu',0,0,'','','Enabled',NULL,NULL,NULL),(2182,NULL,NULL,'sana030@gmail.com',0,0,'','','Enabled',NULL,NULL,NULL),(2183,NULL,NULL,'adriannad@op.pl',0,0,'','','Enabled',NULL,NULL,NULL),(2184,NULL,NULL,'1060137@hnust.edu.cn',0,0,'','','Enabled',NULL,NULL,NULL),(2185,NULL,NULL,'gurudeeb99@haut.edu.cn',0,0,'','','Enabled',NULL,NULL,NULL),(2186,NULL,NULL,'divyeshshastri@gmail.com',0,0,'','','Enabled',NULL,NULL,NULL),(2187,NULL,NULL,'adziedzic@sum.edu.pl',0,0,'','','Enabled',NULL,NULL,NULL),(2188,NULL,NULL,'augusto.pessina@unimi.it',0,0,'','','Enabled',NULL,NULL,NULL),(2189,NULL,NULL,'biswaprasun@gmail.com',0,0,'','','Enabled',NULL,NULL,NULL),(2190,NULL,NULL,'ctringali@unict.it',0,0,'','','Enabled',NULL,NULL,NULL),(2191,NULL,NULL,'maharijjadoon@yahoo.com',0,0,'','','Enabled',NULL,NULL,NULL),(2192,NULL,NULL,'shiribehrang@yahoo.com',0,0,'','','Enabled',NULL,NULL,NULL),(2193,NULL,NULL,'maouamaher@yahoo.fr',0,0,'','','Enabled',NULL,NULL,NULL),(2194,NULL,NULL,'jagdaleswati@rediffmail.com',0,0,'','','Enabled',NULL,NULL,NULL),(2195,NULL,NULL,'ramsahu79@yahoo.co.in',0,0,'','','Enabled',NULL,NULL,NULL),(2196,NULL,NULL,'garhwal_s@rediffmail.com',0,0,'','','Enabled',NULL,NULL,NULL),(2197,NULL,NULL,'zhiqinliu999@126.com',0,0,'','','Enabled',NULL,NULL,NULL),(2198,NULL,NULL,'dr_shamaei@yahoo.com',0,0,'','','Enabled',NULL,NULL,NULL),(2199,NULL,NULL,'rachana@jiit.ac.in',0,0,'','','Enabled',NULL,NULL,NULL),(2200,NULL,NULL,'kaushik1989@gmail.com',0,0,'','','Enabled',NULL,NULL,NULL),(2201,NULL,NULL,'caoyi39@xtu.edu.cn',0,0,'','','Enabled',NULL,NULL,NULL),(2202,NULL,NULL,'r.c.bollineni@ous-research.no',0,0,'','','Enabled',NULL,NULL,NULL),(2203,NULL,NULL,'inagakia@oak.ocn.ne.jp',0,0,'','','Enabled',NULL,NULL,NULL),(2204,NULL,NULL,'alirezayaghoubi62@yahoo.com',0,0,'','','Enabled',NULL,NULL,NULL),(2205,NULL,NULL,'florian.jaroschik@enscm.fr',0,0,'','','Enabled',NULL,NULL,NULL),(2206,NULL,NULL,'Saeed.Bahadorikhalili@khayam.ut.ac.ir',0,0,'','','Enabled',NULL,NULL,NULL),(2207,NULL,NULL,'ljicsinszky@gmail.com',0,0,'','','Enabled',NULL,NULL,NULL),(2208,NULL,NULL,'amolnar@chem.u-szeged.hu',0,0,'','','Enabled',NULL,NULL,NULL),(2209,NULL,NULL,'bubunkumaradak@gmail.com',0,0,'','','Enabled',NULL,NULL,NULL),(2210,NULL,NULL,'fariborz.mansoori@yahoo.com',0,0,'','','Enabled',NULL,NULL,NULL),(2211,NULL,NULL,'iansary@chem.buruniv.ac.in',0,0,'','','Enabled',NULL,NULL,NULL),(2212,NULL,NULL,'iansary@chem.buruniv.ac.in',0,0,'','','Enabled',NULL,NULL,NULL),(2213,NULL,NULL,'changmingnie@usc.edu.cn',0,0,'','','Enabled',NULL,NULL,NULL),(2214,NULL,NULL,'Melita.Loncaric@ptfos.hr',0,0,'','','Enabled',NULL,NULL,NULL),(2215,NULL,NULL,'liurzh@yzu.edu.cn',0,0,'','','Enabled',NULL,NULL,NULL),(2216,NULL,NULL,'kszhao@ymail.com',0,0,'','','Enabled',NULL,NULL,NULL),(2217,NULL,NULL,'2021206664@qq.com',0,0,'','','Enabled',NULL,NULL,NULL),(2218,NULL,NULL,'Magdalena.Kowalewska@pib-nio.pl',0,0,'','','Enabled',NULL,NULL,NULL),(2219,NULL,NULL,'draysegululu@yahoo.co.uk',0,0,'','','Enabled',NULL,NULL,NULL),(2220,NULL,NULL,'draysegululu@yahoo.co.uk',0,0,'','','Enabled',NULL,NULL,NULL),(2221,NULL,NULL,'mourouzis2005@yahoo.gr',0,0,'','','Enabled',NULL,NULL,NULL),(2222,NULL,NULL,'donatap@amu.edu.pl',0,0,'','','Enabled',NULL,NULL,NULL),(2223,NULL,NULL,'pvlv69@mail.ru',0,0,'','','Enabled',NULL,NULL,NULL),(2224,NULL,NULL,'1052284114@qq.com',0,0,'','','Enabled',NULL,NULL,NULL),(2225,NULL,NULL,'shuichi@yamaguchi-u.ac.jp',0,0,'','','Enabled',NULL,NULL,NULL),(2226,NULL,NULL,'amardjeridane@yahoo.fr',0,0,'','','Enabled',NULL,NULL,NULL),(2227,NULL,NULL,'lywang@nju.edu.cn',0,0,'','','Enabled',NULL,NULL,NULL),(2228,NULL,NULL,'apostolos.bossios@lungall.gu.se',0,0,'','','Enabled',NULL,NULL,NULL),(2229,NULL,NULL,'hamidwaseer@yahoo.com',0,0,'','','Enabled',NULL,NULL,NULL),(2230,NULL,NULL,'norbert.haider@univie.ac.at',0,0,'','','Enabled',NULL,NULL,NULL),(2231,NULL,NULL,'wuxulz@126.com',0,0,'','','Enabled',NULL,NULL,NULL),(2232,NULL,NULL,'chem_zare@yahoo.com',0,0,'','','Enabled',NULL,NULL,NULL),(2233,NULL,NULL,'zhanglijun1221@163.com',0,0,'','','Enabled',NULL,NULL,NULL),(2234,NULL,NULL,'zagury@cnam.fr',0,0,'','','Enabled',NULL,NULL,NULL),(2235,NULL,NULL,'amardjeridane@yahoo.fr',0,0,'','','Enabled',NULL,NULL,NULL),(2236,NULL,NULL,'yuanjj911@163.com',0,0,'','','Enabled',NULL,NULL,NULL),(2237,NULL,NULL,'j.brzeska@wpit.umg.edu.pl',0,0,'','','Enabled',NULL,NULL,NULL),(2238,NULL,NULL,'raquel.abalo@urjc.es',0,0,'','','Enabled',NULL,NULL,NULL),(2239,NULL,NULL,'gu_zheming@walueps.com',0,0,'','','Enabled',NULL,NULL,NULL),(2240,NULL,NULL,'d.wang@igbzpan.pl',0,0,'','','Enabled',NULL,NULL,NULL),(2241,NULL,NULL,'postmaster@umist.ac.uk',0,0,'','','Enabled',NULL,NULL,NULL),(2242,NULL,NULL,'614151982@qq.com',0,0,'','','Enabled',NULL,NULL,NULL),(2243,NULL,NULL,'614151982@qq.com',0,0,'','','Enabled',NULL,NULL,NULL),(2244,NULL,NULL,'Maureen.Morgan@lhch.nhs.uk',0,0,'','','Enabled',NULL,NULL,NULL),(2245,NULL,NULL,'roccodevitis@yahoo.com',0,0,'','','Enabled',NULL,NULL,NULL),(2246,NULL,NULL,'stefano.giovagnoli@unipg.it',0,0,'','','Enabled',NULL,NULL,NULL),(2247,NULL,NULL,'Frode.Selheim@uib.no',0,0,'','','Enabled',NULL,NULL,NULL),(2248,NULL,NULL,'i.guinobert@pileje.com',0,0,'','','Enabled',NULL,NULL,NULL),(2249,NULL,NULL,'Viness.Pillay@wits.ac.za',0,0,'','','Enabled',NULL,NULL,NULL),(2250,NULL,NULL,'2sujun@inje.ac.kr',0,0,'','','Enabled',NULL,NULL,NULL),(2251,NULL,NULL,'rrjarroo@dmu.ac.uk',0,0,'','','Enabled',NULL,NULL,NULL),(2252,NULL,NULL,'rrjarroo@dmu.ac.uk',0,0,'','','Enabled',NULL,NULL,NULL),(2253,NULL,NULL,'rrjarroo@dmu.ac.uk',0,0,'','','Enabled',NULL,NULL,NULL),(2254,NULL,NULL,'estela.castilla@ibima.eu',0,0,'','','Enabled',NULL,NULL,NULL),(2255,NULL,NULL,'giulia.accardi@unipa.it',0,0,'','','Enabled',NULL,NULL,NULL),(2256,NULL,NULL,'kaly_cell@invitations.mailinblack.com',0,0,'','','Enabled',NULL,NULL,NULL),(2257,NULL,NULL,'mnader@wakehealth.edu',0,0,'','','Enabled',NULL,NULL,NULL),(2258,NULL,NULL,'sudin@buffalo.edu',0,0,'','','Enabled',NULL,NULL,NULL),(2259,NULL,NULL,'swoo@bwh.harvard.edu',0,0,'','','Enabled',NULL,NULL,NULL),(2260,NULL,NULL,'maubp@yahoo.it',0,0,'','','Enabled',NULL,NULL,NULL),(2261,NULL,NULL,'amontoya@ci2b.upv.es',0,0,'','','Enabled',NULL,NULL,NULL),(2262,NULL,NULL,'mjtorresj@ibima.eu',0,0,'','','Enabled',NULL,NULL,NULL),(2263,NULL,NULL,'eric.lam@imperial.ac.uk',0,0,'','','Enabled',NULL,NULL,NULL),(2264,NULL,NULL,'dkostelidis2006@yahoo.gr',0,0,'','','Enabled',NULL,NULL,NULL),(2265,NULL,NULL,'Bures@lfhk.cuni.cz',0,0,'','','Enabled',NULL,NULL,NULL),(2266,NULL,NULL,'bingliver@163.com',0,0,'','','Enabled',NULL,NULL,NULL),(2267,NULL,NULL,'mjtorresj@ibima.eu',0,0,'','','Enabled',NULL,NULL,NULL),(2268,NULL,NULL,'morello@uniroma2.it',0,0,'','','Enabled',NULL,NULL,NULL),(2269,NULL,NULL,'andreeacorina989@yahoo.com',0,0,'','','Enabled',NULL,NULL,NULL),(2270,NULL,NULL,'a.pawlak1@wp.pl',0,0,'','','Enabled',NULL,NULL,NULL),(2271,NULL,NULL,'Nicolas.Bordenave@uottawa.ca',0,0,'','','Enabled',NULL,NULL,NULL),(2272,NULL,NULL,'mjtorresj@ibima.eu',0,0,'','','Enabled',NULL,NULL,NULL),(2273,NULL,NULL,'ttlan2705@139.com',0,0,'','','Enabled',NULL,NULL,NULL),(2274,NULL,NULL,'wael.altabey@gmail.com',0,0,'','','Enabled',NULL,NULL,NULL),(2275,NULL,NULL,'Stephen.Saville@utsa.edu',0,0,'','','Enabled',NULL,NULL,NULL),(2276,NULL,NULL,'yuri.shavrukov@flinders.edu.au',0,0,'','','Enabled',NULL,NULL,NULL),(2277,NULL,NULL,'CLS8H@hscmail.mcc.virginia.edu',0,0,'','','Enabled',NULL,NULL,NULL),(2278,NULL,NULL,'msyazwanutm@gmail.com',0,0,'','','Enabled',NULL,NULL,NULL),(2279,NULL,NULL,'gjchang@mail.ustc.edu.cn',0,0,'','','Enabled',NULL,NULL,NULL),(2280,NULL,NULL,'sidy@jlu.edu.cn',0,0,'','','Enabled',NULL,NULL,NULL),(2281,NULL,NULL,'Doug.Thamm@ColoState.EDU',0,0,'','','Enabled',NULL,NULL,NULL),(2282,NULL,NULL,'helen.tremlett@ubc.ca',0,0,'','','Enabled',NULL,NULL,NULL),(2283,NULL,NULL,'massimo.zollo@unina.it',0,0,'','','Enabled',NULL,NULL,NULL),(2284,NULL,NULL,'zhengyadong@caas.cn',0,0,'','','Enabled',NULL,NULL,NULL),(2285,NULL,NULL,'sango-kz@igakuken.or.jp',0,0,'','','Enabled',NULL,NULL,NULL),(2286,NULL,NULL,'laura.popolo@unimi.it',0,0,'','','Enabled',NULL,NULL,NULL),(2287,NULL,NULL,'RAJKUMAR.SINGH@OIST.JP',0,0,'','','Enabled',NULL,NULL,NULL),(2288,NULL,NULL,'m.wei@griffith.edu.au',0,0,'','','Enabled',NULL,NULL,NULL),(2289,NULL,NULL,'yi-xu1@tamu.edu',0,0,'','','Enabled',NULL,NULL,NULL),(2290,NULL,NULL,'yachnis@pathology.ufl.edu',0,0,'','','Enabled',NULL,NULL,NULL),(2291,NULL,NULL,'peterj.wormald@adelaide.edu.au',0,0,'','','Enabled',NULL,NULL,NULL),(2292,NULL,NULL,'asmaahmed@benthamscience.net',0,0,'','','Enabled',NULL,NULL,NULL),(2293,NULL,NULL,'qzwang2018@sibs.ac.cn',0,0,'','','Enabled',NULL,NULL,NULL),(2294,NULL,NULL,'geeth.bodhinayake@my.jcu.edu.au',0,0,'','','Enabled',NULL,NULL,NULL),(2295,NULL,NULL,'yewmk@utar.edu.my',0,0,'','','Enabled',NULL,NULL,NULL),(2296,NULL,NULL,'RLHirsch@comcast.net',0,0,'','','Enabled',NULL,NULL,NULL),(2297,NULL,NULL,'a.bala@griffith.edu.au',0,0,'','','Enabled',NULL,NULL,NULL),(2298,NULL,NULL,'z.zhuravlova@onu.edu.ua',0,0,'','','Enabled',NULL,NULL,NULL),(2299,NULL,NULL,'kyoung@pppl.gov',0,0,'','','Enabled',NULL,NULL,NULL),(2300,NULL,NULL,'orest.voznyak@i.ua',0,0,'','','Enabled',NULL,NULL,NULL),(2301,NULL,NULL,'d.smith@cabi.org',0,0,'','','Enabled',NULL,NULL,NULL),(2302,NULL,NULL,'ahadjavanmardi@gmail.com',0,0,'','','Enabled',NULL,NULL,NULL),(2303,NULL,NULL,'wa3j@virginia.edu',0,0,'','','Enabled',NULL,NULL,NULL),(2304,NULL,NULL,'qinxinyue2019168@sina.com',0,0,'','','Enabled',NULL,NULL,NULL),(2305,NULL,NULL,'saeedmicrobiology@gmail.com',0,0,'','','Enabled',NULL,NULL,NULL),(2306,NULL,NULL,'mustaphaimmurana@gmail.com',0,0,'','','Enabled',NULL,NULL,NULL),(2307,NULL,NULL,'jeffcooper.101@btinternet.com',0,0,'','','Enabled',NULL,NULL,NULL),(2308,NULL,NULL,'imanners@uvic.ca',0,0,'','','Enabled',NULL,NULL,NULL),(2309,NULL,NULL,'vuversky@usf.edu',0,0,'','','Enabled',NULL,NULL,NULL),(2310,NULL,NULL,'goutas.dimitris@hotmail.com',0,0,'','','Enabled',NULL,NULL,NULL),(2311,NULL,NULL,'yihe@unm.edu',0,0,'','','Enabled',NULL,NULL,NULL),(2312,NULL,NULL,'huangxing66@zju.edu.cn',0,0,'','','Enabled',NULL,NULL,NULL),(2313,NULL,NULL,'rapil@ibch.poznan.pl',0,0,'','','Enabled',NULL,NULL,NULL),(2314,NULL,NULL,'charles.bou-nader@nih.gov',0,0,'','','Enabled',NULL,NULL,NULL),(2315,NULL,NULL,'e.nemati@urmia.ac.ir',0,0,'','','Enabled',NULL,NULL,NULL),(2316,NULL,NULL,'v.arechavala@live.co.uk',0,0,'','','Enabled',NULL,NULL,NULL),(2317,NULL,NULL,'fengmingqian@mail.hzau.edu.cn',0,0,'','','Enabled',NULL,NULL,NULL),(2318,NULL,NULL,'houz@riken.jp',0,0,'','','Enabled',NULL,NULL,NULL),(2319,NULL,NULL,'gchen84@jnu.edu.cn',0,0,'','','Enabled',NULL,NULL,NULL),(2320,NULL,NULL,'marco.dandrea@uniroma2.it',0,0,'','','Enabled',NULL,NULL,NULL),(2321,NULL,NULL,'tfraczyk@ibb.waw.pl',0,0,'','','Enabled',NULL,NULL,NULL),(2322,NULL,NULL,'cbliu@tju.edu.cn',0,0,'','','Enabled',NULL,NULL,NULL),(2323,NULL,NULL,'dbouros@med.uoa.gr',0,0,'','','Enabled',NULL,NULL,NULL),(2324,NULL,NULL,'fei.fang@medisin.uio.no',0,0,'','','Enabled',NULL,NULL,NULL),(2325,NULL,NULL,'ckzhang@purdue.edu',0,0,'','','Enabled',NULL,NULL,NULL),(2326,NULL,NULL,'Anthony.Zulli@vu.edu.au',0,0,'','','Enabled',NULL,NULL,NULL),(2327,NULL,NULL,'anggue56@outlook.com',0,0,'','','Enabled',NULL,NULL,NULL),(2328,NULL,NULL,'acassar@usfca.edu',0,0,'','','Enabled',NULL,NULL,NULL),(2329,NULL,NULL,'Nida.Naveed@sunderland.ac.uk',0,0,'','','Enabled',NULL,NULL,NULL),(2330,NULL,NULL,'gbesie@yahoo.co.uk',0,0,'','','Enabled',NULL,NULL,NULL),(2331,NULL,NULL,'batrakov@karazin.ua',0,0,'','','Enabled',NULL,NULL,NULL),(2332,NULL,NULL,'k_brat@abv.bg',0,0,'','','Enabled',NULL,NULL,NULL),(2333,NULL,NULL,'pulidindi@sjtu.edu.cn',0,0,'','','Enabled',NULL,NULL,NULL),(2334,NULL,NULL,'hcohenmb@optonline.net',0,0,'','','Enabled',NULL,NULL,NULL),(2335,NULL,NULL,'Howard.Maibach@ucsf.edu',0,0,'','','Enabled',NULL,NULL,NULL),(2336,NULL,NULL,'j.g.hardy@lancaster.ac.uk',0,0,'','','Enabled',NULL,NULL,NULL),(2337,NULL,NULL,'hdincer@medipol.edu.tr',0,0,'','','Enabled',NULL,NULL,NULL),(2338,NULL,NULL,'itetko@vcclab.org',0,0,'','','Enabled',NULL,NULL,NULL),(2339,NULL,NULL,'rpalou@imp.mx',0,0,'','','Enabled',NULL,NULL,NULL),(2340,NULL,NULL,'makram_0451@hotmail.com',0,0,'','','Enabled',NULL,NULL,NULL),(2341,NULL,NULL,'4535@ynnu.edu.cn',0,0,'','','Enabled',NULL,NULL,NULL),(2342,NULL,NULL,'ychang@mmm.muroran-it.ac.jp',0,0,'','','Enabled',NULL,NULL,NULL),(2343,NULL,NULL,'X.Fan@ed.ac.uk',0,0,'','','Enabled',NULL,NULL,NULL),(2344,NULL,NULL,'iga16077@gmail.com',0,0,'','','Enabled',NULL,NULL,NULL),(2345,NULL,NULL,'sff_phoenix@163.com',0,0,'','','Enabled',NULL,NULL,NULL),(2346,NULL,NULL,'yin_yao@fudan.edu.cn',0,0,'','','Enabled',NULL,NULL,NULL),(2347,NULL,NULL,'scutaoli1981@scu.edu.cn',0,0,'','','Enabled',NULL,NULL,NULL),(2348,NULL,NULL,'iban02@gmail.com',0,0,'','','Enabled',NULL,NULL,NULL),(2349,NULL,NULL,'sunhanxing2005@imm.ac.cn',0,0,'','','Enabled',NULL,NULL,NULL),(2350,NULL,NULL,'mesonero@unizar.es',0,0,'','','Enabled',NULL,NULL,NULL),(2351,NULL,NULL,'raj.mit.mech@gmail.com',0,0,'','','Enabled',NULL,NULL,NULL),(2352,NULL,NULL,'wahc@stanford.edu',0,0,'','','Enabled',NULL,NULL,NULL),(2353,NULL,NULL,'Dongfang.Yang@nrc-cnrc.gc.ca',0,0,'','','Enabled',NULL,NULL,NULL),(2354,NULL,NULL,'markhica@buffalo.edu',0,0,'','','Enabled',NULL,NULL,NULL),(2355,NULL,NULL,'jmartina@nhlbi.nih.gov',0,0,'','','Enabled',NULL,NULL,NULL),(2356,NULL,NULL,'enriquehs266@yahoo.com.mx',0,0,'','','Enabled',NULL,NULL,NULL),(2357,NULL,NULL,'witkowskad@wsm.opole.pl',0,0,'','','Enabled',NULL,NULL,NULL),(2358,NULL,NULL,'haithamhamoda@hotmail.com',0,0,'','','Enabled',NULL,NULL,NULL),(2359,NULL,NULL,'jim.fredenburgh@taari.ca',0,0,'','','Enabled',NULL,NULL,NULL),(2360,NULL,NULL,'Smichi.Nabil@mayo.edu',0,0,'','','Enabled',NULL,NULL,NULL),(2361,NULL,NULL,'xs7@ualberta.ca',0,0,'','','Enabled',NULL,NULL,NULL),(2362,NULL,NULL,'rashmi.gopal-srivastava@nih.gov',0,0,'','','Enabled',NULL,NULL,NULL),(2363,NULL,NULL,'sly@zzu.edu.cn',0,0,'','','Enabled',NULL,NULL,NULL),(2364,NULL,NULL,'xzho@novonordisk.com',0,0,'','','Enabled',NULL,NULL,NULL),(2365,NULL,NULL,'duanhuirong@caas.cn',0,0,'','','Enabled',NULL,NULL,NULL),(2366,'J.K.','Bird','julia.bird@dsm.com',0,0,'','','Enabled',NULL,NULL,NULL),(2367,'R. H.','Adamson','rhadamson@ucdavis.edu',0,0,'','','Enabled',NULL,NULL,NULL),(2368,'Y.','Amano','amano.yuuto@kao.com',0,0,'','','Enabled',NULL,NULL,NULL),(2369,'E.','Guisbert','eguisbert@fit.edu',0,0,'','','Enabled',NULL,NULL,NULL),(2370,'A.','Annapragada','avannapr@texaschildrenshospital.org',0,0,'','','Enabled',NULL,NULL,NULL),(2371,'Y.','Arata','aratay@sc.sumitomo-chem.co.jp',0,0,'','','Enabled',NULL,NULL,NULL),(2372,'E.','Guisbert','eguisbert@fit.edu',0,0,'','','Enabled',NULL,NULL,NULL),(2373,'R.','Kanada','ryo.kanada@riken.jp',0,0,'','','Enabled',NULL,NULL,NULL),(2374,'R.','Kanada','ryo.kanada@riken.jp',0,0,'','','Enabled',NULL,NULL,NULL),(2375,'K.S.','Kim Guisbert','kkimguisbert@fit.edu',0,0,'','','Enabled',NULL,NULL,NULL),(2376,'K.S.','Kim Guisbert','kkimguisbert@fit.edu',0,0,'','','Enabled',NULL,NULL,NULL),(2377,'P.','Laurino','paola.laurino@oist.jp',0,0,'','','Enabled',NULL,NULL,NULL),(2378,'M.','Tsuchiya','tsuchiya.masaru@kao.co.jp',0,0,'','','Enabled',NULL,NULL,NULL),(2379,'J.W.','Wills','jwills@psu.edu',0,0,'','','Enabled',NULL,NULL,NULL),(2380,'A.','Pratesi','alessandro.pratesi@unipi.it',0,0,'','','Enabled',NULL,NULL,NULL),(2381,'C.','Chant','chantc@smh.toronto.on.ca',0,0,'','','Enabled',NULL,NULL,NULL),(2382,'C.','Chant','chantc@smh.toronto.on.ca',0,0,'','','Enabled',NULL,NULL,NULL),(2383,'R.','Uchio','Uchio_Ryusei@house-wf.co.jp',0,0,'','','Enabled',NULL,NULL,NULL),(2384,'J.M.','Curran','J.Curran@murdoch.edu.au',0,0,'','','Enabled',NULL,NULL,NULL),(2385,'Ajay Vikram','Singh','Ajay-Vikram.Singh@bfr.bund.de',0,0,'','','Enabled',NULL,NULL,NULL),(2386,'M.-L.','del Rio','mlriogon@saludcastillayleon.es',0,0,'','','Enabled',NULL,NULL,NULL),(2387,'M.','Balys','mariuszbal@gmail.com',0,0,'','','Enabled',NULL,NULL,NULL),(2388,'M.','Delgado','marcos.delgado@spital.so.ch',0,0,'','','Enabled',NULL,NULL,NULL),(2389,'S.','Arai','arais@nih.go.jp',0,0,'','','Enabled',NULL,NULL,NULL),(2390,'L.G.','Dent','lucas.dent@icr.ac.uk',0,0,'','','Enabled',NULL,NULL,NULL),(2391,'A.','Kusumi','akihiro.kusumi@oist.jp',0,0,'','','Enabled',NULL,NULL,NULL),(2392,'M.D.','Bennett','m.bennett@murdoch.edu.au',0,0,'','','Enabled',NULL,NULL,NULL),(2393,'A.S.','Tanaka','akikosta@nih.go.jp',0,0,'','','Enabled',NULL,NULL,NULL),(2394,'T.','Yuki','yuki.takuo@kanebocos.co.jp',0,0,'','','Enabled',NULL,NULL,NULL),(2395,'D.','Konno','dai-kon@umin.ac.jp',0,0,'','','Enabled',NULL,NULL,NULL),(2396,'C.','Falco','cnfalco@texaschildrens.org',0,0,'','','Enabled',NULL,NULL,NULL),(2397,'J.','Feito','jfeito@saludcastillayleon.es',0,0,'','','Enabled',NULL,NULL,NULL),(2398,'Bruna  Fernanda Silva','de Sousa','brunasousa.agronomia@gmail.com',0,0,'','','Enabled',NULL,NULL,NULL),(2399,'B.','Follows','bruce.follows@emdserono.com',0,0,'','','Enabled',NULL,NULL,NULL),(2400,'M.','Furukawa','m_furukawa@research.otsuka.co.jp',0,0,'','','Enabled',NULL,NULL,NULL),(2401,'Y.','Doi','yoshihiro_doi@nmp.co.jp',0,0,'','','Enabled',NULL,NULL,NULL),(2402,'T.','Ellis','T.Ellis@murdoch.edu.au',0,0,'','','Enabled',NULL,NULL,NULL),(2403,'P.','Favreau','philippe.favreau@etat.ge.ch',0,0,'','','Enabled',NULL,NULL,NULL),(2404,'P.','Glinicki','piotr.glinicki@bielanski.med.pl',0,0,'','','Enabled',NULL,NULL,NULL),(2405,'F.J.','Gonzlez de Molina','fgonzalez@mutuaterrassa.es',0,0,'','','Enabled',NULL,NULL,NULL),(2406,'T.L.','Haskett','t.haskett@murdoch.edu.au',0,0,'','','Enabled',NULL,NULL,NULL),(2407,'B.','Jenkins','jenkinsb@ohsu.edu',0,0,'','','Enabled',NULL,NULL,NULL),(2408,'B.','Jenkins','jenkinsb@ohsu.edu',0,0,'','','Enabled',NULL,NULL,NULL),(2409,'B.','Jenkins','jenkinsb@ohsu.edu',0,0,'','','Enabled',NULL,NULL,NULL),(2410,'B.','Jenkins','jenkinsb@ohsu.edu',0,0,'','','Enabled',NULL,NULL,NULL),(2411,'S.','Harada','shigeh@nih.go.jp',0,0,'','','Enabled',NULL,NULL,NULL),(2412,'B.','Jenkins','jenkinsb@ohsu.edu',0,0,'','','Enabled',NULL,NULL,NULL),(2413,'B.','Jenkins','jenkinsb@ohsu.edu',0,0,'','','Enabled',NULL,NULL,NULL),(2414,'B.','Jenkins','jenkinsb@ohsu.edu',0,0,'','','Enabled',NULL,NULL,NULL),(2415,'B.','Jenkins','jenkinsb@ohsu.edu',0,0,'','','Enabled',NULL,NULL,NULL),(2416,'K.','Ishikawa','ishikawa.kazutaka@kao.co.jp',0,0,'','','Enabled',NULL,NULL,NULL),(2417,'T.','Kaya','takatoshi.kaya@konicaminolta.com',0,0,'','','Enabled',NULL,NULL,NULL),(2418,'M.','Koinari','M.Koinari@murdoch.edu.au',0,0,'','','Enabled',NULL,NULL,NULL),(2419,'Y.','Kawaoka','yoshihiro.kawaoka@wisc.edu',0,0,'','','Enabled',NULL,NULL,NULL),(2420,'H.','Ishikawa','hiroki.ishikawa@oist.jp',0,0,'','','Enabled',NULL,NULL,NULL),(2421,'Y.','Kaku','ykaku@niid.go.jp',0,0,'','','Enabled',NULL,NULL,NULL),(2422,'K.-H.','Kang','ghkang@deu.ac.kr',0,0,'','','Enabled',NULL,NULL,NULL),(2423,'K.-H.','Kang','ghkang@deu.ac.kr',0,0,'','','Enabled',NULL,NULL,NULL),(2424,'K.-H.','Kang','ghkang@deu.ac.kr',0,0,'','','Enabled',NULL,NULL,NULL),(2425,'K.-H.','Kang','ghkang@deu.ac.kr',0,0,'','','Enabled',NULL,NULL,NULL),(2426,'J.M.','Li','lijunmin@nbu.edu.cn',0,0,'','','Enabled',NULL,NULL,NULL),(2427,'K.','Miyata','miyatak1@sc.sumitomo-chem.co.jp',0,0,'','','Enabled',NULL,NULL,NULL),(2428,'P.K.','Nair','pulari.nair@danone.com',0,0,'','','Enabled',NULL,NULL,NULL),(2429,'A.','Mottaz','anais.mottaz@isb-sib.ch',0,0,'','','Enabled',NULL,NULL,NULL),(2430,'T.','Odagiri','i-taka@nih.go.jp',0,0,'','','Enabled',NULL,NULL,NULL),(2431,'K.','Kono','KEIKO.KONO@OIST.JP',0,0,'','','Enabled',NULL,NULL,NULL),(2432,'H.','Okudaira','hiroyuki_okudaira@nmp.co.jp',0,0,'','','Enabled',NULL,NULL,NULL),(2433,'E.J.','ORourke','ejo8b@virginia.edu',0,0,'','','Enabled',NULL,NULL,NULL),(2434,'B.','Allen','bryan.allen1@ascension.org',0,0,'','','Enabled',NULL,NULL,NULL),(2435,'M.','Arshad','marshad@luriechildrens.org',0,0,'','','Enabled',NULL,NULL,NULL),(2436,'T.','Ayabe','Tatsuhiro_Ayabe@kirin.co.jp',0,0,'','','Enabled',NULL,NULL,NULL),(2437,'K.','Hirooka','hirooka@fukuyama-u.ac.jp',0,0,'','','Enabled',NULL,NULL,NULL),(2438,'S.','Tajima','rei-tani@nih.go.jp',0,0,'','','Enabled',NULL,NULL,NULL),(2439,'V.','Tozzini','valentina.tozzini@nano.cnr.it',0,0,'','','Enabled',NULL,NULL,NULL),(2440,'X.','Du','B.Du@murdoch.edu.au',0,0,'','','Enabled',NULL,NULL,NULL),(2441,'H.','Wada','h-wada@taiho.co.jp',0,0,'','','Enabled',NULL,NULL,NULL),(2442,'Y.','Fukutomi','fukutomi@nih.go.jp',0,0,'','','Enabled',NULL,NULL,NULL),(2443,'G.M.','Weber','gilbert.weber@dsm.com',0,0,'','','Enabled',NULL,NULL,NULL),(2444,'N.','Hariguchi','Hariguchi.Norimitsu@otsuka.jp',0,0,'','','Enabled',NULL,NULL,NULL),(2445,'S.','Jayaraman','JayaramaS@corning.com',0,0,'','','Enabled',NULL,NULL,NULL),(2446,'C.R.','Yang','chin-rang.yang@nih.gov',0,0,'','','Enabled',NULL,NULL,NULL),(2447,'C.','Yang','Cheng.yang@htmdc.org',0,0,'','','Enabled',NULL,NULL,NULL),(2448,'C.','Yang','Cheng.yang@htmdc.org',0,0,'','','Enabled',NULL,NULL,NULL),(2449,'C.','Yang','Cheng.yang@htmdc.org',0,0,'','','Enabled',NULL,NULL,NULL),(2450,'C.','Yang','Cheng.yang@htmdc.org',0,0,'','','Enabled',NULL,NULL,NULL),(2451,'C.','Yang','Cheng.yang@htmdc.org',0,0,'','','Enabled',NULL,NULL,NULL),(2452,'C.','Yang','Cheng.yang@htmdc.org',0,0,'','','Enabled',NULL,NULL,NULL),(2453,'A.G.','Klees','anne-grit.klees@merckgroup.com',0,0,'','','Enabled',NULL,NULL,NULL),(2454,'L.C.','Knigsberger','L.Koenigsberger@murdoch.edu.au',0,0,'','','Enabled',NULL,NULL,NULL),(2455,'K.','Hirooka','hirooka@fukuyama-u.ac.jp',0,0,'','','Enabled',NULL,NULL,NULL),(2456,'C.','Yang','Cheng.yang@htmdc.org',0,0,'','','Enabled',NULL,NULL,NULL),(2457,'Jaroslav','Tintera','jati@medicon.cz',0,0,'','','Enabled',NULL,NULL,NULL),(2458,'Ibrahim','Ibrahim','ibib@medicon.cz',0,0,'','','Enabled',NULL,NULL,NULL),(2459,'Winnie','Qian','qianw@smh.ca',0,0,'','','Enabled',NULL,NULL,NULL),(2460,'Winnie','Qian','qianw@smh.ca',0,0,'','','Enabled',NULL,NULL,NULL),(2461,'David G.','Munoz','MunozD@smh.ca',0,0,'','','Enabled',NULL,NULL,NULL),(2462,'','Cano','mcanopo@saludcastillayleon.es',0,0,'','','Enabled',NULL,NULL,NULL),(2463,'Alicia','Carreres','acarreres@saludcastillayleon.es',0,0,'','','Enabled',NULL,NULL,NULL),(2464,'Kengo','Abe','abe.kengo@jp.panasonic.com',0,0,'','','Enabled',NULL,NULL,NULL),(2465,'Tom  A.','Schweizer','schweizert@smh.ca',0,0,'','','Enabled',NULL,NULL,NULL),(2466,'Yasuhisa','Ano','Yasuhisa_Ano@kirin.co.jp',0,0,'','','Enabled',NULL,NULL,NULL),(2467,'Yaming','Zhang','zhang.yaming@jp.panasonic.com',0,0,'','','Enabled',NULL,NULL,NULL),(2468,'A.','Kuhla','angela.kuhla@uni-rostock.de',0,0,'','','Enabled',NULL,NULL,NULL),(2469,'Ondrej','Soukup','ondrej.soukup@fnhk.cz',0,0,'','','Enabled',NULL,NULL,NULL),(2470,'Sadayuki','Sumi','sumi.sadayuki@jp.panasonic.com',0,0,'','','Enabled',NULL,NULL,NULL),(2471,'Takaaki','Ukeda','ukeda.takaaki@jp.panasonic.com',0,0,'','','Enabled',NULL,NULL,NULL),(2472,'Ryosuke','Nagumo','nagumo.ryosuke@jp.panasonic.com',0,0,'','','Enabled',NULL,NULL,NULL),(2473,'Tereza','Kobrlova','tereza.kobrlova@fnhk.cz',0,0,'','','Enabled',NULL,NULL,NULL),(2474,'Mitsuharu','Hosokawa','hosokawa.mitsuharu@jp.panasonic.com',0,0,'','','Enabled',NULL,NULL,NULL),(2475,'Malena','dos Santos Guilherme','Malena.DosSantosGuilherme@unimedizin-mainz.de',0,0,'','','Enabled',NULL,NULL,NULL),(2476,'Malena','dos Santos Guilherme','Malena.DosSantosGuilherme@unimedizin-mainz.de',0,0,'','','Enabled',NULL,NULL,NULL),(2477,'Tarek','Darwish','tdarwish@seha.ae',0,0,'','','Enabled',NULL,NULL,NULL),(2478,'Tarek','Darwish','tdarwish@seha.ae',0,0,'','','Enabled',NULL,NULL,NULL),(2479,'Michael','Schmieder','Michael.schmieder@sonnweid.ch',0,0,'','','Enabled',NULL,NULL,NULL),(2480,'K.','Endres','Kristina.endres@unimedizin-mainz.de',0,0,'','','Enabled',NULL,NULL,NULL),(2481,'K.','Endres','Kristina.endres@unimedizin-mainz.de',0,0,'','','Enabled',NULL,NULL,NULL),(2482,'S.','Imura','imura.satoru@tokushima-u.ac.jp',0,0,'','','Enabled',NULL,NULL,NULL),(2483,'Jeff  S.','Kruk','jkruk@uwaterloo.ca',0,0,'','','Enabled',NULL,NULL,NULL),(2484,'Jeff  S.','Kruk','jkruk@uwaterloo.ca',0,0,'','','Enabled',NULL,NULL,NULL),(2485,'J.',NULL,'jozef.sevcik@savba.sk',0,0,'','','Enabled',NULL,NULL,NULL),(2486,'N.','Masamura','n-masamura@housefoods.co.jp',0,0,'','','Enabled',NULL,NULL,NULL),(2487,'D. E.','McIlvried','demcilvr@stvincent.org',0,0,'','','Enabled',NULL,NULL,NULL),(2488,'R.','Miyajima','Miyajima.Rin@otsuka.jp',0,0,'','','Enabled',NULL,NULL,NULL),(2489,'R.N.','Master','ronald.n.master@questdiagnostics.com',0,0,'','','Enabled',NULL,NULL,NULL),(2490,'S.','Mohammed','mohammedsaf@smh.toronto.on.ca',0,0,'','','Enabled',NULL,NULL,NULL),(2491,'S.','Matsumura','matsumura.shouji@kao.com',0,0,'','','Enabled',NULL,NULL,NULL),(2492,'J.Q.','McCann','jamccann@stvincent.org',0,0,'','','Enabled',NULL,NULL,NULL),(2493,'Y.','Morita','Yuji_Morita@kirin.co.jp',0,0,'','','Enabled',NULL,NULL,NULL),(2494,'A. K.','McCullough','mcculloa@ohsu.edu',0,0,'','','Enabled',NULL,NULL,NULL),(2495,'A. K.','McCullough','mcculloa@ohsu.edu',0,0,'','','Enabled',NULL,NULL,NULL),(2496,'A. K.','McCullough','mcculloa@ohsu.edu',0,0,'','','Enabled',NULL,NULL,NULL),(2497,'A. K.','McCullough','mcculloa@ohsu.edu',0,0,'','','Enabled',NULL,NULL,NULL),(2498,'Y.','Nakagawa','nakayuki@staff.kanazawa-u.ac.jp',0,0,'','','Enabled',NULL,NULL,NULL),(2499,'M.','Nagashimada','nakanaga@staff.kanazawa-u.ac.jp',0,0,'','','Enabled',NULL,NULL,NULL),(2500,'S.','Naito','Naito.Shinsaku@otsuka.jp',0,0,'','','Enabled',NULL,NULL,NULL),(2501,'A. K.','McCullough','mcculloa@ohsu.edu',0,0,'','','Enabled',NULL,NULL,NULL),(2502,'A. K.','McCullough','mcculloa@ohsu.edu',0,0,'','','Enabled',NULL,NULL,NULL),(2503,'M.','Nakao','mikimnakao@kyudai.jp',0,0,'','','Enabled',NULL,NULL,NULL),(2504,'S.J.','Patel','sjpatel@luriechildrens.org',0,0,'','','Enabled',NULL,NULL,NULL),(2505,'N.','Qiao','qiaonan3@huawei.com',0,0,'','','Enabled',NULL,NULL,NULL),(2506,'N.','Qiao','qiaonan3@huawei.com',0,0,'','','Enabled',NULL,NULL,NULL),(2507,'H.','Okudaira','hiroyuki_okudaira@nmp.co.jp',0,0,'','','Enabled',NULL,NULL,NULL),(2508,'P.A.','Revell','parevell@texaschildrenshospital.org',0,0,'','','Enabled',NULL,NULL,NULL),(2509,'S.','Revolinski','sara.revolinski@froedtert.com',0,0,'','','Enabled',NULL,NULL,NULL),(2510,'A. K.','McCullough','mcculloa@ohsu.edu',0,0,'','','Enabled',NULL,NULL,NULL),(2511,'A. K.','McCullough','mcculloa@ohsu.edu',0,0,'','','Enabled',NULL,NULL,NULL),(2512,'C.E.','Chase','Charles_Chase@eri.eisai.com',0,0,'','','Enabled',NULL,NULL,NULL),(2513,'F.','Onofri','franco.onofri@unige.it',0,0,'','','Enabled',NULL,NULL,NULL),(2514,'A. K.','McCullough','mcculloa@ohsu.edu',0,0,'','','Enabled',NULL,NULL,NULL),(2515,'A. K.','McCullough','mcculloa@ohsu.edu',0,0,'','','Enabled',NULL,NULL,NULL),(2516,'T.','Owa','takashi_owa@eisai.com',0,0,'','','Enabled',NULL,NULL,NULL),(2517,'T.','Spangenberg','thomas.spangenberg@merckgroup.com',0,0,'','','Enabled',NULL,NULL,NULL),(2518,'H.','Taguchi','h-taguchi@housefoods.co.jp',0,0,'','','Enabled',NULL,NULL,NULL),(2519,'J.C.','Nolz','nolz@ohsu.edu',0,0,'','','Enabled',NULL,NULL,NULL),(2520,'J.C.','Nolz','nolz@ohsu.edu',0,0,'','','Enabled',NULL,NULL,NULL),(2521,'C.','Crescenzi','cristina.crescenzi@merckgroup.com',0,0,'','','Enabled',NULL,NULL,NULL),(2522,'K.D.','Demadis','demadis@chemistry.uoc.gr',0,0,'','','Enabled',NULL,NULL,NULL),(2523,'W.G.','Reeve','W.Reeve@murdoch.edu.au',0,0,'','','Enabled',NULL,NULL,NULL),(2524,'J.C.','Nolz','nolz@ohsu.edu',0,0,'','','Enabled',NULL,NULL,NULL),(2525,'J.C.','Nolz','nolz@ohsu.edu',0,0,'','','Enabled',NULL,NULL,NULL),(2526,'M.','Emura','makoto_emura@takasago.com',0,0,'','','Enabled',NULL,NULL,NULL),(2527,'J.C.','Nolz','nolz@ohsu.edu',0,0,'','','Enabled',NULL,NULL,NULL),(2528,'J.C.','Nolz','nolz@ohsu.edu',0,0,'','','Enabled',NULL,NULL,NULL),(2529,'M.','Furukawa','Furukawa.Masayuki@otsuka.jp',0,0,'','','Enabled',NULL,NULL,NULL),(2530,'T.D.','Schneider','toms@alum.mit.edu',0,0,'','','Enabled',NULL,NULL,NULL),(2531,'G.','Sava','g.sava@callerio.org',0,0,'','','Enabled',NULL,NULL,NULL),(2532,'G.','Sava','g.sava@callerio.org',0,0,'','','Enabled',NULL,NULL,NULL),(2533,'G.','Sava','g.sava@callerio.org',0,0,'','','Enabled',NULL,NULL,NULL),(2534,'U.','Smole','ursula.smole@irc.vib-ugent.be',0,0,'','','Enabled',NULL,NULL,NULL),(2535,'T.','Spangenberg','thomas.spangenberg@merckgroup.com',0,0,'','','Enabled',NULL,NULL,NULL),(2536,'J.L.','Spidel','jared_spidel@eisai.com',0,0,'','','Enabled',NULL,NULL,NULL),(2537,'W.','Hayami','hayami.wataru@nims.go.jp',0,0,'','','Enabled',NULL,NULL,NULL),(2538,'T.','Ikeda','IKEDA.Taichi@nims.go.jp',0,0,'','','Enabled',NULL,NULL,NULL),(2539,'H.','Ibrahim','Hussameldin.ibrahim@uregina.ca',0,0,'','','Enabled',NULL,NULL,NULL),(2540,'K.','Ishida','kenya_ishida@takasago.com',0,0,'','','Enabled',NULL,NULL,NULL),(2541,'J.','Moldenhauer','jeannemoldenhauer@yahoo.com',0,0,'','','Enabled',NULL,NULL,NULL),(2542,'L.D.C.','Jaubert','ludovic.jaubert@oist.jp',0,0,'','','Enabled',NULL,NULL,NULL),(2543,'T.','Uno','takao-uno@taiho.co.jp',0,0,'','','Enabled',NULL,NULL,NULL),(2544,'D.','Kang','kangdanmiao@nicenergy.com',0,0,'','','Enabled',NULL,NULL,NULL),(2545,'T.','Kitashima','KITASHIMA.Tomonori@nims.go.jp',0,0,'','','Enabled',NULL,NULL,NULL),(2546,'N.','Kiyokane','n-kiyokane@jfe-steel.co.jp',0,0,'','','Enabled',NULL,NULL,NULL),(2547,'M.','Komiyama','m.komiyama@teijin.co.jp',0,0,'','','Enabled',NULL,NULL,NULL),(2548,'S.','Kjelstrup','signe.kjelstrup@chem.ntnu.no',0,0,'','','Enabled',NULL,NULL,NULL),(2549,'G.','Marino','grazia.marino@unibo.it',0,0,'','','Enabled',NULL,NULL,NULL),(2550,'H.','Liu','hua.liu.w@chnenergy.com.cn',0,0,'','','Enabled',NULL,NULL,NULL),(2551,'A.','Lyalin','lyalin.andrey@nims.go.jp',0,0,'','','Enabled',NULL,NULL,NULL),(2552,'N.','Masamura','n-masamura@housefoods.co.jp',0,0,'','','Enabled',NULL,NULL,NULL),(2553,'A.','Lombardi','alombard@unina.it',0,0,'','','Enabled',NULL,NULL,NULL),(2554,'D.','Meyrick','d.meyrick@murdoch.edu.au',0,0,'','','Enabled',NULL,NULL,NULL),(2555,'J.S.','Moon','sunghoon.lee@corning.com',0,0,'','','Enabled',NULL,NULL,NULL),(2556,'K.','Nagai','kei-nagai@taiho.co.jp',0,0,'','','Enabled',NULL,NULL,NULL),(2557,'M.','Yoshida','ito-shunsuke@kureha.co.jp',0,0,'','','Enabled',NULL,NULL,NULL),(2558,'Y.','Ono','yos-ono@jfe-steel.co.jp',0,0,'','','Enabled',NULL,NULL,NULL),(2559,'D.','Rowland','d.rowland@murdoch.edu.au',0,0,'','','Enabled',NULL,NULL,NULL),(2560,'T.','Sasaki','SASAKI.Taizo@nims.go.jp',0,0,'','','Enabled',NULL,NULL,NULL),(2561,'N.','Sekido','sekido.nobuaki@nims.go.jp',0,0,'','','Enabled',NULL,NULL,NULL),(2562,'S.','Shibata','shibata.satoshi007@jp.panasonic.com',0,0,'','','Enabled',NULL,NULL,NULL),(2563,'T.','Shirai','shirai.tomohiro@kao.co.jp',0,0,'','','Enabled',NULL,NULL,NULL),(2564,'Y.','Takahashi','yosuke-takahashi@n.noritake.co.jp',0,0,'','','Enabled',NULL,NULL,NULL),(2565,'K.','Tomiyama','kenichi_tomiyama@takasago.com',0,0,'','','Enabled',NULL,NULL,NULL),(2566,'N.','Tsujii','tsujii.naohito@nims.go.jp',0,0,'','','Enabled',NULL,NULL,NULL),(2567,'T.','Tsuruoka','TSURUOKA.Tohru@nims.go.jp',0,0,'','','Enabled',NULL,NULL,NULL),(2568,'A.','Tsutsumi','a-tsu2mi@iis.u-tokyo.ac.jp',0,0,'','','Enabled',NULL,NULL,NULL),(2569,'A.','Tsutsumi','a-tsu2mi@iis.u-tokyo.ac.jp',0,0,'','','Enabled',NULL,NULL,NULL),(2570,'H.','Toshima','toshima@mx.ibaraki.ac.jp',0,0,'','','Enabled',NULL,NULL,NULL),(2571,'M.','Sakurai','msakurai@bio.titech.ac.jp',0,0,'','','Enabled',NULL,NULL,NULL),(2572,'M.J.','Noble','noblem@ohsu.edu',0,0,'','','Enabled',NULL,NULL,NULL),(2573,'M.J.','Noble','noblem@ohsu.edu',0,0,'','','Enabled',NULL,NULL,NULL),(2574,'M.J.','Noble','noblem@ohsu.edu',0,0,'','','Enabled',NULL,NULL,NULL),(2575,'M.J.','Noble','noblem@ohsu.edu',0,0,'','','Enabled',NULL,NULL,NULL),(2576,'A.','Wronska','agata.wronska@gumed.edu.pl',0,0,'','','Enabled',NULL,NULL,NULL),(2577,'M.J.','Noble','noblem@ohsu.edu',0,0,'','','Enabled',NULL,NULL,NULL),(2578,'M.J.','Noble','noblem@ohsu.edu',0,0,'','','Enabled',NULL,NULL,NULL),(2579,'M.J.','Noble','noblem@ohsu.edu',0,0,'','','Enabled',NULL,NULL,NULL),(2580,'M.J.','Noble','noblem@ohsu.edu',0,0,'','','Enabled',NULL,NULL,NULL),(2581,'I.','Yamamiya','i-yamamiya@taiho.co.jp',0,0,'','','Enabled',NULL,NULL,NULL),(2582,'Y.','Yuki','yamato_yuki@takasago.com',0,0,'','','Enabled',NULL,NULL,NULL),(2583,'H.','Yusa','yusa.hitoshi@nims.go.jp',0,0,'','','Enabled',NULL,NULL,NULL),(2584,'K.','Shiomi','mkazusan21@s4.dion.ne.jp',0,0,'','','Enabled',NULL,NULL,NULL),(2585,'J.','Sun','sunjian@xinhuamed.com.cn',0,0,'','','Enabled',NULL,NULL,NULL),(2586,'K.A.','Zhdanova','mishkina_ksyusha@mail.ru',0,0,'','','Enabled',NULL,NULL,NULL),(2587,'A.V.','Annapragada','avannapr@texaschildrens.org',0,0,'','','Enabled',NULL,NULL,NULL),(2588,'A.','Aballay','aballay@ohsu.edu',0,0,'','','Enabled',NULL,NULL,NULL),(2589,'A.','Aballay','aballay@ohsu.edu',0,0,'','','Enabled',NULL,NULL,NULL),(2590,'A.','Aballay','aballay@ohsu.edu',0,0,'','','Enabled',NULL,NULL,NULL),(2591,'A.','Aballay','aballay@ohsu.edu',0,0,'','','Enabled',NULL,NULL,NULL),(2592,'S.W.','Denfield','swdenfie@texaschildrenshospital.org',0,0,'','','Enabled',NULL,NULL,NULL),(2593,'A.','Aballay','aballay@ohsu.edu',0,0,'','','Enabled',NULL,NULL,NULL),(2594,'A.','Aballay','aballay@ohsu.edu',0,0,'','','Enabled',NULL,NULL,NULL),(2595,'A.N.','Bukiya','abukiya@uthsc.edu',0,0,'','','Enabled',NULL,NULL,NULL),(2596,'R.','Funari','riccardo.funari@oist.jp',0,0,'','','Enabled',NULL,NULL,NULL),(2597,'C.','Fang','Chong.Fang@oregonstate.edu',0,0,'','','Enabled',NULL,NULL,NULL),(2598,'C.T.','Estill','rosellic@ohsu.edu',0,0,'','','Enabled',NULL,NULL,NULL),(2599,'C.T.','Estill','rosellic@ohsu.edu',0,0,'','','Enabled',NULL,NULL,NULL),(2600,'A.','Hachiya','hachiya.akira@kao.co.jp',0,0,'','','Enabled',NULL,NULL,NULL),(2601,'D.J.','Hampson','d.hampson@murdoch.edu.au',0,0,'','','Enabled',NULL,NULL,NULL),(2602,'S.A.','Harris','saharri2@ascension.org',0,0,'','','Enabled',NULL,NULL,NULL),(2603,'J.','Hoshino','hoshino@toranomon.gr.jp',0,0,'','','Enabled',NULL,NULL,NULL),(2604,'S.H.','Hong','hongsh@deu.ac.kr',0,0,'','','Enabled',NULL,NULL,NULL),(2605,'S.H.','Hong','hongsh@deu.ac.kr',0,0,'','','Enabled',NULL,NULL,NULL),(2606,'S.H.','Hong','hongsh@deu.ac.kr',0,0,'','','Enabled',NULL,NULL,NULL),(2607,'S.H.','Hong','hongsh@deu.ac.kr',0,0,'','','Enabled',NULL,NULL,NULL),(2608,'R.L.','Hurwitz','rlhurwit@txch.org',0,0,'','','Enabled',NULL,NULL,NULL),(2609,'M.','Ishikawa','rakuwadr1001@rakuwadr.com',0,0,'','','Enabled',NULL,NULL,NULL),(2610,'Y.','Isozaki','isozaki.yutaka@jp.panasonic.com',0,0,'','','Enabled',NULL,NULL,NULL),(2611,'D.K.','Grandy','grandyd@ohsu.edu',0,0,'','','Enabled',NULL,NULL,NULL),(2612,'D.K.','Grandy','grandyd@ohsu.edu',0,0,'','','Enabled',NULL,NULL,NULL),(2613,'S.','Ito','sa.ito@scchr.jp',0,0,'','','Enabled',NULL,NULL,NULL),(2614,'K.','Iatrou','iatrou@bio.demokritos.gr',0,0,'','','Enabled',NULL,NULL,NULL),(2615,'C.','Hagerling','catharina.hagerling@med.lu.se',0,0,'','','Enabled',NULL,NULL,NULL),(2616,'D.K.','Grandy','grandyd@ohsu.edu',0,0,'','','Enabled',NULL,NULL,NULL),(2617,'D.K.','Grandy','grandyd@ohsu.edu',0,0,'','','Enabled',NULL,NULL,NULL),(2618,'N.','Katsanis','nkatsanis@luriechildrens.org',0,0,'','','Enabled',NULL,NULL,NULL),(2619,'D.K.','Grandy','grandyd@ohsu.edu',0,0,'','','Enabled',NULL,NULL,NULL),(2620,'D.K.','Grandy','grandyd@ohsu.edu',0,0,'','','Enabled',NULL,NULL,NULL),(2621,'E.','Lewicka','elew@gumed.edu.pl',0,0,'','','Enabled',NULL,NULL,NULL),(2622,'T.','Izard','izard@scripps.edu',0,0,'','','Enabled',NULL,NULL,NULL),(2623,'D.K.','Grandy','grandyd@ohsu.edu',0,0,'','','Enabled',NULL,NULL,NULL),(2624,'D.K.','Grandy','grandyd@ohsu.edu',0,0,'','','Enabled',NULL,NULL,NULL),(2625,'C.T.','Estill','rosellic@ohsu.edu',0,0,'','','Enabled',NULL,NULL,NULL),(2626,'C.T.','Estill','rosellic@ohsu.edu',0,0,'','','Enabled',NULL,NULL,NULL),(2627,'E.M.','Marlowe','elizabeth.m.marlowe@questdiagnostics.com',0,0,'','','Enabled',NULL,NULL,NULL),(2628,'L.A.','Marn','lamarin@saludcastillayleon.es',0,0,'','','Enabled',NULL,NULL,NULL),(2629,'R.','Lujn','Rafael.Lujan@uclm.es',0,0,'','','Enabled',NULL,NULL,NULL),(2630,'D.K.','Grandy','grandyd@ohsu.edu',0,0,'','','Enabled',NULL,NULL,NULL),(2631,'D.K.','Grandy','grandyd@ohsu.edu',0,0,'','','Enabled',NULL,NULL,NULL),(2632,'T.','Murase','murase.takatoshi@kao.com',0,0,'','','Enabled',NULL,NULL,NULL),(2633,'D.K.','Grandy','grandyd@ohsu.edu',0,0,'','','Enabled',NULL,NULL,NULL),(2634,'D.K.','Grandy','grandyd@ohsu.edu',0,0,'','','Enabled',NULL,NULL,NULL),(2635,'D.K.','Grandy','grandyd@ohsu.edu',0,0,'','','Enabled',NULL,NULL,NULL),(2636,'D.K.','Grandy','grandyd@ohsu.edu',0,0,'','','Enabled',NULL,NULL,NULL),(2637,'H.','Nabeka','nabeka@m.ehime-u.ac.jp',0,0,'','','Enabled',NULL,NULL,NULL),(2638,'A.','Janowsky','janowsky@ohsu.edu',0,0,'','','Enabled',NULL,NULL,NULL),(2639,'A.','Janowsky','janowsky@ohsu.edu',0,0,'','','Enabled',NULL,NULL,NULL),(2640,'A.','Janowsky','janowsky@ohsu.edu',0,0,'','','Enabled',NULL,NULL,NULL),(2641,'A.','Janowsky','janowsky@ohsu.edu',0,0,'','','Enabled',NULL,NULL,NULL),(2642,'A.','Janowsky','janowsky@ohsu.edu',0,0,'','','Enabled',NULL,NULL,NULL),(2643,'A.','Janowsky','janowsky@ohsu.edu',0,0,'','','Enabled',NULL,NULL,NULL),(2644,'A.','Janowsky','janowsky@ohsu.edu',0,0,'','','Enabled',NULL,NULL,NULL),(2645,'A.','Janowsky','janowsky@ohsu.edu',0,0,'','','Enabled',NULL,NULL,NULL),(2646,'A.','Janowsky','janowsky@ohsu.edu',0,0,'','','Enabled',NULL,NULL,NULL),(2647,'A.','Janowsky','janowsky@ohsu.edu',0,0,'','','Enabled',NULL,NULL,NULL),(2648,'B.C.','Jongbloets','jongbloe@ohsu.edu',0,0,'','','Enabled',NULL,NULL,NULL),(2649,'B.C.','Jongbloets','jongbloe@ohsu.edu',0,0,'','','Enabled',NULL,NULL,NULL),(2650,'B.C.','Jongbloets','jongbloe@ohsu.edu',0,0,'','','Enabled',NULL,NULL,NULL),(2651,'B.C.','Jongbloets','jongbloe@ohsu.edu',0,0,'','','Enabled',NULL,NULL,NULL),(2652,'A.','Janowsky','janowsky@ohsu.edu',0,0,'','','Enabled',NULL,NULL,NULL),(2653,'A.','Janowsky','janowsky@ohsu.edu',0,0,'','','Enabled',NULL,NULL,NULL),(2654,'A.','Janowsky','janowsky@ohsu.edu',0,0,'','','Enabled',NULL,NULL,NULL),(2655,'A.','Janowsky','janowsky@ohsu.edu',0,0,'','','Enabled',NULL,NULL,NULL),(2656,'T.','Scarabelli','Tiziano.Scarabelli@stjohn.org',0,0,'','','Enabled',NULL,NULL,NULL),(2657,'V.S.','Shah','vsshah@texaschildrens.org',0,0,'','','Enabled',NULL,NULL,NULL),(2658,'B.C.','Jongbloets','jongbloe@ohsu.edu',0,0,'','','Enabled',NULL,NULL,NULL),(2659,'B.C.','Jongbloets','jongbloe@ohsu.edu',0,0,'','','Enabled',NULL,NULL,NULL),(2660,'S.','Shuto','shu@pharm.hokudai.ac.jp',0,0,'','','Enabled',NULL,NULL,NULL),(2661,'S.','Kaul','kauls@ohsu.edu',0,0,'','','Enabled',NULL,NULL,NULL),(2662,'S.','Kaul','kauls@ohsu.edu',0,0,'','','Enabled',NULL,NULL,NULL),(2663,'J.','Fukuchi','fukuchi-junichi@pmda.go.jp',0,0,'','','Enabled',NULL,NULL,NULL),(2664,'A.','Janowsky','janowsky@ohsu.edu',0,0,'','','Enabled',NULL,NULL,NULL),(2665,'A.','Janowsky','janowsky@ohsu.edu',0,0,'','','Enabled',NULL,NULL,NULL),(2666,'H.','Honda','honda.hiroshi@kao.co.jp',0,0,'','','Enabled',NULL,NULL,NULL),(2667,'M.E.','Staton','mstaton1@utk.edu',0,0,'','','Enabled',NULL,NULL,NULL),(2668,'X.Q.','Su','xiao.su@vu.edu.au',0,0,'','','Enabled',NULL,NULL,NULL),(2669,'V.R.','Sutton','vrsutton@texaschildrens.org',0,0,'','','Enabled',NULL,NULL,NULL),(2670,'L.','Chen','lihong@dmu.edu.cn',0,0,'','','Enabled',NULL,NULL,NULL),(2671,'B.C.','Jongbloets','jongbloe@ohsu.edu',0,0,'','','Enabled',NULL,NULL,NULL),(2672,'B.C.','Jongbloets','jongbloe@ohsu.edu',0,0,'','','Enabled',NULL,NULL,NULL),(2673,'S.','Kaul','kauls@ohsu.edu',0,0,'','','Enabled',NULL,NULL,NULL),(2674,'S.','Kaul','kauls@ohsu.edu',0,0,'','','Enabled',NULL,NULL,NULL),(2675,'T.','Takaku','takakut@sc.sumitomo-chem.co.jp',0,0,'','','Enabled',NULL,NULL,NULL),(2676,'H.','Abbiss','H.Abbiss@murdoch.edu.au',0,0,'','','Enabled',NULL,NULL,NULL),(2677,'M.','Lee','MinhoLee@catholic.ac.kr',0,0,'','','Enabled',NULL,NULL,NULL),(2678,'T.','Kishi','tarok@fujita-hu.ac.jp',0,0,'','','Enabled',NULL,NULL,NULL),(2679,'Z.S.','Chen','b140892@cuhk.edu.hk',0,0,'','','Enabled',NULL,NULL,NULL),(2680,'H.F.K.','Chiu','helenchiu@cuhk.edu.hk',0,0,'','','Enabled',NULL,NULL,NULL),(2681,'Z.S.','Chen','b140892@cuhk.edu.hk',0,0,'','','Enabled',NULL,NULL,NULL),(2682,'L.W.C.','Au','lisaau@cuhk.edu.hk',0,0,'','','Enabled',NULL,NULL,NULL),(2683,'L.','Baum','lwbaum@cuhk.edu.hk',0,0,'','','Enabled',NULL,NULL,NULL),(2684,'H.Y.','Chung','anthonychung@cuhk.edu.hk',0,0,'','','Enabled',NULL,NULL,NULL),(2685,'H.','Nishiura','hi-nishiura@hyo-med.ac.jp',0,0,'','','Enabled',NULL,NULL,NULL),(2686,'H.','Nishiura','hi-nishiura@hyo-med.ac.jp',0,0,'','','Enabled',NULL,NULL,NULL),(2687,'J.J.','Kim','jjkim@texaschildrens.org',0,0,'','','Enabled',NULL,NULL,NULL),(2688,'C.E.','Birse','Charles.E.Birse@questdiagnostics.com',0,0,'','','Enabled',NULL,NULL,NULL),(2689,'K.','Jablonowski','kdj6@uw.edu',0,0,'','','Enabled',NULL,NULL,NULL),(2690,'K.','Jablonowski','kdj6@uw.edu',0,0,'','','Enabled',NULL,NULL,NULL),(2691,'P.','Li','li_peng@sp.edu.sg',0,0,'','','Enabled',NULL,NULL,NULL),(2692,'D.P.','Chan','denisechan@cuhk.edu.hk',0,0,'','','Enabled',NULL,NULL,NULL),(2693,'H.Y.E.','Chan','hyechan@cuhk.edu.hk',0,0,'','','Enabled',NULL,NULL,NULL),(2694,'A.','Blaes','Blaes004@umn.eu',0,0,'','','Enabled',NULL,NULL,NULL),(2695,'A.','Blaes','Blaes004@umn.eu',0,0,'','','Enabled',NULL,NULL,NULL),(2696,'A.','Blaes','Blaes004@umn.eu',0,0,'','','Enabled',NULL,NULL,NULL),(2697,'H.','Li','lihuajie0589@souhu.com',0,0,'','','Enabled',NULL,NULL,NULL),(2698,'C.','Ceccarelli','claudio.ceccarelli@unibo.it',0,0,'','','Enabled',NULL,NULL,NULL),(2699,'R.C.K.','Chan','ronaldckchan@cuhk.edu.hk',0,0,'','','Enabled',NULL,NULL,NULL),(2700,'K.C.A.','Chan','allen@cuhk.edu.hk',0,0,'','','Enabled',NULL,NULL,NULL),(2701,'J.','Wilkinson','jwilkinson@biotron.com.au',0,0,'','','Enabled',NULL,NULL,NULL),(2702,'Y.','Cao','1362960346@qq.com.com',0,0,'','','Enabled',NULL,NULL,NULL),(2703,'Y.','Cao','1362960346@qq.com.com',0,0,'','','Enabled',NULL,NULL,NULL),(2704,'Y.','Cao','1362960346@qq.com.com',0,0,'','','Enabled',NULL,NULL,NULL),(2705,'M.J.','Reed','mjr@uw.edu',0,0,'','','Enabled',NULL,NULL,NULL),(2706,'V.B.','Arion','vladimir.arion@univie.ac.at',0,0,'','','Enabled',NULL,NULL,NULL),(2707,'P.M.','Coen','Paul.Coen@flhosp.org',0,0,'','','Enabled',NULL,NULL,NULL),(2708,'M.M.','Bailey','mbailey4@emporia.edu',0,0,'','','Enabled',NULL,NULL,NULL),(2709,'S.J.','Yakubov','Steven.Yakubov@ohiohealth.com',0,0,'','','Enabled',NULL,NULL,NULL),(2710,'M.R.','Albert','matthew.albert.md@adventhealth.com',0,0,'','','Enabled',NULL,NULL,NULL),(2711,'C.','Aldecoa','caldecoaal@saludcastillayleon.es',0,0,'','','Enabled',NULL,NULL,NULL),(2712,'G.S.','Bisacchi','Gregory.bisacchi@syngeneintl.com',0,0,'','','Enabled',NULL,NULL,NULL),(2713,'J.P.','DeLany','James.delany@Adventhealth.com',0,0,'','','Enabled',NULL,NULL,NULL),(2714,'D.','Vavylonis','vavylonis@lehigh.edu',0,0,'','','Enabled',NULL,NULL,NULL),(2715,'V.','Rosen','vrosen@ascension.org',0,0,'','','Enabled',NULL,NULL,NULL),(2716,'T.','Denkeken','tdenkceken@sanko.edu.tr',0,0,'','','Enabled',NULL,NULL,NULL),(2717,'W.S.','Fang','wfang@imm.ac.cn',0,0,'','','Enabled',NULL,NULL,NULL),(2718,'W.S.','Fang','wfang@imm.ac.cn',0,0,'','','Enabled',NULL,NULL,NULL),(2719,'Y.H.','Hsu','yhhsu@iam.ntu.edu.tw',0,0,'','','Enabled',NULL,NULL,NULL),(2720,'E.','Cichero','cichero@unige.it',0,0,'','','Enabled',NULL,NULL,NULL),(2721,'J.E.','Dietrich','jedietri@texaschildrens.org',0,0,'','','Enabled',NULL,NULL,NULL),(2722,'M.G.','Claros','claros@uma.es',0,0,'','','Enabled',NULL,NULL,NULL),(2723,'C.','Plessy','charles.plessy@oist.jp',0,0,'','','Enabled',NULL,NULL,NULL),(2724,'H.','Araoka','h-araoka@toranomon.gr.jp',0,0,'','','Enabled',NULL,NULL,NULL),(2725,'M.L.S.','Silva','mluisasilva@portugalmail.pt',0,0,'','','Enabled',NULL,NULL,NULL),(2726,'B.M.','Kapur','b.kapur@utoronto.ca',0,0,'','','Enabled',NULL,NULL,NULL),(2727,'B.M.','Kapur','b.kapur@utoronto.ca',0,0,'','','Enabled',NULL,NULL,NULL),(2728,'J.','Zheng','jzheng@wisc.edu',0,0,'','','Enabled',NULL,NULL,NULL),(2729,'D.H.','Leung','dhleung@texaschildrens.org',0,0,'','','Enabled',NULL,NULL,NULL),(2730,'G.D.','Hammer','ghammer@umich.edu',0,0,'','','Enabled',NULL,NULL,NULL),(2731,'V.','Zakharov','vzakh@icp.ac.ru',0,0,'','','Enabled',NULL,NULL,NULL),(2732,'L.D.','Asnin','asninld@mail.ru',0,0,'','','Enabled',NULL,NULL,NULL),(2733,'G.','Chen','Guoping.CHEN@nims.go.jp',0,0,'','','Enabled',NULL,NULL,NULL),(2734,'M.C.','Truttmann','mtruttma@med.umich.edu',0,0,'','','Enabled',NULL,NULL,NULL),(2735,'R.N.','Veedu','R.Veedu@murdoch.edu.au',0,0,'','','Enabled',NULL,NULL,NULL),(2736,'D.M.','Baker','dmbaker@hku.hk',0,0,'','','Enabled',NULL,NULL,NULL),(2737,'A.','Fabisiewicz','fabisiewicz@coi.waw.pl',0,0,'','','Enabled',NULL,NULL,NULL),(2738,'A.V.','Shurlygina','anna_v_s@mail.ru',0,0,'','','Enabled',NULL,NULL,NULL),(2739,'H.','Fukushima','hiroto-fukushima@taiho.co.jp',0,0,'','','Enabled',NULL,NULL,NULL),(2740,'B.H.','Goodpaster','bret.goodpaster@flhosp.org',0,0,'','','Enabled',NULL,NULL,NULL),(2741,'K.R.','Barroso Lpez','krbarroso@saludcastillayleon.es',0,0,'','','Enabled',NULL,NULL,NULL),(2742,'E.J.','McDade','ejmcdade@texaschildrens.org',0,0,'','','Enabled',NULL,NULL,NULL),(2743,'Z.','Pang','zqpang@fudan.edu.cn',0,0,'','','Enabled',NULL,NULL,NULL),(2744,'Z.','Pang','zqpang@fudan.edu.cn',0,0,'','','Enabled',NULL,NULL,NULL),(2745,'N.','Arsu','narsu@yildiz.edu.tr',0,0,'','','Enabled',NULL,NULL,NULL),(2746,'N.','Arsu','narsu@yildiz.edu.tr',0,0,'','','Enabled',NULL,NULL,NULL),(2747,'R.L.','Lichliter','rllichli@texaschildrens.org',0,0,'','','Enabled',NULL,NULL,NULL),(2748,'R.S.','Bercovitz','rbercovitz@luriechildrens.org',0,0,'','','Enabled',NULL,NULL,NULL),(2749,'T.J.','Gonzlez Lpez','tjgonzalez@saludcastillayleon.es',0,0,'','','Enabled',NULL,NULL,NULL),(2750,'K.D.','Demadis','demadis@uoc.gr',0,0,'','','Enabled',NULL,NULL,NULL),(2751,'Laura','Libonati','laura.libonati@yahoo.it',0,0,'','','Enabled',NULL,NULL,NULL),(2752,'A.','Di Guardo','antonio.diguardo@uninsubria.it',0,0,'','','Enabled',NULL,NULL,NULL),(2753,'A.','Di Guardo','antonio.diguardo@uninsubria.it',0,0,'','','Enabled',NULL,NULL,NULL),(2754,'A.','Di Guardo','antonio.diguardo@uninsubria.it',0,0,'','','Enabled',NULL,NULL,NULL),(2755,'C.','Gotor','gotor@ibvf.csic.es',0,0,'','','Enabled',NULL,NULL,NULL),(2756,'L.M.','Liao','liaolimin523@126.com',0,0,'','','Enabled',NULL,NULL,NULL),(2757,'G.','Gulati','geetagul@medisin.uio.no',0,0,'','','Enabled',NULL,NULL,NULL),(2758,'O.N.','Donkor','osaana.donkor@vu.edu.au',0,0,'','','Enabled',NULL,NULL,NULL),(2759,'J.D.','Suarez Torres','jdsuarezto@unal.edu.co',0,0,'','','Enabled',NULL,NULL,NULL),(2760,'J.E.','Bina','JBina@pitt.edu',0,0,'','','Enabled',NULL,NULL,NULL),(2761,'Barbara','Guinn','b.guinn@hull.ac.uk',0,0,'','','Enabled',NULL,NULL,NULL),(2762,'Barbara','Guinn','b.guinn@hull.ac.uk',0,0,'','','Enabled',NULL,NULL,NULL),(2763,'Barbara','Guinn','b.guinn@hull.ac.uk',0,0,'','','Enabled',NULL,NULL,NULL),(2764,'M.','Ebara','EBARA.Mitsuhiro@nims.go.jp',0,0,'','','Enabled',NULL,NULL,NULL),(2765,'S.A.','El Safty','sherif.elsafty@nims.go.jp',0,0,'','','Enabled',NULL,NULL,NULL),(2766,'X.L.','Zheng','xlzheng@ucalgary.ca',0,0,'','','Enabled',NULL,NULL,NULL),(2767,'M.C.','Brand','mcbrand@texaschildrens.org',0,0,'','','Enabled',NULL,NULL,NULL),(2768,'E.','Cova','e.cova@smatteo.pv.it',0,0,'','','Enabled',NULL,NULL,NULL),(2769,'L.','Guidi','luisa.guidi@unicatt.it',0,0,'','','Enabled',NULL,NULL,NULL),(2770,'K.C.','Huang','kuan-chun_huang@eisai.com',0,0,'','','Enabled',NULL,NULL,NULL),(2771,'J.','Liu','heartcenter@163.com',0,0,'','','Enabled',NULL,NULL,NULL),(2772,'N.','Bizzotto','nicolabizzotto83@gmail.com',0,0,'','','Enabled',NULL,NULL,NULL),(2773,'Q.','Huang','drhuang@xjtu.edu.cn',0,0,'','','Enabled',NULL,NULL,NULL),(2774,'A.','Poletti','angelo.poletti@unimi.it',0,0,'','','Enabled',NULL,NULL,NULL),(2775,'G.','Boschi','giulia.boschi95@tiscali.it',0,0,'','','Enabled',NULL,NULL,NULL),(2776,'B.','Cai','bin.cai@shionogi.com',0,0,'','','Enabled',NULL,NULL,NULL),(2777,'B.V.','Stanzel','boris.stanzel@kksaar.de',0,0,'','','Enabled',NULL,NULL,NULL),(2778,'O.R.','Gautun','odd.r.gautun@ntnu.no',0,0,'','','Enabled',NULL,NULL,NULL),(2779,'V.N.','Goral','goralvn@corning.com',0,0,'','','Enabled',NULL,NULL,NULL),(2780,'M.T.','Romano','meredith.tate@ascension.org',0,0,'','','Enabled',NULL,NULL,NULL),(2781,'Y.','Gou','sanchuanok@126.com',0,0,'','','Enabled',NULL,NULL,NULL),(2782,'M.M.','Kim','mmkim@deu.ac.kr',0,0,'','','Enabled',NULL,NULL,NULL),(2783,'M.M.','Kim','mmkim@deu.ac.kr',0,0,'','','Enabled',NULL,NULL,NULL),(2784,'M.M.','Kim','mmkim@deu.ac.kr',0,0,'','','Enabled',NULL,NULL,NULL),(2785,'M.M.','Kim','mmkim@deu.ac.kr',0,0,'','','Enabled',NULL,NULL,NULL),(2786,'P.','Celi','pietro.celi@dsm.com',0,0,'','','Enabled',NULL,NULL,NULL),(2787,'T.','Visalli','thomas_visalli@eisai.com',0,0,'','','Enabled',NULL,NULL,NULL),(2788,'M.L.','Gonzlez','martha.gonzalez@imbanaco.com.co',0,0,'','','Enabled',NULL,NULL,NULL),(2789,'H.','Katagiri','h.katagiri@scchr.jp',0,0,'','','Enabled',NULL,NULL,NULL),(2790,'M.','Higuchi','HIGUCHI.Masayoshi@nims.go.jp',0,0,'','','Enabled',NULL,NULL,NULL),(2791,'P.R.','Langlais','langlais@deptofmed.Arizona.edu',0,0,'','','Enabled',NULL,NULL,NULL),(2792,'I.','Laher','ilaher@mail.ubc.ca',0,0,'','','Enabled',NULL,NULL,NULL),(2793,'H.','Lee','14769@deu.ac.kr',0,0,'','','Enabled',NULL,NULL,NULL),(2794,'H.','Lee','14769@deu.ac.kr',0,0,'','','Enabled',NULL,NULL,NULL),(2795,'H.','Lee','14769@deu.ac.kr',0,0,'','','Enabled',NULL,NULL,NULL),(2796,'H.','Lee','14769@deu.ac.kr',0,0,'','','Enabled',NULL,NULL,NULL),(2797,'K.E.','Cherny','kcherny@luriechildrens.org',0,0,'','','Enabled',NULL,NULL,NULL),(2798,'C.L.','Cho','chochaklam@yahoo.com.hk',0,0,'','','Enabled',NULL,NULL,NULL),(2799,'C.E.','Chumpitazi','cechumpi@texaschildrens.org',0,0,'','','Enabled',NULL,NULL,NULL),(2800,'R.B.','Clark','Richard.b.clark@questdiagnostics.com',0,0,'','','Enabled',NULL,NULL,NULL),(2801,'A.','Cohen','axcohen@texaschildrens.org',0,0,'','','Enabled',NULL,NULL,NULL),(2802,'M.','Kikuchi','KIKUCHI.Masanori@nims.go.jp',0,0,'','','Enabled',NULL,NULL,NULL),(2803,'Y.','Li','yonghong.x.li2@questdiagnostics.com',0,0,'','','Enabled',NULL,NULL,NULL),(2804,'V.S.','Kaplin','piroklas@gmail.com',0,0,'','','Enabled',NULL,NULL,NULL),(2805,'S.A.','Litherland','Sally.Litherland@AdventHealth.com',0,0,'','','Enabled',NULL,NULL,NULL),(2806,'M.D.','Darrabie','marcus.darrabie.md@flhosp.org',0,0,'','','Enabled',NULL,NULL,NULL),(2807,'G.E.','Davis','GEDavis@uw.edu',0,0,'','','Enabled',NULL,NULL,NULL),(2808,'A.','Dean','aldean@texaschildrens.org',0,0,'','','Enabled',NULL,NULL,NULL),(2809,'C.','Liu','orangeliu@gamail.com',0,0,'','','Enabled',NULL,NULL,NULL),(2810,'C.','Liu','orangeliu@gamail.com',0,0,'','','Enabled',NULL,NULL,NULL),(2811,'G.','Colombo','colomb@unica.it',0,0,'','','Enabled',NULL,NULL,NULL),(2812,'G.','Colombo','colomb@unica.it',0,0,'','','Enabled',NULL,NULL,NULL),(2813,'N.','Fusco','nicola.fusco@unimi.it',0,0,'','','Enabled',NULL,NULL,NULL),(2814,'N.','Fusco','nicola.fusco@unimi.it',0,0,'','','Enabled',NULL,NULL,NULL),(2815,'P.','Horcajada','patricia.horcajada@imdea.org',0,0,'','','Enabled',NULL,NULL,NULL),(2816,'S.','Lario','slario@tauli.cat',0,0,'','','Enabled',NULL,NULL,NULL),(2821,'A.','Skitch','skitcha@smh.ca',0,0,'','','Enabled',NULL,NULL,NULL),(2822,'A.','Skitch','skitcha@smh.ca',0,0,'','','Enabled',NULL,NULL,NULL),(2823,'A.','Skitch','skitcha@smh.ca',0,0,'','','Enabled',NULL,NULL,NULL),(2824,'A.','Zhang','aidong@virginia.edu',0,0,'','','Enabled',NULL,NULL,NULL),(2825,'A.','Skitch','skitcha@smh.ca',0,0,'','','Enabled',NULL,NULL,NULL),(2826,'A.','Ohta','ohta-a@fbri.org',0,0,'','','Enabled',NULL,NULL,NULL),(2827,'A.','Ono','a.ono@scchr.jp',0,0,'','','Enabled',NULL,NULL,NULL),(2828,'A.','Ohta','ohta-a@fbri.org',0,0,'','','Enabled',NULL,NULL,NULL),(2829,'A.W.H.','Chan','awh_chan@cuhk.edu.hk',0,0,'','','Enabled',NULL,NULL,NULL),(2830,'A.','Heczey','axheczey@txch.org',0,0,'','','Enabled',NULL,NULL,NULL),(2831,'D.','Guo','djguo@cuhk.edu.hk',0,0,'','','Enabled',NULL,NULL,NULL),(2832,'E.','Pala','epala@sanko.edu.tr',0,0,'','','Enabled',NULL,NULL,NULL),(2833,'A.E.','Rossi','rossiae@corning.com',0,0,'','','Enabled',NULL,NULL,NULL),(2834,'G.M.','Yousef','yousefg@smh.toronto.on.ca',0,0,'','','Enabled',NULL,NULL,NULL),(2835,'G.M.','Yousef','yousefg@smh.ca',0,0,'','','Enabled',NULL,NULL,NULL),(2836,'G.M.','Yousef','yousefg@smh.ca',0,0,'','','Enabled',NULL,NULL,NULL),(2837,'G.M.','Yousef','yousefg@smh.toronto.on.ca',0,0,'','','Enabled',NULL,NULL,NULL),(2838,'G.M.','Yousef','yousefg@smh.toronto.on.ca',0,0,'','','Enabled',NULL,NULL,NULL),(2839,'H.','Matsubayashi','h.matsubayashi@scchr.jp',0,0,'','','Enabled',NULL,NULL,NULL),(2840,'A.T.C.','Chan','anthonytcchan@cuhk.edu.hk',0,0,'','','Enabled',NULL,NULL,NULL),(2841,'B.','Blanco','bblancod@saludcastillayleon.es',0,0,'','','Enabled',NULL,NULL,NULL),(2842,'J.','Goutsias','goutsias@jhu.edu',0,0,'','','Enabled',NULL,NULL,NULL),(2843,'J.','Goutsias','goutsias@jhu.edu',0,0,'','','Enabled',NULL,NULL,NULL),(2849,'hadi','khan','fres34@gmail.com',2,NULL,'External','','Enabled','2021-10-06 09:30:43',NULL,NULL),(2850,'test','trail','test@trail.com',15,NULL,'External','sys-defined','Enabled','2021-12-21 01:25:33',NULL,'2021-12-21 01:25:33'),(2851,'test2','trail2','test2@trail.com',15,NULL,'External','ou-dedicated','Enabled','2021-12-21 01:51:44',NULL,'2021-12-21 01:51:44'),(2852,'trail','123','trail@123.com',15,NULL,'External','ou-hybrid','Enabled','2021-12-21 01:58:18',NULL,'2021-12-21 01:58:18'),(2853,'Muhammad','Faisal','faisal@benthamscience.net',18,17,'Both','sys-defined','Enabled','2021-12-21 02:40:01','2021-12-21 02:40:01','2021-12-21 04:48:38');
/*!40000 ALTER TABLE `unsubscriber` ENABLE KEYS */;
UNLOCK TABLES;

--
-- Table structure for table `upload_log`
--

DROP TABLE IF EXISTS `upload_log`;
/*!40101 SET @saved_cs_client     = @@character_set_client */;
/*!50503 SET character_set_client = utf8 */;
CREATE TABLE `upload_log` (
  `log_id` int NOT NULL AUTO_INCREMENT,
  `filename` varchar(50) NOT NULL,
  `CampID` int NOT NULL,
  `AdminID` int NOT NULL,
  `orgunit_id` int NOT NULL,
  `date` timestamp NOT NULL DEFAULT CURRENT_TIMESTAMP,
  PRIMARY KEY (`log_id`)
) ENGINE=InnoDB AUTO_INCREMENT=4 DEFAULT CHARSET=utf8 COLLATE=utf8_general_ci;
/*!40101 SET character_set_client = @saved_cs_client */;

--
-- Dumping data for table `upload_log`
--

LOCK TABLES `upload_log` WRITE;
/*!40000 ALTER TABLE `upload_log` DISABLE KEYS */;
INSERT INTO `upload_log` VALUES (1,'U15-O1-C34-20211221.csv',34,15,1,'2021-12-21 10:31:47'),(2,'U31-O8-C56-20220106.csv',56,31,8,'2022-01-06 09:37:45'),(3,'U15-O-C30-20220120.csv',30,15,0,'2022-01-20 06:52:56');
/*!40000 ALTER TABLE `upload_log` ENABLE KEYS */;
UNLOCK TABLES;
/*!40103 SET TIME_ZONE=@OLD_TIME_ZONE */;

/*!40101 SET SQL_MODE=@OLD_SQL_MODE */;
/*!40014 SET FOREIGN_KEY_CHECKS=@OLD_FOREIGN_KEY_CHECKS */;
/*!40014 SET UNIQUE_CHECKS=@OLD_UNIQUE_CHECKS */;
/*!40101 SET CHARACTER_SET_CLIENT=@OLD_CHARACTER_SET_CLIENT */;
/*!40101 SET CHARACTER_SET_RESULTS=@OLD_CHARACTER_SET_RESULTS */;
/*!40101 SET COLLATION_CONNECTION=@OLD_COLLATION_CONNECTION */;
/*!40111 SET SQL_NOTES=@OLD_SQL_NOTES */;

-- Dump completed on 2022-02-02  0:00:02
